numero_omi,nombre,bandera,anio_construccion,capacidad_teu,eslora,manga,calado_maximo,nombre_naviera
9000000,Buque_000000,Hong Kong,1983,8276,255,17,11,Naviera_005676
9000001,Buque_000001,Singapur,2024,5750,146,33,6,Naviera_004152
9000002,Buque_000002,China,2008,15980,308,54,14,Naviera_000646
9000003,Buque_000003,Alemania,2011,6734,108,29,16,Naviera_002415
9000004,Buque_000004,Panama,2016,19310,96,58,16,Naviera_000372
9000005,Buque_000005,Noruega,2009,7912,96,50,19,Naviera_009852
9000006,Buque_000006,Peru,2008,5589,221,52,6,Naviera_003369
9000007,Buque_000007,Mexico,2023,23985,155,57,15,Naviera_003014
9000008,Buque_000008,Reino Unido,1990,18634,143,29,8,Naviera_004159
9000009,Buque_000009,Noruega,2011,4877,152,17,18,Naviera_009044
9000010,Buque_000010,Chile,2005,2636,57,29,5,Naviera_007895
9000011,Buque_000011,Liberia,2019,14980,297,56,7,Naviera_001042
9000012,Buque_000012,Reino Unido,1991,17896,270,21,13,Naviera_008861
9000013,Buque_000013,Brasil,1980,15680,158,59,12,Naviera_001817
9000014,Buque_000014,Dinamarca,2024,21190,387,21,13,Naviera_002989
9000015,Buque_000015,Brasil,2021,17186,269,38,15,Naviera_009213
9000016,Buque_000016,Espana,2007,22084,371,35,16,Naviera_002073
9000017,Buque_000017,Hong Kong,1994,11382,317,44,5,Naviera_008306
9000018,Buque_000018,Islas Marshall,1996,6395,338,58,15,Naviera_000087
9000019,Buque_000019,Ecuador,1986,19226,347,44,14,Naviera_009187
9000020,Buque_000020,Espana,1991,13448,123,46,6,Naviera_000287
9000021,Buque_000021,Reino Unido,1998,8592,128,55,16,Naviera_005974
9000022,Buque_000022,Alemania,1988,16953,353,32,9,Naviera_005982
9000023,Buque_000023,Islas Marshall,2002,9613,328,11,11,Naviera_008073
9000024,Buque_000024,Reino Unido,2012,18505,327,43,10,Naviera_000505
9000025,Buque_000025,Bahamas,2007,7517,66,57,11,Naviera_007766
9000026,Buque_000026,Islas Marshall,1991,23394,86,15,9,Naviera_005641
9000027,Buque_000027,Mexico,2009,21463,222,53,15,Naviera_000654
9000028,Buque_000028,Estados Unidos,1984,11768,304,48,14,Naviera_009030
9000029,Buque_000029,Japon,1988,3503,115,15,11,Naviera_006875
9000030,Buque_000030,Chile,1986,20141,309,48,9,Naviera_002481
9000031,Buque_000031,Bahamas,2015,14669,347,18,5,Naviera_000470
9000032,Buque_000032,Grecia,2022,3128,73,33,16,Naviera_002969
9000033,Buque_000033,Alemania,1988,21777,364,12,19,Naviera_007070
9000034,Buque_000034,Dinamarca,2013,11557,336,15,11,Naviera_003221
9000035,Buque_000035,Ecuador,1996,6792,129,20,7,Naviera_004529
9000036,Buque_000036,Colombia,1990,18541,311,28,19,Naviera_007969
9000037,Buque_000037,Dinamarca,2016,601,333,54,17,Naviera_001612
9000038,Buque_000038,Malta,2019,7564,351,56,7,Naviera_002378
9000039,Buque_000039,Dinamarca,1995,13522,53,50,11,Naviera_000008
9000040,Buque_000040,Brasil,2017,14109,281,21,7,Naviera_003312
9000041,Buque_000041,Noruega,2020,5915,247,12,11,Naviera_004206
9000042,Buque_000042,Colombia,1989,16013,236,41,13,Naviera_003009
9000043,Buque_000043,Alemania,2012,17413,188,44,7,Naviera_009054
9000044,Buque_000044,Ecuador,2022,20032,112,50,18,Naviera_006753
9000045,Buque_000045,Noruega,2022,812,230,47,7,Naviera_002320
9000046,Buque_000046,Japon,2025,11922,69,43,14,Naviera_003471
9000047,Buque_000047,Chile,1993,13817,258,52,14,Naviera_004777
9000048,Buque_000048,Espana,2003,2190,129,27,6,Naviera_005498
9000049,Buque_000049,Alemania,1998,5827,216,25,5,Naviera_002517
9000050,Buque_000050,Panama,1984,6024,95,48,19,Naviera_007195
9000051,Buque_000051,Islas Marshall,2009,13003,379,37,18,Naviera_003871
9000052,Buque_000052,Islas Marshall,1986,8077,380,51,19,Naviera_009988
9000053,Buque_000053,Mexico,2014,20817,187,18,11,Naviera_005091
9000054,Buque_000054,Bahamas,2008,22434,310,58,13,Naviera_009142
9000055,Buque_000055,Estados Unidos,1996,12879,280,56,5,Naviera_005772
9000056,Buque_000056,Reino Unido,2011,4943,260,57,11,Naviera_003937
9000057,Buque_000057,Peru,2016,13909,73,42,7,Naviera_003899
9000058,Buque_000058,Islas Marshall,2013,18856,258,27,9,Naviera_009134
9000059,Buque_000059,Singapur,2001,9596,357,23,15,Naviera_007657
9000060,Buque_000060,Reino Unido,2023,16675,347,15,16,Naviera_002291
9000061,Buque_000061,Hong Kong,1982,12910,269,35,5,Naviera_009229
9000062,Buque_000062,Chile,2003,7686,395,53,8,Naviera_001573
9000063,Buque_000063,Reino Unido,1986,5525,274,54,11,Naviera_002680
9000064,Buque_000064,Islas Marshall,2001,20945,343,52,11,Naviera_005347
9000065,Buque_000065,Mexico,1990,7290,220,11,16,Naviera_009165
9000066,Buque_000066,Ecuador,2023,3265,282,51,5,Naviera_006459
9000067,Buque_000067,Panama,2006,14774,309,50,8,Naviera_009083
9000068,Buque_000068,Espana,2008,14586,204,55,15,Naviera_004967
9000069,Buque_000069,Peru,1982,13130,234,59,7,Naviera_004142
9000070,Buque_000070,Grecia,2003,14871,391,27,15,Naviera_000535
9000071,Buque_000071,Mexico,2009,8382,112,40,14,Naviera_003142
9000072,Buque_000072,Malta,1994,714,231,30,9,Naviera_008584
9000073,Buque_000073,Singapur,1995,10164,214,52,6,Naviera_007795
9000074,Buque_000074,Malta,1999,22256,72,33,10,Naviera_002755
9000075,Buque_000075,Espana,2025,19540,235,33,11,Naviera_005936
9000076,Buque_000076,Estados Unidos,1998,11195,154,54,8,Naviera_005942
9000077,Buque_000077,Colombia,2025,20078,245,41,17,Naviera_005332
9000078,Buque_000078,Singapur,1994,18927,299,26,19,Naviera_007744
9000079,Buque_000079,Colombia,1992,3809,114,54,17,Naviera_002909
9000080,Buque_000080,China,2017,15883,64,37,18,Naviera_000615
9000081,Buque_000081,China,2023,13923,115,19,18,Naviera_008867
9000082,Buque_000082,Malta,2022,16673,53,44,7,Naviera_001034
9000083,Buque_000083,Japon,2009,11082,266,22,7,Naviera_002649
9000084,Buque_000084,Brasil,1999,18178,266,36,13,Naviera_006603
9000085,Buque_000085,Noruega,2021,21439,147,43,12,Naviera_002671
9000086,Buque_000086,Grecia,1987,5150,276,23,15,Naviera_002544
9000087,Buque_000087,Grecia,2013,3428,303,10,10,Naviera_009394
9000088,Buque_000088,Mexico,1988,9388,88,55,15,Naviera_001644
9000089,Buque_000089,Reino Unido,1988,9460,86,27,18,Naviera_003482
9000090,Buque_000090,Mexico,1991,16405,139,14,11,Naviera_007492
9000091,Buque_000091,Japon,2016,14057,270,43,11,Naviera_009603
9000092,Buque_000092,Noruega,2011,18534,160,11,9,Naviera_007325
9000093,Buque_000093,Bahamas,2012,7081,273,14,16,Naviera_001050
9000094,Buque_000094,Singapur,1996,13206,372,59,8,Naviera_005728
9000095,Buque_000095,Noruega,1982,12882,264,32,12,Naviera_006635
9000096,Buque_000096,Ecuador,2021,2647,229,56,11,Naviera_004837
9000097,Buque_000097,Espana,2004,7589,309,31,8,Naviera_006875
9000098,Buque_000098,Singapur,1989,2936,219,38,14,Naviera_005832
9000099,Buque_000099,Liberia,1980,4440,369,49,14,Naviera_002849
9000100,Buque_000100,Peru,2006,4982,303,17,16,Naviera_001615
9000101,Buque_000101,Colombia,1992,6676,193,32,9,Naviera_004082
9000102,Buque_000102,Peru,1998,17948,390,19,17,Naviera_002841
9000103,Buque_000103,Estados Unidos,2020,6116,379,47,16,Naviera_008042
9000104,Buque_000104,Liberia,2008,2523,270,27,6,Naviera_005294
9000105,Buque_000105,Bahamas,1989,2615,320,40,19,Naviera_008766
9000106,Buque_000106,China,2020,10801,162,29,12,Naviera_002029
9000107,Buque_000107,Estados Unidos,2003,13828,143,31,18,Naviera_007011
9000108,Buque_000108,Ecuador,1995,9842,222,40,10,Naviera_004225
9000109,Buque_000109,Alemania,2022,2213,211,24,13,Naviera_003937
9000110,Buque_000110,Hong Kong,1998,17291,168,38,19,Naviera_002934
9000111,Buque_000111,Japon,1992,10830,170,46,13,Naviera_009249
9000112,Buque_000112,Hong Kong,1985,2165,267,37,9,Naviera_003112
9000113,Buque_000113,Panama,2023,7615,99,17,13,Naviera_005273
9000114,Buque_000114,Dinamarca,1989,576,249,28,15,Naviera_001631
9000115,Buque_000115,Panama,1984,13401,115,36,12,Naviera_000138
9000116,Buque_000116,Islas Marshall,2015,16818,262,26,9,Naviera_009491
9000117,Buque_000117,Dinamarca,2011,20365,123,50,17,Naviera_000102
9000118,Buque_000118,Grecia,1991,21581,255,38,12,Naviera_006281
9000119,Buque_000119,Ecuador,1989,12113,258,17,7,Naviera_006782
9000120,Buque_000120,Noruega,1984,18730,323,49,11,Naviera_006287
9000121,Buque_000121,Hong Kong,2003,13296,349,36,14,Naviera_006707
9000122,Buque_000122,Chile,2023,16857,144,10,10,Naviera_005167
9000123,Buque_000123,Alemania,2014,8163,282,35,5,Naviera_008863
9000124,Buque_000124,Singapur,2022,22642,304,52,10,Naviera_009093
9000125,Buque_000125,Islas Marshall,1988,2642,333,51,6,Naviera_003626
9000126,Buque_000126,Espana,2021,1654,144,36,10,Naviera_005005
9000127,Buque_000127,Grecia,2023,10918,317,18,17,Naviera_008355
9000128,Buque_000128,Islas Marshall,1992,10572,144,40,16,Naviera_004580
9000129,Buque_000129,Mexico,2006,11447,83,18,15,Naviera_008048
9000130,Buque_000130,Estados Unidos,2016,13206,69,21,5,Naviera_008069
9000131,Buque_000131,Islas Marshall,1992,22542,326,37,6,Naviera_001506
9000132,Buque_000132,Malta,2017,17662,179,49,16,Naviera_005839
9000133,Buque_000133,Malta,2024,5548,323,42,5,Naviera_005905
9000134,Buque_000134,Chile,2013,16902,366,56,7,Naviera_001021
9000135,Buque_000135,Liberia,1988,17205,231,52,7,Naviera_008323
9000136,Buque_000136,Bahamas,2012,14840,136,31,17,Naviera_009664
9000137,Buque_000137,Islas Marshall,2012,15221,92,47,19,Naviera_000781
9000138,Buque_000138,Estados Unidos,1997,7708,163,14,7,Naviera_001975
9000139,Buque_000139,Grecia,2000,17115,365,26,10,Naviera_005696
9000140,Buque_000140,Panama,2016,885,302,39,17,Naviera_009639
9000141,Buque_000141,Hong Kong,1994,9505,334,49,11,Naviera_009102
9000142,Buque_000142,Grecia,1999,12803,105,53,13,Naviera_007640
9000143,Buque_000143,Colombia,2022,4160,301,33,15,Naviera_009531
9000144,Buque_000144,Ecuador,2008,4873,382,34,7,Naviera_001753
9000145,Buque_000145,Islas Marshall,2003,12699,235,47,16,Naviera_003886
9000146,Buque_000146,Espana,1995,9535,322,14,12,Naviera_003663
9000147,Buque_000147,Bahamas,2002,11846,231,14,19,Naviera_001949
9000148,Buque_000148,Ecuador,1989,4486,121,14,8,Naviera_009032
9000149,Buque_000149,Grecia,1999,18921,92,32,19,Naviera_004520
9000150,Buque_000150,Panama,1996,14812,65,45,15,Naviera_008737
9000151,Buque_000151,Panama,1983,11172,82,50,14,Naviera_002566
9000152,Buque_000152,Bahamas,2003,2192,99,33,16,Naviera_002976
9000153,Buque_000153,Brasil,2024,12293,347,53,12,Naviera_008427
9000154,Buque_000154,Grecia,2021,22061,324,55,8,Naviera_004300
9000155,Buque_000155,Peru,2014,17650,227,39,18,Naviera_006903
9000156,Buque_000156,Ecuador,1985,13896,142,10,9,Naviera_002840
9000157,Buque_000157,China,2007,1714,81,57,14,Naviera_004629
9000158,Buque_000158,Alemania,2018,18967,397,55,13,Naviera_001328
9000159,Buque_000159,Peru,2008,5503,233,14,9,Naviera_003477
9000160,Buque_000160,Dinamarca,2025,20786,116,44,18,Naviera_000227
9000161,Buque_000161,Singapur,2009,20621,192,17,13,Naviera_008427
9000162,Buque_000162,Panama,2013,4521,326,17,15,Naviera_009337
9000163,Buque_000163,Peru,1994,14201,241,39,6,Naviera_007511
9000164,Buque_000164,Ecuador,1987,22460,124,48,16,Naviera_005178
9000165,Buque_000165,Hong Kong,2004,21393,213,56,12,Naviera_001774
9000166,Buque_000166,Grecia,1993,3623,257,49,9,Naviera_009160
9000167,Buque_000167,Mexico,2006,19353,258,50,14,Naviera_007413
9000168,Buque_000168,Noruega,2024,2308,207,20,12,Naviera_008869
9000169,Buque_000169,Panama,2004,3233,389,19,18,Naviera_004491
9000170,Buque_000170,Hong Kong,1984,19918,309,48,13,Naviera_009106
9000171,Buque_000171,Liberia,1999,23455,395,55,8,Naviera_003518
9000172,Buque_000172,Japon,2014,10416,256,56,9,Naviera_009842
9000173,Buque_000173,Hong Kong,2011,3759,271,17,19,Naviera_000774
9000174,Buque_000174,Bahamas,2013,23918,287,37,11,Naviera_006023
9000175,Buque_000175,Colombia,2021,18729,117,56,16,Naviera_004653
9000176,Buque_000176,Japon,1994,5057,363,55,16,Naviera_001710
9000177,Buque_000177,Chile,2004,9933,124,21,7,Naviera_007699
9000178,Buque_000178,Alemania,2011,7646,126,14,12,Naviera_006018
9000179,Buque_000179,Estados Unidos,2016,4865,143,16,9,Naviera_005026
9000180,Buque_000180,Reino Unido,2024,23345,288,58,6,Naviera_005283
9000181,Buque_000181,Singapur,2021,21860,293,31,13,Naviera_005102
9000182,Buque_000182,Peru,1998,13673,153,20,17,Naviera_003846
9000183,Buque_000183,Malta,2025,773,143,35,7,Naviera_002088
9000184,Buque_000184,Panama,2022,22752,359,45,14,Naviera_003289
9000185,Buque_000185,Ecuador,2016,9405,371,33,19,Naviera_001861
9000186,Buque_000186,Liberia,2024,21305,257,43,7,Naviera_000835
9000187,Buque_000187,Dinamarca,1981,921,382,29,8,Naviera_000249
9000188,Buque_000188,Grecia,2008,12160,190,56,14,Naviera_006069
9000189,Buque_000189,Estados Unidos,1991,17384,139,22,13,Naviera_008452
9000190,Buque_000190,Estados Unidos,2024,16010,128,36,9,Naviera_008393
9000191,Buque_000191,Japon,2023,16516,365,22,10,Naviera_005663
9000192,Buque_000192,Singapur,1997,18957,158,28,15,Naviera_007359
9000193,Buque_000193,Mexico,1983,2864,146,53,7,Naviera_004751
9000194,Buque_000194,Colombia,2016,12267,142,18,11,Naviera_009148
9000195,Buque_000195,Estados Unidos,2005,14878,214,27,16,Naviera_002644
9000196,Buque_000196,Noruega,2025,14863,396,12,7,Naviera_002888
9000197,Buque_000197,Islas Marshall,2002,18880,166,39,10,Naviera_009987
9000198,Buque_000198,Malta,2017,9211,125,49,13,Naviera_005700
9000199,Buque_000199,Liberia,2019,17533,326,41,10,Naviera_003328
9000200,Buque_000200,Malta,1993,23253,76,24,17,Naviera_003903
9000201,Buque_000201,Espana,1999,19436,93,18,15,Naviera_002776
9000202,Buque_000202,Bahamas,2003,3577,311,10,11,Naviera_002318
9000203,Buque_000203,Colombia,1980,18367,244,22,11,Naviera_004646
9000204,Buque_000204,Peru,2005,6532,204,34,6,Naviera_006085
9000205,Buque_000205,Panama,1995,21108,142,26,12,Naviera_003885
9000206,Buque_000206,Bahamas,2009,13233,317,30,12,Naviera_004449
9000207,Buque_000207,Singapur,2023,21961,110,29,12,Naviera_004190
9000208,Buque_000208,Colombia,2012,17557,180,49,15,Naviera_002118
9000209,Buque_000209,Grecia,2018,2536,137,21,14,Naviera_006956
9000210,Buque_000210,Malta,1994,18470,366,19,16,Naviera_004125
9000211,Buque_000211,Noruega,1986,17751,94,46,14,Naviera_004136
9000212,Buque_000212,Grecia,2002,22438,333,38,13,Naviera_008426
9000213,Buque_000213,Estados Unidos,2007,15074,76,31,11,Naviera_006886
9000214,Buque_000214,Malta,1985,3655,189,28,6,Naviera_002524
9000215,Buque_000215,Malta,1993,5266,158,55,6,Naviera_005224
9000216,Buque_000216,Japon,2021,4611,111,57,14,Naviera_008623
9000217,Buque_000217,Hong Kong,2012,14791,222,10,9,Naviera_002146
9000218,Buque_000218,Noruega,2022,22143,171,15,14,Naviera_000500
9000219,Buque_000219,Bahamas,2020,7685,73,22,16,Naviera_000880
9000220,Buque_000220,Estados Unidos,1981,18808,334,22,10,Naviera_000732
9000221,Buque_000221,Bahamas,2023,18480,199,45,17,Naviera_000985
9000222,Buque_000222,Hong Kong,1984,15569,337,47,8,Naviera_003979
9000223,Buque_000223,China,2014,1821,251,15,15,Naviera_000620
9000224,Buque_000224,Espana,2009,21993,250,43,9,Naviera_003961
9000225,Buque_000225,Espana,2020,12159,57,41,7,Naviera_004213
9000226,Buque_000226,Estados Unidos,2003,10017,244,32,14,Naviera_002326
9000227,Buque_000227,Grecia,2018,11045,64,22,12,Naviera_008446
9000228,Buque_000228,Dinamarca,2005,17060,145,55,11,Naviera_003484
9000229,Buque_000229,China,2006,18047,218,12,9,Naviera_006727
9000230,Buque_000230,Mexico,1988,22414,207,22,8,Naviera_001974
9000231,Buque_000231,Dinamarca,2025,22566,399,54,18,Naviera_000067
9000232,Buque_000232,Peru,1986,14976,58,52,15,Naviera_003521
9000233,Buque_000233,Colombia,2019,11742,247,11,9,Naviera_008683
9000234,Buque_000234,Reino Unido,2015,14223,125,36,6,Naviera_006416
9000235,Buque_000235,Japon,2017,11966,389,40,13,Naviera_000446
9000236,Buque_000236,Ecuador,1998,5533,132,25,10,Naviera_004399
9000237,Buque_000237,Ecuador,2003,13651,353,13,9,Naviera_000254
9000238,Buque_000238,Malta,1989,23606,187,12,13,Naviera_001299
9000239,Buque_000239,Noruega,1993,18308,56,47,8,Naviera_000521
9000240,Buque_000240,Dinamarca,1996,3430,135,58,7,Naviera_001506
9000241,Buque_000241,Islas Marshall,2001,19265,214,59,6,Naviera_000666
9000242,Buque_000242,Peru,2014,3317,376,11,18,Naviera_003916
9000243,Buque_000243,Mexico,2007,17887,74,40,18,Naviera_006737
9000244,Buque_000244,Ecuador,2019,20941,70,55,13,Naviera_002631
9000245,Buque_000245,Islas Marshall,2003,13103,319,17,10,Naviera_009503
9000246,Buque_000246,Dinamarca,1998,2079,203,50,17,Naviera_004063
9000247,Buque_000247,China,2021,17099,248,34,10,Naviera_001834
9000248,Buque_000248,China,2007,12786,64,31,11,Naviera_001117
9000249,Buque_000249,Hong Kong,2011,13712,253,40,19,Naviera_004757
9000250,Buque_000250,Estados Unidos,1992,5375,163,54,5,Naviera_002355
9000251,Buque_000251,Grecia,2013,971,164,20,7,Naviera_009347
9000252,Buque_000252,Colombia,1986,12716,381,21,17,Naviera_000445
9000253,Buque_000253,Brasil,2024,12221,264,57,13,Naviera_003188
9000254,Buque_000254,Peru,1997,14568,170,37,18,Naviera_009746
9000255,Buque_000255,China,1988,2312,248,31,7,Naviera_008476
9000256,Buque_000256,Reino Unido,2017,6756,96,55,15,Naviera_006592
9000257,Buque_000257,Malta,2023,21338,82,16,7,Naviera_002602
9000258,Buque_000258,Bahamas,1983,23521,223,22,9,Naviera_005137
9000259,Buque_000259,Reino Unido,2012,22784,179,37,11,Naviera_002186
9000260,Buque_000260,Chile,2018,10119,202,16,6,Naviera_009214
9000261,Buque_000261,Noruega,2019,20109,91,27,12,Naviera_008512
9000262,Buque_000262,Reino Unido,2023,22516,170,47,14,Naviera_003021
9000263,Buque_000263,Chile,2005,5944,177,20,19,Naviera_004412
9000264,Buque_000264,Ecuador,1981,950,65,11,6,Naviera_000489
9000265,Buque_000265,Brasil,2019,21597,229,14,9,Naviera_005465
9000266,Buque_000266,Espana,2009,10177,121,56,9,Naviera_003105
9000267,Buque_000267,Ecuador,2018,15378,99,34,12,Naviera_001941
9000268,Buque_000268,Japon,1987,3744,287,37,11,Naviera_006692
9000269,Buque_000269,Estados Unidos,1990,2266,151,11,9,Naviera_008373
9000270,Buque_000270,Bahamas,2005,13127,143,33,8,Naviera_007953
9000271,Buque_000271,Hong Kong,2016,14551,96,41,18,Naviera_002602
9000272,Buque_000272,Panama,1984,22426,322,26,19,Naviera_004808
9000273,Buque_000273,Panama,1987,19120,107,59,11,Naviera_009023
9000274,Buque_000274,Reino Unido,2017,11275,107,57,17,Naviera_006454
9000275,Buque_000275,Grecia,1983,14827,390,22,14,Naviera_003454
9000276,Buque_000276,Peru,2010,2022,190,45,5,Naviera_006334
9000277,Buque_000277,Espana,2023,17405,308,53,14,Naviera_006189
9000278,Buque_000278,China,2002,12476,91,46,15,Naviera_008072
9000279,Buque_000279,China,1987,20293,125,50,11,Naviera_004487
9000280,Buque_000280,Panama,2011,20350,143,51,7,Naviera_008377
9000281,Buque_000281,Dinamarca,2018,21732,206,45,16,Naviera_008397
9000282,Buque_000282,Dinamarca,1997,10894,112,10,13,Naviera_001433
9000283,Buque_000283,Brasil,2006,16522,267,52,17,Naviera_000188
9000284,Buque_000284,China,1994,10828,201,43,9,Naviera_006034
9000285,Buque_000285,Peru,1987,22147,361,19,5,Naviera_003741
9000286,Buque_000286,Peru,2001,909,210,56,19,Naviera_008798
9000287,Buque_000287,Reino Unido,2002,7362,351,33,8,Naviera_008532
9000288,Buque_000288,Panama,2003,11869,171,36,18,Naviera_006653
9000289,Buque_000289,Chile,1991,21533,291,29,7,Naviera_006646
9000290,Buque_000290,Alemania,2019,5399,384,28,7,Naviera_005559
9000291,Buque_000291,Hong Kong,2002,9834,94,20,7,Naviera_007767
9000292,Buque_000292,Liberia,2021,5439,377,32,11,Naviera_000666
9000293,Buque_000293,Hong Kong,1996,8217,256,38,12,Naviera_003280
9000294,Buque_000294,Singapur,1981,6665,173,10,10,Naviera_004518
9000295,Buque_000295,Japon,2018,21970,325,22,10,Naviera_007920
9000296,Buque_000296,Espana,2021,20986,208,12,5,Naviera_005408
9000297,Buque_000297,China,2006,19004,199,12,17,Naviera_008297
9000298,Buque_000298,Islas Marshall,2002,10546,68,16,18,Naviera_002757
9000299,Buque_000299,Malta,2002,4805,112,36,17,Naviera_007895
9000300,Buque_000300,Grecia,1989,6730,316,48,10,Naviera_007118
9000301,Buque_000301,Malta,2025,11728,276,45,5,Naviera_006140
9000302,Buque_000302,Japon,2001,12618,284,38,7,Naviera_008111
9000303,Buque_000303,Liberia,1988,4944,128,59,13,Naviera_009940
9000304,Buque_000304,Ecuador,2009,20443,116,38,10,Naviera_000643
9000305,Buque_000305,Chile,1982,4947,297,55,9,Naviera_006257
9000306,Buque_000306,Dinamarca,2004,15934,212,50,15,Naviera_003235
9000307,Buque_000307,Hong Kong,2004,7269,187,29,16,Naviera_009498
9000308,Buque_000308,Mexico,2008,21004,181,11,17,Naviera_004670
9000309,Buque_000309,Japon,2014,20508,326,37,16,Naviera_006380
9000310,Buque_000310,Colombia,2021,19951,180,19,11,Naviera_000272
9000311,Buque_000311,Hong Kong,2002,14207,350,36,9,Naviera_007791
9000312,Buque_000312,Noruega,2011,19429,106,45,14,Naviera_000582
9000313,Buque_000313,Peru,2016,2107,365,19,6,Naviera_000782
9000314,Buque_000314,Hong Kong,2002,13130,192,28,11,Naviera_005702
9000315,Buque_000315,Singapur,2003,10579,396,44,7,Naviera_005100
9000316,Buque_000316,Alemania,1984,12940,82,37,17,Naviera_009635
9000317,Buque_000317,Liberia,1999,1588,84,11,11,Naviera_007455
9000318,Buque_000318,Dinamarca,1987,11863,231,49,17,Naviera_003618
9000319,Buque_000319,Malta,2023,5583,381,58,10,Naviera_009752
9000320,Buque_000320,Liberia,2021,17688,190,33,7,Naviera_001807
9000321,Buque_000321,Grecia,2002,10529,106,57,13,Naviera_006439
9000322,Buque_000322,Colombia,1996,14543,241,43,12,Naviera_004401
9000323,Buque_000323,Islas Marshall,1998,15823,313,55,11,Naviera_002620
9000324,Buque_000324,Colombia,1984,20867,181,30,13,Naviera_003183
9000325,Buque_000325,Japon,1981,739,51,38,15,Naviera_001163
9000326,Buque_000326,Islas Marshall,1993,5726,337,26,19,Naviera_008216
9000327,Buque_000327,Japon,2024,15452,281,24,9,Naviera_003394
9000328,Buque_000328,Dinamarca,2008,20745,314,29,11,Naviera_007706
9000329,Buque_000329,China,1994,12136,322,47,12,Naviera_002455
9000330,Buque_000330,Grecia,1995,16292,383,39,16,Naviera_005903
9000331,Buque_000331,Mexico,1997,19150,355,46,10,Naviera_003120
9000332,Buque_000332,Panama,1984,13255,52,33,9,Naviera_005582
9000333,Buque_000333,Mexico,1993,573,206,57,7,Naviera_004069
9000334,Buque_000334,Peru,2015,23652,115,59,6,Naviera_002416
9000335,Buque_000335,Noruega,1991,22132,321,17,9,Naviera_003245
9000336,Buque_000336,Hong Kong,2008,14709,356,56,9,Naviera_002521
9000337,Buque_000337,Alemania,1986,4100,149,49,16,Naviera_006107
9000338,Buque_000338,Reino Unido,2013,877,313,31,10,Naviera_008357
9000339,Buque_000339,Ecuador,2020,23625,147,44,5,Naviera_006884
9000340,Buque_000340,Alemania,1995,17734,297,41,11,Naviera_002629
9000341,Buque_000341,Alemania,1990,5057,254,50,8,Naviera_007950
9000342,Buque_000342,Dinamarca,2011,7026,285,29,17,Naviera_003934
9000343,Buque_000343,Liberia,1993,11335,310,43,5,Naviera_003881
9000344,Buque_000344,Dinamarca,2005,21098,283,29,12,Naviera_005023
9000345,Buque_000345,China,2003,19272,349,34,19,Naviera_007667
9000346,Buque_000346,Mexico,2011,8509,55,26,7,Naviera_000976
9000347,Buque_000347,Grecia,1987,4882,128,38,10,Naviera_006582
9000348,Buque_000348,Japon,1980,13183,74,42,14,Naviera_002947
9000349,Buque_000349,Grecia,1999,16279,361,32,15,Naviera_005283
9000350,Buque_000350,Islas Marshall,1995,9143,101,18,19,Naviera_002088
9000351,Buque_000351,Peru,1989,8167,92,35,19,Naviera_007828
9000352,Buque_000352,Peru,2002,6498,171,54,13,Naviera_008457
9000353,Buque_000353,Dinamarca,2018,11132,186,46,6,Naviera_007255
9000354,Buque_000354,Espana,2020,3845,352,40,17,Naviera_001932
9000355,Buque_000355,Colombia,2014,7139,239,27,9,Naviera_008421
9000356,Buque_000356,Ecuador,2002,13141,281,20,8,Naviera_001434
9000357,Buque_000357,Brasil,1982,13387,320,22,16,Naviera_002028
9000358,Buque_000358,Japon,2013,22307,188,56,13,Naviera_007547
9000359,Buque_000359,Singapur,2014,17894,351,41,10,Naviera_003596
9000360,Buque_000360,Hong Kong,1981,9261,167,14,8,Naviera_005202
9000361,Buque_000361,Malta,2002,1822,145,51,11,Naviera_007883
9000362,Buque_000362,Colombia,1989,10081,141,49,9,Naviera_009627
9000363,Buque_000363,Noruega,1980,11483,63,46,16,Naviera_005131
9000364,Buque_000364,Estados Unidos,2022,22563,306,31,14,Naviera_003770
9000365,Buque_000365,Singapur,2014,1175,237,17,6,Naviera_007268
9000366,Buque_000366,Chile,1984,627,189,14,15,Naviera_005157
9000367,Buque_000367,Japon,2015,4535,285,48,11,Naviera_002968
9000368,Buque_000368,Chile,1996,16934,212,45,9,Naviera_007079
9000369,Buque_000369,China,1992,7217,78,47,11,Naviera_007209
9000370,Buque_000370,Alemania,2002,10232,175,52,9,Naviera_007435
9000371,Buque_000371,Hong Kong,2018,19647,314,24,5,Naviera_004789
9000372,Buque_000372,Brasil,1995,12045,353,38,17,Naviera_001626
9000373,Buque_000373,Colombia,2001,15187,316,57,19,Naviera_002959
9000374,Buque_000374,China,2012,5370,363,24,14,Naviera_003107
9000375,Buque_000375,Chile,2022,6636,339,48,9,Naviera_001364
9000376,Buque_000376,Ecuador,1992,21487,159,54,5,Naviera_004777
9000377,Buque_000377,Grecia,1998,1340,320,43,9,Naviera_000425
9000378,Buque_000378,Brasil,2018,20167,299,27,5,Naviera_009687
9000379,Buque_000379,Liberia,2010,10573,183,12,7,Naviera_008026
9000380,Buque_000380,Alemania,2011,3885,111,22,13,Naviera_003097
9000381,Buque_000381,Liberia,1983,9087,237,47,7,Naviera_006908
9000382,Buque_000382,Alemania,2000,1084,129,56,10,Naviera_004996
9000383,Buque_000383,Liberia,1985,11786,292,40,9,Naviera_001068
9000384,Buque_000384,Reino Unido,1991,16578,300,55,10,Naviera_007183
9000385,Buque_000385,Colombia,1985,6762,106,23,19,Naviera_009986
9000386,Buque_000386,Singapur,2025,9300,341,53,12,Naviera_000349
9000387,Buque_000387,Estados Unidos,2007,11210,298,39,16,Naviera_009039
9000388,Buque_000388,Dinamarca,1999,21970,384,54,6,Naviera_008228
9000389,Buque_000389,Panama,2021,15575,87,31,12,Naviera_001296
9000390,Buque_000390,Mexico,2021,8633,50,19,13,Naviera_003493
9000391,Buque_000391,Singapur,1981,5273,355,27,6,Naviera_006649
9000392,Buque_000392,Singapur,2018,15950,298,29,14,Naviera_000173
9000393,Buque_000393,Reino Unido,2024,4523,83,50,7,Naviera_009576
9000394,Buque_000394,Mexico,1991,10305,126,51,6,Naviera_009997
9000395,Buque_000395,Chile,1989,879,386,31,13,Naviera_006465
9000396,Buque_000396,Chile,1986,20203,226,59,13,Naviera_007330
9000397,Buque_000397,Noruega,1982,14146,195,53,7,Naviera_007034
9000398,Buque_000398,Peru,2012,12078,77,42,9,Naviera_003800
9000399,Buque_000399,Hong Kong,1992,17361,97,59,19,Naviera_005274
9000400,Buque_000400,Espana,1983,13211,349,55,10,Naviera_003948
9000401,Buque_000401,Ecuador,2013,22225,94,46,16,Naviera_007936
9000402,Buque_000402,Dinamarca,2004,14559,153,45,12,Naviera_003283
9000403,Buque_000403,Japon,1996,12124,234,53,18,Naviera_002546
9000404,Buque_000404,Dinamarca,2000,2008,122,54,13,Naviera_000283
9000405,Buque_000405,Singapur,2013,9498,209,46,19,Naviera_008401
9000406,Buque_000406,Brasil,1994,12271,211,56,17,Naviera_007262
9000407,Buque_000407,China,1995,3579,354,15,7,Naviera_006183
9000408,Buque_000408,Grecia,1983,18690,240,59,14,Naviera_006725
9000409,Buque_000409,Japon,2018,16731,386,49,9,Naviera_006495
9000410,Buque_000410,Mexico,2025,21559,247,47,10,Naviera_009181
9000411,Buque_000411,Liberia,2011,8594,293,56,19,Naviera_005711
9000412,Buque_000412,Reino Unido,2002,12126,56,26,18,Naviera_002305
9000413,Buque_000413,Peru,2020,8771,334,46,18,Naviera_002628
9000414,Buque_000414,China,2019,8071,372,16,13,Naviera_009531
9000415,Buque_000415,Chile,2015,20210,302,55,10,Naviera_004428
9000416,Buque_000416,Panama,2004,23338,341,32,19,Naviera_002995
9000417,Buque_000417,Peru,1995,8415,112,45,9,Naviera_007193
9000418,Buque_000418,Peru,2013,13839,79,11,8,Naviera_000037
9000419,Buque_000419,Malta,2023,11367,345,44,5,Naviera_004738
9000420,Buque_000420,Brasil,1994,19697,339,55,17,Naviera_008915
9000421,Buque_000421,Reino Unido,2016,10492,161,49,6,Naviera_004435
9000422,Buque_000422,Chile,2014,18621,300,14,17,Naviera_007839
9000423,Buque_000423,Dinamarca,2006,17013,331,20,10,Naviera_000007
9000424,Buque_000424,Alemania,2019,18762,316,19,5,Naviera_005497
9000425,Buque_000425,Estados Unidos,2018,19669,308,54,15,Naviera_005952
9000426,Buque_000426,Islas Marshall,1987,23814,83,54,10,Naviera_007780
9000427,Buque_000427,Ecuador,2015,15769,361,10,8,Naviera_003836
9000428,Buque_000428,Brasil,1996,17515,373,38,16,Naviera_005497
9000429,Buque_000429,Chile,1981,2381,128,45,9,Naviera_002236
9000430,Buque_000430,Grecia,2019,16494,128,40,16,Naviera_007436
9000431,Buque_000431,Estados Unidos,1998,7556,379,51,17,Naviera_002972
9000432,Buque_000432,Colombia,1992,3148,342,39,16,Naviera_006323
9000433,Buque_000433,Liberia,2020,13328,217,55,5,Naviera_005322
9000434,Buque_000434,Peru,2018,13949,62,18,17,Naviera_000391
9000435,Buque_000435,Brasil,2002,16027,329,55,17,Naviera_006892
9000436,Buque_000436,Espana,1982,23006,358,19,7,Naviera_009700
9000437,Buque_000437,Brasil,2015,11675,371,47,10,Naviera_009911
9000438,Buque_000438,Panama,1996,15459,313,17,16,Naviera_005799
9000439,Buque_000439,Brasil,2015,16780,142,20,17,Naviera_000999
9000440,Buque_000440,Mexico,2016,2695,203,13,15,Naviera_004434
9000441,Buque_000441,Brasil,1982,13991,92,54,17,Naviera_006773
9000442,Buque_000442,Hong Kong,2023,7638,291,29,14,Naviera_002339
9000443,Buque_000443,Alemania,1980,7558,166,51,16,Naviera_008545
9000444,Buque_000444,Espana,1994,10246,113,19,17,Naviera_004847
9000445,Buque_000445,Ecuador,1998,13423,307,29,8,Naviera_000573
9000446,Buque_000446,Colombia,1989,7954,169,53,9,Naviera_007912
9000447,Buque_000447,Malta,1997,11320,172,27,7,Naviera_004649
9000448,Buque_000448,Alemania,2022,18004,219,49,19,Naviera_005396
9000449,Buque_000449,Ecuador,1989,11810,186,33,16,Naviera_008469
9000450,Buque_000450,Ecuador,1991,17916,148,41,7,Naviera_004411
9000451,Buque_000451,Mexico,2003,15952,219,12,10,Naviera_006224
9000452,Buque_000452,Peru,2013,20304,253,37,5,Naviera_004149
9000453,Buque_000453,Islas Marshall,2003,12147,189,44,12,Naviera_009944
9000454,Buque_000454,Singapur,2013,7820,363,53,10,Naviera_002025
9000455,Buque_000455,Brasil,1986,18963,204,19,17,Naviera_003023
9000456,Buque_000456,Grecia,1999,21789,335,37,13,Naviera_007262
9000457,Buque_000457,Panama,2018,2094,97,14,15,Naviera_009195
9000458,Buque_000458,Mexico,2020,16044,155,39,8,Naviera_003853
9000459,Buque_000459,Japon,2013,18610,68,43,12,Naviera_004254
9000460,Buque_000460,Panama,1992,9127,318,50,5,Naviera_005719
9000461,Buque_000461,Estados Unidos,2004,7423,269,58,18,Naviera_007479
9000462,Buque_000462,Espana,2025,23661,65,26,19,Naviera_001428
9000463,Buque_000463,Islas Marshall,1987,23793,129,25,13,Naviera_001779
9000464,Buque_000464,Ecuador,2023,7236,351,34,15,Naviera_006503
9000465,Buque_000465,Brasil,2007,20736,214,44,5,Naviera_009385
9000466,Buque_000466,Grecia,1983,13037,319,56,14,Naviera_006570
9000467,Buque_000467,Liberia,1999,11952,257,54,19,Naviera_006681
9000468,Buque_000468,Malta,2004,15935,83,31,17,Naviera_001243
9000469,Buque_000469,Reino Unido,1993,13277,163,12,5,Naviera_002011
9000470,Buque_000470,Chile,2009,13540,384,31,10,Naviera_008366
9000471,Buque_000471,Noruega,1987,22412,233,16,10,Naviera_000021
9000472,Buque_000472,Colombia,2007,944,244,24,16,Naviera_004590
9000473,Buque_000473,Japon,2024,8625,305,33,9,Naviera_004053
9000474,Buque_000474,Singapur,2013,8019,276,13,9,Naviera_008252
9000475,Buque_000475,Grecia,2022,16364,246,59,19,Naviera_009590
9000476,Buque_000476,Dinamarca,1983,10592,97,35,8,Naviera_008500
9000477,Buque_000477,Estados Unidos,1980,2573,64,56,13,Naviera_002688
9000478,Buque_000478,Dinamarca,2001,18118,91,51,14,Naviera_007330
9000479,Buque_000479,Noruega,2013,5805,165,21,7,Naviera_006258
9000480,Buque_000480,Islas Marshall,1982,3509,384,59,15,Naviera_001115
9000481,Buque_000481,Colombia,1990,22630,216,47,16,Naviera_002924
9000482,Buque_000482,China,2023,19038,265,57,7,Naviera_007454
9000483,Buque_000483,Chile,2012,15459,248,46,13,Naviera_003037
9000484,Buque_000484,Islas Marshall,1986,9033,342,11,12,Naviera_009037
9000485,Buque_000485,Chile,2018,7565,199,58,11,Naviera_007295
9000486,Buque_000486,Islas Marshall,1995,19285,392,13,8,Naviera_009614
9000487,Buque_000487,Colombia,2019,3367,298,15,15,Naviera_004449
9000488,Buque_000488,Islas Marshall,2010,8258,340,28,7,Naviera_006100
9000489,Buque_000489,Panama,1996,17644,240,16,9,Naviera_001530
9000490,Buque_000490,Noruega,1983,20504,281,55,8,Naviera_005667
9000491,Buque_000491,Panama,1986,15415,215,36,12,Naviera_006229
9000492,Buque_000492,China,2004,20284,378,24,15,Naviera_004108
9000493,Buque_000493,Ecuador,1987,13966,335,11,6,Naviera_004215
9000494,Buque_000494,Bahamas,1995,5851,241,41,5,Naviera_008831
9000495,Buque_000495,Ecuador,2003,23710,350,25,8,Naviera_000527
9000496,Buque_000496,Colombia,1980,6587,170,13,10,Naviera_000173
9000497,Buque_000497,Noruega,2024,3344,194,43,5,Naviera_008052
9000498,Buque_000498,Panama,2012,19389,389,36,7,Naviera_002734
9000499,Buque_000499,Panama,2023,7664,95,55,9,Naviera_006748
9000500,Buque_000500,Singapur,1982,12601,73,56,5,Naviera_008022
9000501,Buque_000501,Alemania,2004,4118,196,17,13,Naviera_007413
9000502,Buque_000502,Alemania,2013,10492,165,25,18,Naviera_004485
9000503,Buque_000503,Brasil,2015,8630,222,35,18,Naviera_002441
9000504,Buque_000504,Grecia,2011,6755,373,20,8,Naviera_001367
9000505,Buque_000505,Noruega,2020,13039,112,39,14,Naviera_009925
9000506,Buque_000506,Bahamas,1982,18712,107,53,6,Naviera_004111
9000507,Buque_000507,Hong Kong,2016,3939,102,18,8,Naviera_004473
9000508,Buque_000508,Panama,1982,16022,120,30,5,Naviera_001218
9000509,Buque_000509,Grecia,1989,8438,262,46,17,Naviera_008210
9000510,Buque_000510,Noruega,2011,3149,352,54,6,Naviera_007186
9000511,Buque_000511,Malta,1990,23611,317,47,16,Naviera_003091
9000512,Buque_000512,Peru,1992,13497,321,24,6,Naviera_006956
9000513,Buque_000513,Hong Kong,2020,12448,238,31,10,Naviera_003779
9000514,Buque_000514,Colombia,2012,6188,108,52,8,Naviera_008803
9000515,Buque_000515,Bahamas,1996,16592,107,19,10,Naviera_006714
9000516,Buque_000516,Hong Kong,2021,14035,294,42,9,Naviera_005615
9000517,Buque_000517,Hong Kong,2000,19998,202,59,17,Naviera_004149
9000518,Buque_000518,Hong Kong,2016,2682,157,58,7,Naviera_005529
9000519,Buque_000519,China,2003,14112,274,45,15,Naviera_000766
9000520,Buque_000520,Dinamarca,1998,3827,268,40,9,Naviera_009080
9000521,Buque_000521,Alemania,2013,2009,338,40,19,Naviera_000422
9000522,Buque_000522,Colombia,1998,9011,357,17,19,Naviera_006797
9000523,Buque_000523,Grecia,1987,13942,296,51,18,Naviera_005164
9000524,Buque_000524,Ecuador,1984,6436,313,48,15,Naviera_008076
9000525,Buque_000525,Bahamas,1986,16980,360,44,9,Naviera_003858
9000526,Buque_000526,Estados Unidos,1996,9726,86,57,15,Naviera_002648
9000527,Buque_000527,Peru,1998,10945,331,52,13,Naviera_004870
9000528,Buque_000528,Bahamas,1980,17444,266,52,14,Naviera_001364
9000529,Buque_000529,Peru,1991,2464,275,46,6,Naviera_004089
9000530,Buque_000530,Alemania,2014,14007,149,43,12,Naviera_003083
9000531,Buque_000531,Islas Marshall,1989,17081,101,42,16,Naviera_001023
9000532,Buque_000532,Japon,2017,11471,110,19,14,Naviera_004047
9000533,Buque_000533,Japon,2003,10818,268,32,12,Naviera_007418
9000534,Buque_000534,Ecuador,1985,20480,137,58,17,Naviera_009161
9000535,Buque_000535,Singapur,2011,9607,210,54,19,Naviera_009462
9000536,Buque_000536,Reino Unido,1987,22115,357,43,13,Naviera_000754
9000537,Buque_000537,China,1990,2674,125,57,5,Naviera_000770
9000538,Buque_000538,Chile,2001,11572,249,37,11,Naviera_009259
9000539,Buque_000539,Malta,1983,8405,151,37,12,Naviera_006033
9000540,Buque_000540,Hong Kong,2004,14126,243,37,15,Naviera_009043
9000541,Buque_000541,Grecia,1981,21277,320,58,19,Naviera_006229
9000542,Buque_000542,Japon,2000,1430,199,27,19,Naviera_008086
9000543,Buque_000543,Peru,2025,22411,57,50,13,Naviera_003143
9000544,Buque_000544,Panama,1987,23550,276,51,16,Naviera_008334
9000545,Buque_000545,Singapur,1985,23216,372,49,12,Naviera_002568
9000546,Buque_000546,Malta,1991,20635,118,51,10,Naviera_004181
9000547,Buque_000547,Dinamarca,2014,2209,344,59,5,Naviera_008770
9000548,Buque_000548,Hong Kong,1981,9444,239,11,9,Naviera_004392
9000549,Buque_000549,Bahamas,1981,22045,340,26,7,Naviera_009980
9000550,Buque_000550,Liberia,2006,15266,255,39,5,Naviera_007399
9000551,Buque_000551,Brasil,2020,12191,374,49,10,Naviera_003563
9000552,Buque_000552,Reino Unido,2013,16846,336,14,16,Naviera_002720
9000553,Buque_000553,Reino Unido,2010,5007,134,47,18,Naviera_006139
9000554,Buque_000554,China,1994,12414,280,41,5,Naviera_006658
9000555,Buque_000555,Alemania,2001,2422,354,45,19,Naviera_009709
9000556,Buque_000556,Peru,1984,4319,206,32,12,Naviera_003608
9000557,Buque_000557,Brasil,2003,8905,385,42,14,Naviera_001952
9000558,Buque_000558,Dinamarca,1994,20170,217,39,10,Naviera_004563
9000559,Buque_000559,Grecia,1997,18048,67,55,12,Naviera_008957
9000560,Buque_000560,Peru,1989,2658,351,16,6,Naviera_007821
9000561,Buque_000561,Liberia,2016,2498,290,34,7,Naviera_003147
9000562,Buque_000562,Ecuador,1981,10581,169,55,6,Naviera_008836
9000563,Buque_000563,Liberia,1985,9230,153,43,10,Naviera_000016
9000564,Buque_000564,Hong Kong,1992,17553,78,59,15,Naviera_004457
9000565,Buque_000565,Colombia,2025,12355,369,22,14,Naviera_002915
9000566,Buque_000566,Bahamas,2002,19284,129,48,9,Naviera_006864
9000567,Buque_000567,Alemania,1987,7765,260,52,5,Naviera_002030
9000568,Buque_000568,Japon,2018,12145,340,22,10,Naviera_002066
9000569,Buque_000569,Espana,2020,12966,66,39,8,Naviera_006693
9000570,Buque_000570,Reino Unido,2001,3527,143,17,16,Naviera_003932
9000571,Buque_000571,China,2006,18218,238,42,5,Naviera_006877
9000572,Buque_000572,Liberia,2025,7424,287,23,7,Naviera_003513
9000573,Buque_000573,Reino Unido,2005,8762,117,50,16,Naviera_006476
9000574,Buque_000574,Islas Marshall,2011,8144,299,10,5,Naviera_009164
9000575,Buque_000575,Brasil,1989,12951,252,30,14,Naviera_002300
9000576,Buque_000576,Peru,2000,20884,321,29,9,Naviera_005825
9000577,Buque_000577,Mexico,1997,3412,307,29,18,Naviera_008110
9000578,Buque_000578,Liberia,2003,10774,368,37,5,Naviera_006751
9000579,Buque_000579,Noruega,2018,13773,69,16,19,Naviera_000304
9000580,Buque_000580,Panama,1981,3071,398,53,9,Naviera_000349
9000581,Buque_000581,Colombia,2011,13335,341,39,18,Naviera_003540
9000582,Buque_000582,Reino Unido,1998,21309,187,32,14,Naviera_006172
9000583,Buque_000583,Panama,2009,14378,212,19,13,Naviera_007117
9000584,Buque_000584,Dinamarca,2020,22276,337,25,7,Naviera_006767
9000585,Buque_000585,Bahamas,2007,23192,322,10,12,Naviera_002397
9000586,Buque_000586,Estados Unidos,1993,13905,197,48,5,Naviera_005727
9000587,Buque_000587,Colombia,1989,1017,284,59,9,Naviera_005180
9000588,Buque_000588,Panama,2025,2576,329,56,16,Naviera_001198
9000589,Buque_000589,Malta,2005,7013,333,49,16,Naviera_009461
9000590,Buque_000590,Dinamarca,2013,7923,193,25,15,Naviera_003510
9000591,Buque_000591,Grecia,2025,17349,113,48,13,Naviera_000179
9000592,Buque_000592,Mexico,2024,20380,142,23,12,Naviera_007057
9000593,Buque_000593,Estados Unidos,2000,15409,362,52,8,Naviera_008329
9000594,Buque_000594,Espana,2002,10528,79,49,14,Naviera_005445
9000595,Buque_000595,Japon,1995,16395,64,10,17,Naviera_004012
9000596,Buque_000596,Malta,1987,11285,58,44,15,Naviera_001417
9000597,Buque_000597,Panama,1998,11572,256,26,6,Naviera_002435
9000598,Buque_000598,Colombia,2016,21649,252,10,19,Naviera_001039
9000599,Buque_000599,Hong Kong,1986,11894,231,41,9,Naviera_000430
9000600,Buque_000600,Peru,1981,19439,153,57,13,Naviera_000853
9000601,Buque_000601,Bahamas,2014,9079,329,57,15,Naviera_004297
9000602,Buque_000602,Japon,1991,1933,181,47,16,Naviera_000827
9000603,Buque_000603,Bahamas,1991,23369,358,15,19,Naviera_004078
9000604,Buque_000604,Ecuador,2016,20160,311,32,10,Naviera_006923
9000605,Buque_000605,Hong Kong,1990,5751,391,18,9,Naviera_004272
9000606,Buque_000606,Reino Unido,2018,6487,346,44,5,Naviera_009270
9000607,Buque_000607,Mexico,1999,5708,164,33,17,Naviera_008614
9000608,Buque_000608,Ecuador,2006,12242,164,24,11,Naviera_001816
9000609,Buque_000609,Panama,1982,15907,123,48,18,Naviera_005524
9000610,Buque_000610,Panama,2000,1615,256,37,18,Naviera_009106
9000611,Buque_000611,Estados Unidos,1997,10472,301,52,13,Naviera_006434
9000612,Buque_000612,Brasil,2004,17355,145,13,16,Naviera_001754
9000613,Buque_000613,Ecuador,2022,19976,114,16,15,Naviera_009322
9000614,Buque_000614,Alemania,2014,17571,104,28,17,Naviera_000681
9000615,Buque_000615,Alemania,2005,7590,111,44,5,Naviera_002960
9000616,Buque_000616,Grecia,2003,18813,259,51,18,Naviera_008339
9000617,Buque_000617,Singapur,1993,15148,200,21,12,Naviera_005871
9000618,Buque_000618,Japon,1986,15374,377,54,9,Naviera_006158
9000619,Buque_000619,Singapur,1982,1960,93,31,8,Naviera_002323
9000620,Buque_000620,Liberia,1998,12358,284,39,5,Naviera_007616
9000621,Buque_000621,Singapur,2017,8893,360,36,16,Naviera_002513
9000622,Buque_000622,Colombia,1996,14114,311,50,8,Naviera_005740
9000623,Buque_000623,Estados Unidos,1992,16547,363,32,12,Naviera_000054
9000624,Buque_000624,Dinamarca,2017,7364,172,20,17,Naviera_006526
9000625,Buque_000625,Dinamarca,2010,5070,200,50,6,Naviera_001613
9000626,Buque_000626,Liberia,1985,10633,395,18,9,Naviera_002836
9000627,Buque_000627,Estados Unidos,1985,22674,239,51,7,Naviera_000976
9000628,Buque_000628,Espana,1982,5994,311,29,16,Naviera_000689
9000629,Buque_000629,Alemania,2020,12131,178,29,10,Naviera_008299
9000630,Buque_000630,Bahamas,2013,19099,220,39,13,Naviera_005742
9000631,Buque_000631,Colombia,1990,3850,290,42,16,Naviera_008755
9000632,Buque_000632,Espana,2018,13846,134,36,8,Naviera_002291
9000633,Buque_000633,China,2021,19291,384,16,11,Naviera_004593
9000634,Buque_000634,Bahamas,2013,23998,286,50,7,Naviera_006149
9000635,Buque_000635,Espana,2015,5845,207,57,13,Naviera_006767
9000636,Buque_000636,Panama,1991,3708,245,11,12,Naviera_007350
9000637,Buque_000637,Ecuador,1986,15320,356,45,10,Naviera_007836
9000638,Buque_000638,Bahamas,1995,12617,122,34,11,Naviera_007587
9000639,Buque_000639,Dinamarca,2012,13544,58,38,6,Naviera_004244
9000640,Buque_000640,Noruega,1991,12382,286,26,10,Naviera_000568
9000641,Buque_000641,Hong Kong,1994,19101,273,38,11,Naviera_001168
9000642,Buque_000642,Japon,2007,23284,203,30,13,Naviera_004150
9000643,Buque_000643,Espana,2006,14849,232,45,13,Naviera_008960
9000644,Buque_000644,Reino Unido,2000,4491,167,27,10,Naviera_007039
9000645,Buque_000645,Liberia,2023,19920,380,52,15,Naviera_007659
9000646,Buque_000646,Malta,2004,19287,154,18,9,Naviera_000648
9000647,Buque_000647,Alemania,2025,5176,93,54,11,Naviera_008756
9000648,Buque_000648,Grecia,2013,15983,52,34,9,Naviera_005231
9000649,Buque_000649,Panama,2014,20114,246,18,9,Naviera_004756
9000650,Buque_000650,Grecia,2025,22422,214,41,7,Naviera_003750
9000651,Buque_000651,Liberia,1995,16157,221,38,19,Naviera_001544
9000652,Buque_000652,Hong Kong,1990,15924,368,59,8,Naviera_000718
9000653,Buque_000653,Chile,2002,17056,83,15,19,Naviera_008859
9000654,Buque_000654,Dinamarca,1980,14062,123,14,6,Naviera_007544
9000655,Buque_000655,Japon,1995,3680,274,45,18,Naviera_007360
9000656,Buque_000656,Brasil,2011,5963,150,15,11,Naviera_003688
9000657,Buque_000657,Chile,1984,6262,90,29,11,Naviera_002902
9000658,Buque_000658,Malta,1992,3727,76,13,14,Naviera_006000
9000659,Buque_000659,Japon,2017,18832,59,44,17,Naviera_009993
9000660,Buque_000660,Bahamas,2001,12638,335,59,18,Naviera_007360
9000661,Buque_000661,China,1999,9376,278,20,18,Naviera_006414
9000662,Buque_000662,Islas Marshall,2020,2709,89,44,14,Naviera_006338
9000663,Buque_000663,Brasil,2002,7794,273,55,15,Naviera_006378
9000664,Buque_000664,China,1995,2353,398,35,9,Naviera_006086
9000665,Buque_000665,Singapur,2012,20794,161,15,16,Naviera_006327
9000666,Buque_000666,Mexico,1990,17428,96,29,18,Naviera_006352
9000667,Buque_000667,Grecia,1997,17480,354,37,12,Naviera_003007
9000668,Buque_000668,Reino Unido,2003,12349,293,38,11,Naviera_001353
9000669,Buque_000669,Liberia,1992,4178,171,13,8,Naviera_002699
9000670,Buque_000670,China,2001,14778,304,17,5,Naviera_005575
9000671,Buque_000671,Dinamarca,1981,3411,399,38,7,Naviera_002105
9000672,Buque_000672,Dinamarca,2004,11880,321,22,9,Naviera_007397
9000673,Buque_000673,Brasil,2016,7036,61,47,17,Naviera_005178
9000674,Buque_000674,Alemania,1980,7093,322,25,12,Naviera_000451
9000675,Buque_000675,Mexico,2022,21771,346,15,8,Naviera_004761
9000676,Buque_000676,China,1997,20217,300,58,14,Naviera_000565
9000677,Buque_000677,Singapur,1989,7412,242,12,8,Naviera_007346
9000678,Buque_000678,Colombia,2019,21661,153,20,7,Naviera_005405
9000679,Buque_000679,Espana,2014,523,127,20,17,Naviera_001559
9000680,Buque_000680,Singapur,2012,10029,219,33,16,Naviera_008009
9000681,Buque_000681,Liberia,1984,7846,223,20,11,Naviera_006612
9000682,Buque_000682,Panama,2025,10641,71,48,19,Naviera_000699
9000683,Buque_000683,Liberia,1982,1511,242,46,10,Naviera_005400
9000684,Buque_000684,Grecia,1992,11542,211,21,14,Naviera_006015
9000685,Buque_000685,Singapur,2021,8292,161,52,17,Naviera_003745
9000686,Buque_000686,Peru,2016,16763,60,48,10,Naviera_003510
9000687,Buque_000687,Bahamas,1996,2065,115,39,9,Naviera_007857
9000688,Buque_000688,China,2020,763,95,35,11,Naviera_007060
9000689,Buque_000689,Grecia,1983,15876,201,10,13,Naviera_006105
9000690,Buque_000690,Alemania,2007,3695,248,19,5,Naviera_008812
9000691,Buque_000691,Alemania,1990,20181,123,23,8,Naviera_007104
9000692,Buque_000692,Japon,2019,10273,63,54,18,Naviera_000079
9000693,Buque_000693,Ecuador,1992,9943,241,18,16,Naviera_006975
9000694,Buque_000694,Noruega,2009,12789,212,13,7,Naviera_009694
9000695,Buque_000695,Bahamas,1998,9745,248,15,8,Naviera_003048
9000696,Buque_000696,Colombia,1987,23738,279,45,7,Naviera_008128
9000697,Buque_000697,China,2003,19606,86,31,15,Naviera_008806
9000698,Buque_000698,Japon,2024,22921,329,29,15,Naviera_004254
9000699,Buque_000699,Noruega,2003,10273,293,15,9,Naviera_009315
9000700,Buque_000700,Ecuador,1994,17661,239,42,6,Naviera_001533
9000701,Buque_000701,Dinamarca,2023,1567,242,15,6,Naviera_007245
9000702,Buque_000702,Japon,2025,14442,89,49,14,Naviera_003522
9000703,Buque_000703,Panama,1988,9847,279,33,13,Naviera_000540
9000704,Buque_000704,Chile,1991,5055,97,48,13,Naviera_009056
9000705,Buque_000705,Brasil,2025,13705,197,11,9,Naviera_004641
9000706,Buque_000706,Chile,1983,3715,310,14,16,Naviera_000650
9000707,Buque_000707,Liberia,1985,18720,75,15,9,Naviera_000528
9000708,Buque_000708,Bahamas,2023,2482,362,43,10,Naviera_009825
9000709,Buque_000709,Hong Kong,2004,11509,344,36,13,Naviera_001677
9000710,Buque_000710,Singapur,1996,19903,357,56,6,Naviera_000450
9000711,Buque_000711,Alemania,1994,17797,249,53,5,Naviera_007726
9000712,Buque_000712,Panama,1983,3530,97,40,8,Naviera_009088
9000713,Buque_000713,Noruega,2016,7290,385,42,6,Naviera_007413
9000714,Buque_000714,Dinamarca,1987,13557,369,10,15,Naviera_009951
9000715,Buque_000715,Espana,1995,21511,67,16,10,Naviera_008508
9000716,Buque_000716,Chile,1994,5989,50,11,9,Naviera_007105
9000717,Buque_000717,Estados Unidos,2005,17149,260,57,12,Naviera_000137
9000718,Buque_000718,Islas Marshall,2021,3468,266,27,19,Naviera_009168
9000719,Buque_000719,Chile,2012,8712,318,29,13,Naviera_008750
9000720,Buque_000720,Islas Marshall,2004,13456,299,11,13,Naviera_003541
9000721,Buque_000721,Alemania,1993,1760,387,44,11,Naviera_007916
9000722,Buque_000722,Liberia,1992,18940,55,39,9,Naviera_004835
9000723,Buque_000723,Mexico,2021,12394,378,54,15,Naviera_002920
9000724,Buque_000724,Chile,2014,3155,320,38,9,Naviera_004728
9000725,Buque_000725,Japon,1985,994,214,20,11,Naviera_001924
9000726,Buque_000726,Ecuador,1991,1086,285,41,17,Naviera_006022
9000727,Buque_000727,Peru,1985,18285,394,33,5,Naviera_003609
9000728,Buque_000728,Malta,2022,23177,316,12,18,Naviera_008260
9000729,Buque_000729,Dinamarca,1989,9104,72,42,6,Naviera_007594
9000730,Buque_000730,Alemania,2001,5298,393,31,19,Naviera_002825
9000731,Buque_000731,Grecia,2014,1911,135,56,11,Naviera_002151
9000732,Buque_000732,Hong Kong,1985,5325,337,24,11,Naviera_005927
9000733,Buque_000733,Islas Marshall,1989,1891,274,11,16,Naviera_009229
9000734,Buque_000734,Hong Kong,2022,6836,285,27,9,Naviera_004890
9000735,Buque_000735,Liberia,2013,18254,115,54,10,Naviera_000679
9000736,Buque_000736,Espana,1983,2978,241,50,10,Naviera_003105
9000737,Buque_000737,China,2017,10490,265,19,15,Naviera_001680
9000738,Buque_000738,Dinamarca,2019,13633,145,41,16,Naviera_007406
9000739,Buque_000739,Malta,1994,8201,383,29,13,Naviera_002721
9000740,Buque_000740,Hong Kong,1982,6506,312,16,5,Naviera_000954
9000741,Buque_000741,Malta,1996,4250,114,23,19,Naviera_008534
9000742,Buque_000742,Chile,1992,14245,238,40,19,Naviera_009610
9000743,Buque_000743,China,2012,10932,254,56,13,Naviera_008893
9000744,Buque_000744,Grecia,1996,12163,308,51,12,Naviera_003789
9000745,Buque_000745,Peru,2010,12974,237,52,7,Naviera_007721
9000746,Buque_000746,Peru,1996,10345,83,41,12,Naviera_006478
9000747,Buque_000747,Espana,2025,3227,66,54,10,Naviera_005643
9000748,Buque_000748,Bahamas,1992,1954,203,56,13,Naviera_001099
9000749,Buque_000749,Colombia,1985,18352,370,56,15,Naviera_004504
9000750,Buque_000750,Panama,1982,17870,358,50,11,Naviera_000017
9000751,Buque_000751,Chile,1993,8214,328,17,16,Naviera_002235
9000752,Buque_000752,Peru,1991,17860,178,43,5,Naviera_009388
9000753,Buque_000753,Ecuador,1991,2648,276,24,16,Naviera_001593
9000754,Buque_000754,Panama,2025,2022,105,18,11,Naviera_008375
9000755,Buque_000755,Ecuador,2014,2397,135,27,8,Naviera_004633
9000756,Buque_000756,Brasil,2022,3028,60,28,17,Naviera_008679
9000757,Buque_000757,Peru,2025,14530,231,10,19,Naviera_002950
9000758,Buque_000758,Peru,2007,3975,377,39,13,Naviera_007652
9000759,Buque_000759,Dinamarca,2009,643,289,22,10,Naviera_007899
9000760,Buque_000760,Singapur,1986,13641,147,17,10,Naviera_009298
9000761,Buque_000761,Estados Unidos,2001,10109,381,28,10,Naviera_004637
9000762,Buque_000762,Colombia,1989,18024,86,32,18,Naviera_006752
9000763,Buque_000763,Dinamarca,2012,17185,330,57,19,Naviera_009624
9000764,Buque_000764,Colombia,2000,17103,396,19,18,Naviera_003458
9000765,Buque_000765,Singapur,2011,9397,280,20,12,Naviera_001784
9000766,Buque_000766,Malta,2025,852,60,18,14,Naviera_000219
9000767,Buque_000767,Malta,1998,20711,280,53,12,Naviera_002575
9000768,Buque_000768,Colombia,2010,16803,114,31,6,Naviera_009622
9000769,Buque_000769,Chile,1992,11790,213,57,15,Naviera_002821
9000770,Buque_000770,Mexico,2009,2842,246,37,5,Naviera_000035
9000771,Buque_000771,Grecia,1996,16905,112,49,7,Naviera_001228
9000772,Buque_000772,Noruega,2010,4098,165,30,19,Naviera_002510
9000773,Buque_000773,Singapur,2012,10529,98,57,12,Naviera_004440
9000774,Buque_000774,Japon,2010,12987,314,22,12,Naviera_002145
9000775,Buque_000775,Noruega,1993,4644,151,37,19,Naviera_004930
9000776,Buque_000776,Ecuador,2005,16947,72,44,18,Naviera_001736
9000777,Buque_000777,Colombia,2019,5793,53,22,6,Naviera_009336
9000778,Buque_000778,Espana,2016,1503,321,31,19,Naviera_000895
9000779,Buque_000779,Noruega,2002,8369,390,37,11,Naviera_009990
9000780,Buque_000780,Noruega,2016,10775,302,36,15,Naviera_006867
9000781,Buque_000781,Colombia,1999,19576,159,32,9,Naviera_007806
9000782,Buque_000782,Ecuador,2011,21155,151,52,9,Naviera_007276
9000783,Buque_000783,Chile,2007,10817,227,47,5,Naviera_000044
9000784,Buque_000784,Colombia,2006,20083,358,57,7,Naviera_003589
9000785,Buque_000785,Bahamas,1989,17936,150,53,5,Naviera_001266
9000786,Buque_000786,Espana,2014,23715,229,17,11,Naviera_004436
9000787,Buque_000787,Islas Marshall,2022,19777,265,14,8,Naviera_007247
9000788,Buque_000788,Japon,2008,8328,316,35,14,Naviera_002284
9000789,Buque_000789,Brasil,1995,8852,276,38,7,Naviera_009787
9000790,Buque_000790,Bahamas,1997,15393,100,34,6,Naviera_000612
9000791,Buque_000791,Islas Marshall,2013,7539,377,12,16,Naviera_000995
9000792,Buque_000792,Malta,2000,7005,174,15,19,Naviera_002548
9000793,Buque_000793,Japon,2025,18971,314,54,8,Naviera_006601
9000794,Buque_000794,Islas Marshall,1989,19488,189,26,14,Naviera_000593
9000795,Buque_000795,Dinamarca,2016,2761,330,41,9,Naviera_004015
9000796,Buque_000796,Espana,2010,18722,199,47,14,Naviera_008972
9000797,Buque_000797,Noruega,2010,22377,82,30,17,Naviera_001685
9000798,Buque_000798,Ecuador,1994,14742,367,25,16,Naviera_006988
9000799,Buque_000799,Dinamarca,2023,19937,247,31,18,Naviera_004407
9000800,Buque_000800,Chile,1983,16187,327,58,6,Naviera_005586
9000801,Buque_000801,Espana,1998,12502,102,42,13,Naviera_005790
9000802,Buque_000802,Espana,1996,5100,155,56,7,Naviera_007736
9000803,Buque_000803,Panama,1983,16977,226,41,8,Naviera_000098
9000804,Buque_000804,Espana,1994,879,275,32,5,Naviera_006492
9000805,Buque_000805,Mexico,1993,7824,71,20,14,Naviera_006781
9000806,Buque_000806,Noruega,2006,17629,65,21,7,Naviera_007219
9000807,Buque_000807,Noruega,1992,5306,154,28,16,Naviera_001542
9000808,Buque_000808,Chile,2004,15426,326,53,18,Naviera_004542
9000809,Buque_000809,China,1996,8756,375,59,19,Naviera_002769
9000810,Buque_000810,Liberia,2008,16008,365,42,7,Naviera_008445
9000811,Buque_000811,Hong Kong,1982,19366,182,16,8,Naviera_003383
9000812,Buque_000812,Bahamas,2014,23186,214,13,18,Naviera_005427
9000813,Buque_000813,Liberia,2024,4655,378,32,6,Naviera_009416
9000814,Buque_000814,Grecia,2008,10211,246,56,6,Naviera_005017
9000815,Buque_000815,Estados Unidos,1991,18115,260,27,19,Naviera_009206
9000816,Buque_000816,Colombia,1986,13827,168,46,6,Naviera_007650
9000817,Buque_000817,Reino Unido,2012,17776,167,53,5,Naviera_008499
9000818,Buque_000818,Brasil,2015,22453,149,45,9,Naviera_002917
9000819,Buque_000819,Malta,2011,8822,340,19,17,Naviera_002287
9000820,Buque_000820,Estados Unidos,2021,12880,233,40,6,Naviera_000117
9000821,Buque_000821,Singapur,2020,21793,71,28,17,Naviera_004946
9000822,Buque_000822,Japon,1994,14103,138,56,15,Naviera_008350
9000823,Buque_000823,Hong Kong,1986,8737,286,54,8,Naviera_004449
9000824,Buque_000824,Hong Kong,2025,4263,349,17,11,Naviera_009658
9000825,Buque_000825,Singapur,2019,9994,108,39,11,Naviera_007021
9000826,Buque_000826,China,1990,5393,70,49,8,Naviera_009202
9000827,Buque_000827,Colombia,1998,22728,179,15,11,Naviera_007792
9000828,Buque_000828,Ecuador,1986,16294,203,21,15,Naviera_003909
9000829,Buque_000829,Chile,2023,3144,297,34,12,Naviera_005331
9000830,Buque_000830,Alemania,2012,15033,106,38,16,Naviera_000103
9000831,Buque_000831,Ecuador,2007,20054,352,57,15,Naviera_005302
9000832,Buque_000832,Chile,1993,23782,288,53,6,Naviera_002000
9000833,Buque_000833,Bahamas,1986,2180,391,38,12,Naviera_008749
9000834,Buque_000834,Chile,2022,9926,277,56,17,Naviera_002491
9000835,Buque_000835,Brasil,1981,11942,209,56,11,Naviera_000966
9000836,Buque_000836,Malta,1988,23079,91,13,10,Naviera_008730
9000837,Buque_000837,Brasil,2002,10074,231,14,14,Naviera_005513
9000838,Buque_000838,Malta,1980,21607,287,12,6,Naviera_006050
9000839,Buque_000839,China,2014,13084,152,32,5,Naviera_003022
9000840,Buque_000840,Malta,1995,3932,156,33,10,Naviera_008101
9000841,Buque_000841,Grecia,2013,13410,197,52,5,Naviera_002443
9000842,Buque_000842,Espana,2001,7197,189,44,11,Naviera_005059
9000843,Buque_000843,Hong Kong,1987,14024,280,33,8,Naviera_001472
9000844,Buque_000844,Panama,1993,14196,156,21,15,Naviera_006693
9000845,Buque_000845,Reino Unido,2019,7920,337,54,15,Naviera_009839
9000846,Buque_000846,Bahamas,2010,5178,128,21,7,Naviera_006979
9000847,Buque_000847,Bahamas,1982,14316,225,36,18,Naviera_002732
9000848,Buque_000848,China,2014,19751,229,35,14,Naviera_006706
9000849,Buque_000849,Grecia,2023,19144,293,17,18,Naviera_005095
9000850,Buque_000850,Peru,1998,18844,224,10,12,Naviera_005417
9000851,Buque_000851,Dinamarca,2024,1301,218,26,16,Naviera_007558
9000852,Buque_000852,Grecia,2007,15553,265,59,16,Naviera_008319
9000853,Buque_000853,Chile,2006,19233,217,28,17,Naviera_005517
9000854,Buque_000854,Mexico,1981,22906,168,18,12,Naviera_009529
9000855,Buque_000855,Ecuador,1981,13205,247,39,6,Naviera_002407
9000856,Buque_000856,Brasil,2023,11788,240,33,5,Naviera_003005
9000857,Buque_000857,Japon,1981,13237,278,36,14,Naviera_005429
9000858,Buque_000858,Alemania,1986,16737,129,29,11,Naviera_003614
9000859,Buque_000859,China,1999,7322,163,16,9,Naviera_008065
9000860,Buque_000860,Singapur,2003,9288,155,58,11,Naviera_006944
9000861,Buque_000861,Panama,1988,1002,383,33,16,Naviera_002618
9000862,Buque_000862,Singapur,1989,4303,210,27,18,Naviera_004751
9000863,Buque_000863,Colombia,1996,15117,159,55,18,Naviera_009738
9000864,Buque_000864,China,2000,17370,367,18,15,Naviera_005555
9000865,Buque_000865,Liberia,1983,3957,347,41,18,Naviera_005722
9000866,Buque_000866,Islas Marshall,2011,9191,78,48,16,Naviera_007990
9000867,Buque_000867,Japon,2008,4516,298,30,10,Naviera_003541
9000868,Buque_000868,Espana,1988,18093,295,39,19,Naviera_003605
9000869,Buque_000869,Ecuador,1996,20000,98,20,7,Naviera_009761
9000870,Buque_000870,Colombia,2012,15817,351,13,10,Naviera_008470
9000871,Buque_000871,Malta,1980,14532,153,38,11,Naviera_008435
9000872,Buque_000872,Chile,2012,5974,303,10,8,Naviera_009092
9000873,Buque_000873,Liberia,1986,12744,91,59,12,Naviera_002273
9000874,Buque_000874,Grecia,2006,2074,78,59,11,Naviera_005235
9000875,Buque_000875,Peru,1993,8680,252,33,10,Naviera_003681
9000876,Buque_000876,Mexico,1990,20247,301,28,10,Naviera_003442
9000877,Buque_000877,Grecia,2009,7996,86,24,17,Naviera_009103
9000878,Buque_000878,Peru,2005,16593,180,50,7,Naviera_007016
9000879,Buque_000879,Islas Marshall,2018,21246,289,48,16,Naviera_000145
9000880,Buque_000880,Grecia,2018,6374,291,34,13,Naviera_004122
9000881,Buque_000881,Alemania,2017,4198,68,29,12,Naviera_006008
9000882,Buque_000882,Islas Marshall,2002,20506,318,51,8,Naviera_007360
9000883,Buque_000883,Dinamarca,1984,14688,357,29,5,Naviera_009008
9000884,Buque_000884,Japon,2016,6665,127,35,9,Naviera_000998
9000885,Buque_000885,Malta,1993,3393,373,14,19,Naviera_000708
9000886,Buque_000886,Colombia,2002,2162,177,19,9,Naviera_005582
9000887,Buque_000887,Chile,1991,16389,285,29,8,Naviera_008377
9000888,Buque_000888,Estados Unidos,2002,13264,334,13,6,Naviera_001396
9000889,Buque_000889,Ecuador,1981,7289,157,11,14,Naviera_001238
9000890,Buque_000890,Brasil,1999,15170,313,52,16,Naviera_006298
9000891,Buque_000891,Panama,1985,2534,287,34,17,Naviera_003285
9000892,Buque_000892,Espana,2019,2129,154,50,14,Naviera_000608
9000893,Buque_000893,Grecia,1984,16566,372,47,9,Naviera_003248
9000894,Buque_000894,Islas Marshall,1996,17669,104,40,9,Naviera_009786
9000895,Buque_000895,China,2016,22126,293,16,13,Naviera_003872
9000896,Buque_000896,Malta,2012,2188,156,10,13,Naviera_000064
9000897,Buque_000897,Espana,1986,14857,395,10,14,Naviera_004788
9000898,Buque_000898,Estados Unidos,2004,17194,177,12,11,Naviera_008579
9000899,Buque_000899,Peru,2019,7173,246,32,17,Naviera_007023
9000900,Buque_000900,Malta,2001,9802,276,23,5,Naviera_002090
9000901,Buque_000901,Mexico,2004,18372,140,47,5,Naviera_008345
9000902,Buque_000902,Chile,1994,14432,201,50,16,Naviera_006677
9000903,Buque_000903,Colombia,2022,14732,396,52,18,Naviera_006176
9000904,Buque_000904,Alemania,1990,917,391,42,11,Naviera_001576
9000905,Buque_000905,Alemania,2000,14727,60,16,7,Naviera_003520
9000906,Buque_000906,Panama,1987,9116,149,37,9,Naviera_000107
9000907,Buque_000907,Reino Unido,2010,20901,256,23,5,Naviera_009855
9000908,Buque_000908,Noruega,2000,21422,282,43,6,Naviera_007100
9000909,Buque_000909,Hong Kong,1994,17358,208,46,7,Naviera_004263
9000910,Buque_000910,Ecuador,1984,2296,79,55,19,Naviera_002359
9000911,Buque_000911,Ecuador,1999,10479,367,55,18,Naviera_006775
9000912,Buque_000912,Brasil,1980,19570,313,48,9,Naviera_009242
9000913,Buque_000913,Grecia,1996,19883,257,22,11,Naviera_007658
9000914,Buque_000914,Liberia,2025,7248,379,41,5,Naviera_007502
9000915,Buque_000915,Chile,1996,16017,334,15,16,Naviera_002143
9000916,Buque_000916,Estados Unidos,1992,8330,99,30,11,Naviera_002544
9000917,Buque_000917,Islas Marshall,1995,8200,151,20,15,Naviera_009820
9000918,Buque_000918,Panama,2010,17090,321,55,16,Naviera_002731
9000919,Buque_000919,Grecia,1983,14063,245,25,10,Naviera_001541
9000920,Buque_000920,Bahamas,1981,16528,131,17,16,Naviera_001964
9000921,Buque_000921,Dinamarca,2021,9426,243,15,7,Naviera_001097
9000922,Buque_000922,Islas Marshall,1993,8582,353,22,10,Naviera_008786
9000923,Buque_000923,Singapur,1992,10310,128,12,8,Naviera_007097
9000924,Buque_000924,Alemania,1993,4918,353,25,17,Naviera_003274
9000925,Buque_000925,Singapur,2023,9648,354,47,16,Naviera_009192
9000926,Buque_000926,Islas Marshall,2018,11619,192,21,16,Naviera_005762
9000927,Buque_000927,Grecia,2000,11405,70,13,5,Naviera_000229
9000928,Buque_000928,China,2020,15945,231,28,13,Naviera_009076
9000929,Buque_000929,Espana,1992,11934,192,39,11,Naviera_001668
9000930,Buque_000930,Japon,2018,14423,237,49,17,Naviera_005952
9000931,Buque_000931,Singapur,1989,23601,102,46,17,Naviera_008473
9000932,Buque_000932,Grecia,1985,22738,259,24,13,Naviera_002292
9000933,Buque_000933,Espana,2010,9747,195,11,7,Naviera_003705
9000934,Buque_000934,Estados Unidos,2018,15126,385,48,18,Naviera_002814
9000935,Buque_000935,Ecuador,1980,13983,195,52,14,Naviera_006032
9000936,Buque_000936,Grecia,1987,15206,224,24,14,Naviera_006743
9000937,Buque_000937,Reino Unido,1993,21402,268,43,8,Naviera_004009
9000938,Buque_000938,Islas Marshall,2009,17871,190,29,10,Naviera_001536
9000939,Buque_000939,Liberia,1983,17983,59,57,16,Naviera_006937
9000940,Buque_000940,Alemania,2001,22754,100,12,6,Naviera_001055
9000941,Buque_000941,Panama,1984,23100,283,17,14,Naviera_009188
9000942,Buque_000942,Bahamas,2023,17075,178,28,9,Naviera_001300
9000943,Buque_000943,Espana,1990,13957,184,47,16,Naviera_000585
9000944,Buque_000944,China,2008,17656,327,38,11,Naviera_007310
9000945,Buque_000945,Liberia,2017,22957,396,17,9,Naviera_000746
9000946,Buque_000946,Mexico,1986,7351,392,47,6,Naviera_001114
9000947,Buque_000947,Espana,2008,20696,234,38,5,Naviera_008243
9000948,Buque_000948,Hong Kong,2025,2640,77,50,16,Naviera_007649
9000949,Buque_000949,Peru,1993,18630,135,52,10,Naviera_001902
9000950,Buque_000950,Colombia,2017,22846,334,55,8,Naviera_002909
9000951,Buque_000951,Liberia,2015,3940,343,54,19,Naviera_000995
9000952,Buque_000952,Colombia,2024,9610,252,49,5,Naviera_002445
9000953,Buque_000953,Alemania,1994,7143,147,20,8,Naviera_009909
9000954,Buque_000954,Alemania,1985,7933,325,50,18,Naviera_008801
9000955,Buque_000955,China,2019,14248,229,13,12,Naviera_007647
9000956,Buque_000956,Dinamarca,2025,10423,112,54,12,Naviera_007795
9000957,Buque_000957,Brasil,1989,8803,305,29,13,Naviera_007380
9000958,Buque_000958,Espana,1981,7002,242,50,13,Naviera_004644
9000959,Buque_000959,Noruega,2016,17569,297,46,18,Naviera_002835
9000960,Buque_000960,Japon,2024,12717,130,42,10,Naviera_007886
9000961,Buque_000961,Liberia,1986,2606,308,16,6,Naviera_003218
9000962,Buque_000962,China,1998,11403,60,31,14,Naviera_009949
9000963,Buque_000963,Peru,2011,20862,74,40,15,Naviera_006716
9000964,Buque_000964,Espana,2008,9914,93,32,13,Naviera_009179
9000965,Buque_000965,Espana,2006,9864,53,30,16,Naviera_006454
9000966,Buque_000966,Malta,1994,20772,217,52,7,Naviera_009846
9000967,Buque_000967,Noruega,2019,10345,272,35,7,Naviera_008186
9000968,Buque_000968,Colombia,1998,22848,74,56,14,Naviera_005462
9000969,Buque_000969,Bahamas,2005,13075,180,55,9,Naviera_001445
9000970,Buque_000970,Liberia,2015,17280,294,13,14,Naviera_008191
9000971,Buque_000971,Grecia,1984,3683,362,51,7,Naviera_000656
9000972,Buque_000972,Noruega,2005,15221,54,14,14,Naviera_002698
9000973,Buque_000973,Mexico,2003,5920,246,18,18,Naviera_008525
9000974,Buque_000974,Brasil,1997,17443,361,57,8,Naviera_003648
9000975,Buque_000975,Liberia,2005,21774,106,52,17,Naviera_008516
9000976,Buque_000976,Hong Kong,1982,16975,283,27,13,Naviera_002013
9000977,Buque_000977,Hong Kong,2007,15479,130,32,7,Naviera_009885
9000978,Buque_000978,Dinamarca,2001,21255,190,35,6,Naviera_002145
9000979,Buque_000979,Estados Unidos,2021,13559,278,25,19,Naviera_000901
9000980,Buque_000980,Malta,2014,9700,289,54,5,Naviera_004188
9000981,Buque_000981,China,2003,19275,140,54,13,Naviera_000704
9000982,Buque_000982,Panama,2022,15041,216,44,5,Naviera_004182
9000983,Buque_000983,China,2023,3213,231,26,17,Naviera_006455
9000984,Buque_000984,Peru,1994,2242,230,28,18,Naviera_008498
9000985,Buque_000985,Malta,1987,6213,213,25,10,Naviera_008706
9000986,Buque_000986,Dinamarca,2005,16313,368,18,17,Naviera_007479
9000987,Buque_000987,Panama,1980,19791,227,52,18,Naviera_004872
9000988,Buque_000988,Bahamas,1982,10268,258,13,5,Naviera_006270
9000989,Buque_000989,Bahamas,2005,7725,123,52,14,Naviera_007581
9000990,Buque_000990,Chile,1996,8119,267,58,10,Naviera_003370
9000991,Buque_000991,Islas Marshall,1993,6599,218,20,14,Naviera_009725
9000992,Buque_000992,Dinamarca,2010,7692,165,20,8,Naviera_000128
9000993,Buque_000993,Japon,2025,12802,220,26,11,Naviera_005152
9000994,Buque_000994,Estados Unidos,2009,22843,248,43,13,Naviera_000544
9000995,Buque_000995,Singapur,2004,18880,268,39,10,Naviera_004528
9000996,Buque_000996,Chile,1991,16167,112,59,19,Naviera_009806
9000997,Buque_000997,Bahamas,1988,21468,62,47,13,Naviera_007118
9000998,Buque_000998,Bahamas,2019,801,188,33,19,Naviera_001549
9000999,Buque_000999,Alemania,2021,3404,144,36,8,Naviera_009369
9001000,Buque_001000,Singapur,2014,12207,385,53,13,Naviera_001410
9001001,Buque_001001,Peru,2009,23375,284,24,16,Naviera_007478
9001002,Buque_001002,Japon,2001,8042,68,18,9,Naviera_002938
9001003,Buque_001003,Malta,1989,23095,243,34,5,Naviera_004783
9001004,Buque_001004,Singapur,2024,10833,56,10,12,Naviera_006553
9001005,Buque_001005,Chile,2009,7566,171,15,17,Naviera_006166
9001006,Buque_001006,Brasil,2013,10750,337,52,19,Naviera_009439
9001007,Buque_001007,Ecuador,2014,18225,109,51,6,Naviera_008213
9001008,Buque_001008,China,2002,11552,275,31,14,Naviera_004382
9001009,Buque_001009,China,1988,5836,218,33,14,Naviera_009103
9001010,Buque_001010,Dinamarca,2020,769,372,37,11,Naviera_004603
9001011,Buque_001011,Reino Unido,1980,12890,88,25,11,Naviera_008283
9001012,Buque_001012,Alemania,1992,16866,275,37,14,Naviera_000881
9001013,Buque_001013,Japon,1999,10061,127,43,5,Naviera_000463
9001014,Buque_001014,Chile,2010,11664,385,13,13,Naviera_003234
9001015,Buque_001015,Grecia,2007,10076,144,45,16,Naviera_003156
9001016,Buque_001016,Japon,2004,15104,270,48,19,Naviera_001757
9001017,Buque_001017,Malta,2010,19670,287,28,9,Naviera_004745
9001018,Buque_001018,Hong Kong,2013,23049,214,29,11,Naviera_006817
9001019,Buque_001019,Peru,1996,17044,221,39,10,Naviera_009157
9001020,Buque_001020,Espana,2021,19708,134,52,10,Naviera_000317
9001021,Buque_001021,Peru,2025,21229,336,48,16,Naviera_005949
9001022,Buque_001022,Liberia,2015,19698,63,55,5,Naviera_009157
9001023,Buque_001023,Hong Kong,2018,21150,264,54,11,Naviera_006713
9001024,Buque_001024,Islas Marshall,2024,3524,225,55,14,Naviera_004361
9001025,Buque_001025,Grecia,2006,20056,273,48,17,Naviera_003157
9001026,Buque_001026,Noruega,1995,23096,167,50,10,Naviera_006441
9001027,Buque_001027,Islas Marshall,2023,15061,288,46,11,Naviera_001909
9001028,Buque_001028,Singapur,2014,944,192,20,10,Naviera_003303
9001029,Buque_001029,Colombia,1999,18228,162,10,17,Naviera_006326
9001030,Buque_001030,Malta,2023,21482,233,20,9,Naviera_009928
9001031,Buque_001031,Estados Unidos,1984,8104,335,55,9,Naviera_003240
9001032,Buque_001032,Estados Unidos,2004,8274,114,23,10,Naviera_006000
9001033,Buque_001033,Japon,2003,12831,200,25,12,Naviera_006017
9001034,Buque_001034,Mexico,1983,10337,366,27,14,Naviera_005066
9001035,Buque_001035,China,1987,14715,141,20,18,Naviera_004128
9001036,Buque_001036,Chile,1985,20890,196,47,9,Naviera_009894
9001037,Buque_001037,Islas Marshall,1995,3645,221,19,6,Naviera_000960
9001038,Buque_001038,Brasil,1988,6526,155,32,18,Naviera_001904
9001039,Buque_001039,Japon,1988,19470,167,58,18,Naviera_000481
9001040,Buque_001040,Colombia,2001,2808,343,48,5,Naviera_001984
9001041,Buque_001041,Mexico,1993,12318,384,33,9,Naviera_006490
9001042,Buque_001042,Alemania,1997,10856,368,46,9,Naviera_005840
9001043,Buque_001043,Espana,1989,15895,149,32,13,Naviera_007304
9001044,Buque_001044,Panama,1999,2755,175,23,7,Naviera_004501
9001045,Buque_001045,Estados Unidos,2004,6689,324,38,11,Naviera_002037
9001046,Buque_001046,Dinamarca,2020,3787,371,56,17,Naviera_007259
9001047,Buque_001047,Grecia,2006,8700,80,48,6,Naviera_006032
9001048,Buque_001048,Estados Unidos,2020,4508,195,25,14,Naviera_000013
9001049,Buque_001049,Chile,2008,4744,192,40,15,Naviera_008614
9001050,Buque_001050,Ecuador,1990,9053,162,48,6,Naviera_007164
9001051,Buque_001051,China,2019,12825,61,29,11,Naviera_002723
9001052,Buque_001052,Japon,2009,1144,225,56,13,Naviera_000944
9001053,Buque_001053,Brasil,1981,10550,269,11,5,Naviera_008923
9001054,Buque_001054,Espana,2022,10185,176,51,15,Naviera_008456
9001055,Buque_001055,Panama,1995,13045,363,25,17,Naviera_008214
9001056,Buque_001056,Liberia,1999,769,133,43,16,Naviera_009673
9001057,Buque_001057,Noruega,1980,12786,107,17,5,Naviera_007748
9001058,Buque_001058,Grecia,2016,3441,236,39,10,Naviera_004879
9001059,Buque_001059,Brasil,1998,16882,218,19,8,Naviera_000049
9001060,Buque_001060,Dinamarca,2005,14684,364,48,11,Naviera_008278
9001061,Buque_001061,Ecuador,2004,7381,323,37,15,Naviera_002978
9001062,Buque_001062,Mexico,2025,9908,349,11,5,Naviera_001030
9001063,Buque_001063,Colombia,2022,8142,252,23,19,Naviera_005406
9001064,Buque_001064,Liberia,2013,21158,181,43,16,Naviera_007922
9001065,Buque_001065,Liberia,2000,2894,327,57,5,Naviera_006031
9001066,Buque_001066,Reino Unido,1981,15191,193,43,6,Naviera_000759
9001067,Buque_001067,China,2005,22137,235,45,11,Naviera_008012
9001068,Buque_001068,Estados Unidos,2011,11590,149,13,13,Naviera_004658
9001069,Buque_001069,Colombia,1987,14036,137,52,7,Naviera_008070
9001070,Buque_001070,Japon,2006,14202,281,37,7,Naviera_009803
9001071,Buque_001071,Noruega,2005,20854,212,17,18,Naviera_009699
9001072,Buque_001072,Liberia,1988,17122,351,46,18,Naviera_000329
9001073,Buque_001073,Islas Marshall,1987,8874,87,59,16,Naviera_009585
9001074,Buque_001074,Chile,2017,13064,393,18,9,Naviera_001578
9001075,Buque_001075,Malta,2003,1086,239,18,11,Naviera_005129
9001076,Buque_001076,Malta,2020,22821,187,57,6,Naviera_000906
9001077,Buque_001077,Japon,1994,2738,76,26,5,Naviera_006192
9001078,Buque_001078,Japon,1983,2963,359,17,13,Naviera_002119
9001079,Buque_001079,Reino Unido,1986,11873,317,44,16,Naviera_004569
9001080,Buque_001080,Chile,1986,15746,361,59,13,Naviera_004988
9001081,Buque_001081,Brasil,2024,6648,359,31,8,Naviera_003902
9001082,Buque_001082,Estados Unidos,1980,18670,311,26,16,Naviera_004765
9001083,Buque_001083,Hong Kong,1992,10605,340,11,9,Naviera_009476
9001084,Buque_001084,Hong Kong,2006,17919,259,31,17,Naviera_000207
9001085,Buque_001085,Chile,1987,8251,185,51,18,Naviera_005214
9001086,Buque_001086,Noruega,1989,4818,290,50,6,Naviera_001930
9001087,Buque_001087,Reino Unido,1998,13780,175,54,16,Naviera_007792
9001088,Buque_001088,Japon,1982,21378,172,16,14,Naviera_007527
9001089,Buque_001089,Singapur,2002,20109,50,21,5,Naviera_009559
9001090,Buque_001090,Alemania,2024,1178,191,12,12,Naviera_003733
9001091,Buque_001091,Mexico,2016,3975,164,50,11,Naviera_008603
9001092,Buque_001092,Hong Kong,2017,18578,67,45,13,Naviera_003864
9001093,Buque_001093,Islas Marshall,1980,14571,255,24,10,Naviera_006432
9001094,Buque_001094,Brasil,1983,13595,59,59,13,Naviera_009222
9001095,Buque_001095,Singapur,2009,14416,141,43,7,Naviera_001377
9001096,Buque_001096,Bahamas,1983,1836,94,48,6,Naviera_005061
9001097,Buque_001097,Brasil,2019,11425,168,45,11,Naviera_000749
9001098,Buque_001098,Singapur,2009,18089,369,11,11,Naviera_005900
9001099,Buque_001099,Malta,2024,14820,195,14,16,Naviera_005057
9001100,Buque_001100,Chile,2000,23660,140,30,14,Naviera_007902
9001101,Buque_001101,Noruega,2003,21425,166,13,16,Naviera_001975
9001102,Buque_001102,Alemania,1996,2390,390,34,16,Naviera_009762
9001103,Buque_001103,Noruega,2019,1543,207,28,14,Naviera_009412
9001104,Buque_001104,Noruega,2014,19864,204,18,11,Naviera_006399
9001105,Buque_001105,Alemania,2000,2944,276,17,10,Naviera_007800
9001106,Buque_001106,Estados Unidos,2016,5200,372,27,8,Naviera_006734
9001107,Buque_001107,Alemania,2015,12409,259,18,13,Naviera_007511
9001108,Buque_001108,Espana,2016,21644,102,15,17,Naviera_009420
9001109,Buque_001109,Chile,1996,19392,159,29,5,Naviera_006841
9001110,Buque_001110,Alemania,2006,3961,360,14,13,Naviera_006260
9001111,Buque_001111,Malta,2005,4496,333,45,8,Naviera_005338
9001112,Buque_001112,Chile,2002,5073,355,47,10,Naviera_005321
9001113,Buque_001113,Panama,2010,16941,126,43,11,Naviera_009364
9001114,Buque_001114,China,1985,15864,236,36,13,Naviera_009497
9001115,Buque_001115,Ecuador,1999,15112,79,57,14,Naviera_007317
9001116,Buque_001116,Estados Unidos,2025,16183,133,13,18,Naviera_002292
9001117,Buque_001117,Noruega,2004,23173,307,30,15,Naviera_000398
9001118,Buque_001118,China,2002,11740,308,38,16,Naviera_008136
9001119,Buque_001119,Mexico,2016,20689,75,24,14,Naviera_006359
9001120,Buque_001120,Chile,1990,16228,398,26,19,Naviera_009440
9001121,Buque_001121,Japon,2018,23238,208,20,8,Naviera_003077
9001122,Buque_001122,Ecuador,2010,21827,73,47,10,Naviera_005219
9001123,Buque_001123,Peru,1989,19494,213,19,14,Naviera_007786
9001124,Buque_001124,Singapur,1993,711,278,23,17,Naviera_003885
9001125,Buque_001125,Alemania,1989,8453,347,17,17,Naviera_001027
9001126,Buque_001126,Noruega,2008,7563,292,45,16,Naviera_009956
9001127,Buque_001127,Dinamarca,2019,17624,51,54,13,Naviera_007546
9001128,Buque_001128,China,1991,7831,266,27,7,Naviera_003064
9001129,Buque_001129,Panama,2004,10627,351,47,11,Naviera_005940
9001130,Buque_001130,Colombia,2015,18755,385,31,12,Naviera_008830
9001131,Buque_001131,Peru,1988,9972,351,18,12,Naviera_002994
9001132,Buque_001132,Islas Marshall,1999,7205,327,50,10,Naviera_000101
9001133,Buque_001133,Alemania,2002,11670,282,44,11,Naviera_008748
9001134,Buque_001134,Ecuador,1997,11580,118,20,15,Naviera_006257
9001135,Buque_001135,Brasil,2024,12544,290,14,10,Naviera_007600
9001136,Buque_001136,Chile,2008,7877,207,59,17,Naviera_000868
9001137,Buque_001137,Alemania,1988,15249,373,55,7,Naviera_009318
9001138,Buque_001138,Estados Unidos,1985,2406,65,24,19,Naviera_001567
9001139,Buque_001139,Colombia,1990,20336,119,48,18,Naviera_002012
9001140,Buque_001140,Ecuador,1989,1533,202,54,11,Naviera_004921
9001141,Buque_001141,Brasil,2018,13246,282,34,10,Naviera_008688
9001142,Buque_001142,Noruega,2014,23647,241,41,7,Naviera_007981
9001143,Buque_001143,Alemania,2003,17226,309,26,10,Naviera_003584
9001144,Buque_001144,Hong Kong,2002,17562,221,30,7,Naviera_003684
9001145,Buque_001145,Singapur,1996,20978,154,44,8,Naviera_005247
9001146,Buque_001146,Malta,2004,11544,89,53,19,Naviera_002138
9001147,Buque_001147,Reino Unido,2021,12505,221,34,13,Naviera_008624
9001148,Buque_001148,Bahamas,1989,7991,284,15,16,Naviera_009629
9001149,Buque_001149,Colombia,1982,17161,78,38,6,Naviera_002971
9001150,Buque_001150,Reino Unido,1987,16374,244,32,7,Naviera_005057
9001151,Buque_001151,China,1989,18708,282,29,13,Naviera_002610
9001152,Buque_001152,Malta,2010,10935,391,59,7,Naviera_003577
9001153,Buque_001153,Hong Kong,2018,1352,246,31,13,Naviera_004029
9001154,Buque_001154,Liberia,2024,953,260,14,6,Naviera_001328
9001155,Buque_001155,Liberia,1989,610,167,10,8,Naviera_002785
9001156,Buque_001156,Dinamarca,2010,2871,284,20,15,Naviera_005428
9001157,Buque_001157,Brasil,1985,8307,118,48,10,Naviera_007901
9001158,Buque_001158,Dinamarca,1996,7925,100,44,17,Naviera_003679
9001159,Buque_001159,Islas Marshall,2019,17855,201,52,14,Naviera_003388
9001160,Buque_001160,Malta,2005,612,388,49,6,Naviera_008081
9001161,Buque_001161,Japon,2024,6851,222,34,17,Naviera_009647
9001162,Buque_001162,Panama,1998,9035,283,55,11,Naviera_001308
9001163,Buque_001163,Colombia,2008,7434,191,12,13,Naviera_001011
9001164,Buque_001164,Alemania,2012,17184,384,46,14,Naviera_001343
9001165,Buque_001165,Peru,1997,21879,266,27,6,Naviera_004780
9001166,Buque_001166,Singapur,1993,17760,200,17,15,Naviera_000964
9001167,Buque_001167,Peru,1992,21454,269,36,5,Naviera_009643
9001168,Buque_001168,Dinamarca,1992,7979,276,24,5,Naviera_004788
9001169,Buque_001169,Colombia,2009,4177,263,53,18,Naviera_008871
9001170,Buque_001170,Islas Marshall,2021,16226,396,54,16,Naviera_001048
9001171,Buque_001171,Grecia,2014,7360,129,14,9,Naviera_005378
9001172,Buque_001172,Liberia,2002,22716,72,15,10,Naviera_003268
9001173,Buque_001173,Mexico,1996,6990,79,55,8,Naviera_005637
9001174,Buque_001174,Panama,1984,16691,80,56,11,Naviera_005132
9001175,Buque_001175,Bahamas,2019,14118,162,28,11,Naviera_007503
9001176,Buque_001176,Hong Kong,2019,23181,291,33,18,Naviera_000738
9001177,Buque_001177,Islas Marshall,1994,21515,320,44,12,Naviera_007795
9001178,Buque_001178,China,2025,2181,287,29,8,Naviera_001283
9001179,Buque_001179,China,2002,7114,293,39,16,Naviera_005729
9001180,Buque_001180,Chile,1993,9720,122,42,13,Naviera_006312
9001181,Buque_001181,Malta,2024,20568,311,53,13,Naviera_006018
9001182,Buque_001182,Ecuador,1981,14798,303,59,9,Naviera_001198
9001183,Buque_001183,China,1995,19826,305,36,10,Naviera_009298
9001184,Buque_001184,Malta,1981,5401,61,23,15,Naviera_001531
9001185,Buque_001185,Alemania,1991,3474,255,37,5,Naviera_004555
9001186,Buque_001186,Panama,2006,23377,149,33,9,Naviera_003770
9001187,Buque_001187,Estados Unidos,1996,1561,247,20,5,Naviera_001294
9001188,Buque_001188,Noruega,2020,21938,202,36,19,Naviera_007357
9001189,Buque_001189,Peru,1985,14251,56,25,7,Naviera_000112
9001190,Buque_001190,Ecuador,1995,23268,89,41,8,Naviera_003023
9001191,Buque_001191,Liberia,1987,6988,264,14,11,Naviera_009950
9001192,Buque_001192,Liberia,2004,2411,292,55,14,Naviera_007437
9001193,Buque_001193,Hong Kong,1982,23965,166,57,9,Naviera_004407
9001194,Buque_001194,Espana,1998,9057,367,43,19,Naviera_009425
9001195,Buque_001195,Singapur,2023,13698,355,56,10,Naviera_009665
9001196,Buque_001196,Chile,1986,6664,338,28,17,Naviera_002076
9001197,Buque_001197,Espana,1985,3791,164,16,11,Naviera_004449
9001198,Buque_001198,Hong Kong,2024,5089,108,26,8,Naviera_003488
9001199,Buque_001199,Ecuador,2011,15744,315,36,12,Naviera_005275
9001200,Buque_001200,Ecuador,1990,23868,325,54,17,Naviera_004202
9001201,Buque_001201,Islas Marshall,1995,5015,168,58,15,Naviera_000453
9001202,Buque_001202,Noruega,1994,2628,118,58,15,Naviera_001224
9001203,Buque_001203,Espana,2002,16570,195,30,6,Naviera_009090
9001204,Buque_001204,Grecia,1992,21118,69,45,10,Naviera_000353
9001205,Buque_001205,Islas Marshall,2010,2593,158,53,15,Naviera_009012
9001206,Buque_001206,Panama,1983,4237,236,17,16,Naviera_003219
9001207,Buque_001207,Japon,2005,16819,367,10,15,Naviera_003218
9001208,Buque_001208,Peru,1997,16723,299,48,7,Naviera_005024
9001209,Buque_001209,Islas Marshall,2021,21220,96,33,13,Naviera_009067
9001210,Buque_001210,Brasil,2005,5917,348,48,19,Naviera_005389
9001211,Buque_001211,Islas Marshall,1990,12529,193,38,5,Naviera_004126
9001212,Buque_001212,Islas Marshall,1982,552,318,40,6,Naviera_000986
9001213,Buque_001213,Grecia,2023,21874,246,45,12,Naviera_007519
9001214,Buque_001214,Espana,1981,23347,141,20,14,Naviera_008834
9001215,Buque_001215,China,1999,10896,245,26,12,Naviera_006546
9001216,Buque_001216,Mexico,1986,5178,237,12,14,Naviera_006054
9001217,Buque_001217,Reino Unido,2009,6919,135,10,10,Naviera_009103
9001218,Buque_001218,Mexico,2003,1126,150,32,9,Naviera_005428
9001219,Buque_001219,Grecia,2013,5524,90,16,19,Naviera_006702
9001220,Buque_001220,Alemania,1999,9500,331,41,19,Naviera_000606
9001221,Buque_001221,Espana,2001,20217,211,30,14,Naviera_005494
9001222,Buque_001222,Japon,2018,12130,115,18,5,Naviera_002708
9001223,Buque_001223,China,2008,9954,123,31,19,Naviera_004603
9001224,Buque_001224,Malta,2013,810,202,39,10,Naviera_007221
9001225,Buque_001225,Brasil,2020,19352,196,51,19,Naviera_001704
9001226,Buque_001226,Bahamas,1984,2046,113,15,13,Naviera_002083
9001227,Buque_001227,Liberia,1989,22825,316,55,14,Naviera_002293
9001228,Buque_001228,Mexico,1980,8949,330,15,5,Naviera_002724
9001229,Buque_001229,Chile,1992,23371,119,24,16,Naviera_004226
9001230,Buque_001230,Peru,1984,12789,277,48,12,Naviera_000341
9001231,Buque_001231,Reino Unido,1999,16435,165,57,6,Naviera_004059
9001232,Buque_001232,Singapur,2021,665,286,58,6,Naviera_003894
9001233,Buque_001233,Dinamarca,1996,2809,68,12,5,Naviera_007883
9001234,Buque_001234,Alemania,1999,23852,222,59,17,Naviera_002065
9001235,Buque_001235,Islas Marshall,2008,9166,67,40,10,Naviera_002291
9001236,Buque_001236,China,2008,22899,231,17,7,Naviera_009514
9001237,Buque_001237,Panama,2023,14716,183,38,14,Naviera_005617
9001238,Buque_001238,Noruega,1997,21820,321,11,5,Naviera_005553
9001239,Buque_001239,Dinamarca,1989,1745,99,32,17,Naviera_001687
9001240,Buque_001240,Panama,1987,7084,389,12,15,Naviera_003150
9001241,Buque_001241,Brasil,1982,8059,146,22,8,Naviera_000548
9001242,Buque_001242,Bahamas,2001,2328,103,21,14,Naviera_009234
9001243,Buque_001243,Ecuador,2025,15708,256,11,8,Naviera_008188
9001244,Buque_001244,Liberia,1988,21619,79,21,12,Naviera_007794
9001245,Buque_001245,Colombia,2022,4561,85,45,18,Naviera_007760
9001246,Buque_001246,Islas Marshall,1996,13888,337,30,11,Naviera_007841
9001247,Buque_001247,Colombia,1982,21485,127,48,10,Naviera_000819
9001248,Buque_001248,Bahamas,2013,15807,117,28,7,Naviera_009948
9001249,Buque_001249,Peru,1999,8971,202,25,11,Naviera_009333
9001250,Buque_001250,Singapur,2012,1167,270,19,14,Naviera_001572
9001251,Buque_001251,Dinamarca,2008,13309,387,30,17,Naviera_003298
9001252,Buque_001252,Brasil,1980,9815,396,21,11,Naviera_001690
9001253,Buque_001253,Chile,1989,11140,70,27,9,Naviera_009327
9001254,Buque_001254,Espana,1987,18445,353,59,6,Naviera_003270
9001255,Buque_001255,Reino Unido,2004,16656,367,35,8,Naviera_007641
9001256,Buque_001256,Singapur,1983,23005,54,11,16,Naviera_007413
9001257,Buque_001257,Mexico,1980,3828,369,48,8,Naviera_007106
9001258,Buque_001258,Ecuador,2025,22575,327,36,19,Naviera_004066
9001259,Buque_001259,Bahamas,1996,10137,130,49,8,Naviera_008954
9001260,Buque_001260,Espana,2025,17891,387,29,13,Naviera_006247
9001261,Buque_001261,Noruega,1996,10921,91,54,6,Naviera_008260
9001262,Buque_001262,Alemania,1997,16272,284,17,14,Naviera_007184
9001263,Buque_001263,Espana,2000,9795,213,40,10,Naviera_009313
9001264,Buque_001264,Espana,2016,4206,50,31,8,Naviera_001461
9001265,Buque_001265,Dinamarca,1992,14343,133,50,18,Naviera_005030
9001266,Buque_001266,Alemania,1987,23999,65,31,9,Naviera_008567
9001267,Buque_001267,Liberia,1982,21629,299,14,17,Naviera_008510
9001268,Buque_001268,Chile,2022,23522,311,18,14,Naviera_009540
9001269,Buque_001269,Dinamarca,2014,16097,150,49,11,Naviera_001486
9001270,Buque_001270,Singapur,2024,5767,174,47,7,Naviera_003684
9001271,Buque_001271,Dinamarca,2023,15892,94,28,11,Naviera_005545
9001272,Buque_001272,Ecuador,2016,6944,99,25,9,Naviera_000039
9001273,Buque_001273,Bahamas,1984,4563,315,39,15,Naviera_008155
9001274,Buque_001274,China,1994,1218,175,48,11,Naviera_002549
9001275,Buque_001275,Malta,2021,20382,199,49,9,Naviera_007675
9001276,Buque_001276,Mexico,1989,23855,132,20,14,Naviera_005474
9001277,Buque_001277,Panama,1993,23721,252,42,14,Naviera_006551
9001278,Buque_001278,Espana,2007,3933,62,42,15,Naviera_003299
9001279,Buque_001279,Peru,1980,13871,283,28,17,Naviera_004172
9001280,Buque_001280,Hong Kong,2000,17298,203,54,6,Naviera_001316
9001281,Buque_001281,Mexico,2007,1800,327,35,14,Naviera_001291
9001282,Buque_001282,Brasil,2004,1682,248,45,19,Naviera_008387
9001283,Buque_001283,Islas Marshall,2004,15833,288,46,19,Naviera_009064
9001284,Buque_001284,Alemania,2025,7067,207,40,15,Naviera_000887
9001285,Buque_001285,Brasil,1987,20813,361,18,14,Naviera_002237
9001286,Buque_001286,China,2008,15458,194,35,7,Naviera_009876
9001287,Buque_001287,Noruega,1986,20423,330,33,10,Naviera_005644
9001288,Buque_001288,Bahamas,1995,8815,300,16,18,Naviera_009304
9001289,Buque_001289,Grecia,2010,22154,69,21,14,Naviera_003297
9001290,Buque_001290,Malta,1984,22001,259,20,11,Naviera_001132
9001291,Buque_001291,Grecia,1984,9709,232,22,9,Naviera_009633
9001292,Buque_001292,Noruega,1999,12901,332,40,14,Naviera_006382
9001293,Buque_001293,Bahamas,2020,5535,202,11,19,Naviera_009278
9001294,Buque_001294,Dinamarca,2025,5354,342,16,6,Naviera_003358
9001295,Buque_001295,Estados Unidos,1982,11548,71,47,16,Naviera_007537
9001296,Buque_001296,Espana,2017,1109,375,41,17,Naviera_009543
9001297,Buque_001297,Mexico,2007,13885,273,26,12,Naviera_003813
9001298,Buque_001298,Malta,2008,23870,357,53,19,Naviera_009084
9001299,Buque_001299,Espana,2018,16434,262,50,13,Naviera_004316
9001300,Buque_001300,Reino Unido,1984,12238,162,39,10,Naviera_006441
9001301,Buque_001301,Liberia,1996,9225,85,27,18,Naviera_005811
9001302,Buque_001302,Noruega,2011,9569,361,11,12,Naviera_008043
9001303,Buque_001303,Ecuador,2012,13740,316,28,8,Naviera_006352
9001304,Buque_001304,Ecuador,1982,15441,227,41,11,Naviera_000285
9001305,Buque_001305,Reino Unido,1984,22691,63,33,5,Naviera_006201
9001306,Buque_001306,Islas Marshall,1985,1801,182,51,7,Naviera_001619
9001307,Buque_001307,Japon,2025,23141,334,55,17,Naviera_006523
9001308,Buque_001308,Hong Kong,2001,2539,228,48,5,Naviera_004807
9001309,Buque_001309,Liberia,1997,18431,321,15,11,Naviera_002979
9001310,Buque_001310,Singapur,2019,1440,271,22,17,Naviera_009879
9001311,Buque_001311,Hong Kong,1997,3213,73,57,5,Naviera_004551
9001312,Buque_001312,Chile,2018,10859,351,27,9,Naviera_001267
9001313,Buque_001313,Panama,1980,23868,319,24,12,Naviera_002367
9001314,Buque_001314,Brasil,1993,15845,126,57,14,Naviera_005504
9001315,Buque_001315,Noruega,2007,6224,75,13,14,Naviera_006497
9001316,Buque_001316,Singapur,1991,9787,178,45,19,Naviera_002216
9001317,Buque_001317,Brasil,2019,9638,81,27,16,Naviera_007724
9001318,Buque_001318,Espana,2015,6965,281,29,8,Naviera_007684
9001319,Buque_001319,Islas Marshall,2018,7598,149,13,13,Naviera_007272
9001320,Buque_001320,China,1984,6889,137,23,16,Naviera_005500
9001321,Buque_001321,Colombia,2007,7032,51,13,14,Naviera_005403
9001322,Buque_001322,Brasil,2005,2869,247,15,13,Naviera_001219
9001323,Buque_001323,Mexico,1980,14007,254,36,10,Naviera_004523
9001324,Buque_001324,Mexico,1996,10975,300,31,7,Naviera_005878
9001325,Buque_001325,Estados Unidos,2004,23757,232,48,16,Naviera_008464
9001326,Buque_001326,Chile,2019,4706,368,18,13,Naviera_003672
9001327,Buque_001327,Japon,2018,21169,68,20,19,Naviera_003282
9001328,Buque_001328,Ecuador,2019,22510,85,26,12,Naviera_000088
9001329,Buque_001329,Islas Marshall,1987,5023,157,22,7,Naviera_007282
9001330,Buque_001330,Bahamas,2006,11951,87,15,10,Naviera_003144
9001331,Buque_001331,Singapur,1999,5029,286,24,14,Naviera_009593
9001332,Buque_001332,Grecia,2023,1917,72,47,7,Naviera_001968
9001333,Buque_001333,Hong Kong,2010,12182,101,48,5,Naviera_008350
9001334,Buque_001334,Panama,1994,9697,247,22,6,Naviera_009380
9001335,Buque_001335,Brasil,2003,12805,219,45,14,Naviera_003962
9001336,Buque_001336,Grecia,2022,20355,132,18,18,Naviera_006880
9001337,Buque_001337,Grecia,2006,21792,177,30,6,Naviera_000753
9001338,Buque_001338,Alemania,2007,4691,57,43,14,Naviera_003198
9001339,Buque_001339,Bahamas,1997,10076,104,50,14,Naviera_001052
9001340,Buque_001340,Dinamarca,1987,22904,275,34,15,Naviera_008959
9001341,Buque_001341,China,2006,16051,214,20,6,Naviera_001379
9001342,Buque_001342,Singapur,1994,22135,352,29,15,Naviera_006889
9001343,Buque_001343,Panama,2009,3001,109,37,8,Naviera_002105
9001344,Buque_001344,Alemania,2019,8579,263,31,13,Naviera_009194
9001345,Buque_001345,Singapur,1989,13944,155,42,10,Naviera_002241
9001346,Buque_001346,Islas Marshall,2014,6567,53,58,13,Naviera_004332
9001347,Buque_001347,Panama,1996,11434,179,44,18,Naviera_004489
9001348,Buque_001348,Reino Unido,1981,1953,292,59,7,Naviera_001096
9001349,Buque_001349,Colombia,1981,7898,77,23,15,Naviera_000287
9001350,Buque_001350,Alemania,1995,4549,253,19,6,Naviera_007855
9001351,Buque_001351,China,1989,900,118,47,19,Naviera_007486
9001352,Buque_001352,Mexico,1987,23523,225,24,18,Naviera_000539
9001353,Buque_001353,Ecuador,2005,4639,315,40,16,Naviera_007069
9001354,Buque_001354,Dinamarca,2022,3824,375,56,8,Naviera_002769
9001355,Buque_001355,Chile,1991,14117,388,18,15,Naviera_007215
9001356,Buque_001356,Japon,1994,6113,300,50,11,Naviera_003740
9001357,Buque_001357,Estados Unidos,1989,10803,169,26,14,Naviera_003635
9001358,Buque_001358,Estados Unidos,2020,4441,224,10,18,Naviera_006276
9001359,Buque_001359,Bahamas,1983,6424,307,32,6,Naviera_001409
9001360,Buque_001360,Bahamas,2004,16775,95,59,11,Naviera_004764
9001361,Buque_001361,Reino Unido,1984,14515,386,23,9,Naviera_000118
9001362,Buque_001362,Liberia,1984,7332,319,23,6,Naviera_001891
9001363,Buque_001363,Chile,1986,21411,143,49,16,Naviera_001890
9001364,Buque_001364,Mexico,2024,3875,244,27,17,Naviera_007541
9001365,Buque_001365,Japon,2006,13430,185,34,8,Naviera_008310
9001366,Buque_001366,Estados Unidos,2007,7978,230,36,9,Naviera_003291
9001367,Buque_001367,China,2005,7934,344,12,11,Naviera_001427
9001368,Buque_001368,Panama,1990,19161,333,39,17,Naviera_008781
9001369,Buque_001369,Chile,2016,23198,141,18,11,Naviera_001249
9001370,Buque_001370,Liberia,2025,20222,71,11,18,Naviera_008574
9001371,Buque_001371,Hong Kong,1983,11621,50,39,15,Naviera_001959
9001372,Buque_001372,Alemania,1982,14064,154,42,5,Naviera_004602
9001373,Buque_001373,Estados Unidos,2023,2563,239,34,19,Naviera_006271
9001374,Buque_001374,Panama,2000,21948,104,15,11,Naviera_005705
9001375,Buque_001375,Japon,1986,15533,284,26,5,Naviera_002343
9001376,Buque_001376,Estados Unidos,2008,7327,70,16,6,Naviera_008972
9001377,Buque_001377,China,2006,6323,360,47,19,Naviera_001682
9001378,Buque_001378,Reino Unido,2018,1701,318,14,18,Naviera_004190
9001379,Buque_001379,Estados Unidos,2023,12701,75,46,5,Naviera_008890
9001380,Buque_001380,Ecuador,1981,7598,256,31,19,Naviera_002129
9001381,Buque_001381,Peru,1983,4315,90,21,10,Naviera_008823
9001382,Buque_001382,Islas Marshall,2009,18756,131,41,13,Naviera_009588
9001383,Buque_001383,Ecuador,2022,18955,241,47,7,Naviera_007735
9001384,Buque_001384,China,1995,4679,108,36,16,Naviera_002940
9001385,Buque_001385,Brasil,2008,13334,354,24,9,Naviera_009790
9001386,Buque_001386,Dinamarca,1991,12334,234,18,9,Naviera_004892
9001387,Buque_001387,China,2010,12490,282,46,11,Naviera_000099
9001388,Buque_001388,Ecuador,2000,4662,124,56,15,Naviera_002619
9001389,Buque_001389,Espana,2002,19928,392,15,18,Naviera_003567
9001390,Buque_001390,Brasil,1986,8913,264,32,12,Naviera_001304
9001391,Buque_001391,Singapur,1995,15269,52,15,19,Naviera_006331
9001392,Buque_001392,Alemania,2002,5592,250,23,19,Naviera_009099
9001393,Buque_001393,Mexico,1983,16280,314,28,12,Naviera_004665
9001394,Buque_001394,Chile,2011,6217,52,38,13,Naviera_008675
9001395,Buque_001395,China,1995,3754,129,18,17,Naviera_006340
9001396,Buque_001396,Peru,2014,12641,226,24,19,Naviera_008597
9001397,Buque_001397,Brasil,1983,17280,93,50,19,Naviera_003805
9001398,Buque_001398,Colombia,1989,2445,271,58,14,Naviera_009583
9001399,Buque_001399,Mexico,1981,2448,388,11,17,Naviera_007318
9001400,Buque_001400,Mexico,2001,11946,162,59,7,Naviera_001865
9001401,Buque_001401,Ecuador,2014,14782,348,50,19,Naviera_008211
9001402,Buque_001402,Alemania,2006,6920,360,50,10,Naviera_006501
9001403,Buque_001403,Grecia,1984,21661,109,40,7,Naviera_009383
9001404,Buque_001404,Reino Unido,2008,22538,81,24,9,Naviera_004738
9001405,Buque_001405,Panama,2016,5311,357,23,6,Naviera_009648
9001406,Buque_001406,Japon,2011,22464,77,55,8,Naviera_008639
9001407,Buque_001407,Chile,1991,2391,153,40,9,Naviera_003666
9001408,Buque_001408,Peru,2017,14312,143,42,10,Naviera_001103
9001409,Buque_001409,Hong Kong,1988,19049,232,26,16,Naviera_002414
9001410,Buque_001410,Grecia,1995,8699,273,29,14,Naviera_009014
9001411,Buque_001411,Brasil,1980,11283,305,16,6,Naviera_009278
9001412,Buque_001412,Alemania,2023,2021,186,50,18,Naviera_000151
9001413,Buque_001413,Malta,2005,1337,122,35,15,Naviera_008552
9001414,Buque_001414,Noruega,1982,17169,309,44,12,Naviera_004510
9001415,Buque_001415,Malta,1986,7495,287,32,15,Naviera_006585
9001416,Buque_001416,Liberia,2022,6060,287,15,7,Naviera_006012
9001417,Buque_001417,Noruega,2025,13392,397,49,13,Naviera_002399
9001418,Buque_001418,Mexico,2004,9593,199,38,14,Naviera_008191
9001419,Buque_001419,Bahamas,1987,20177,215,13,12,Naviera_009674
9001420,Buque_001420,Colombia,2013,6273,267,58,11,Naviera_001938
9001421,Buque_001421,Grecia,2015,3089,309,13,17,Naviera_009351
9001422,Buque_001422,Singapur,2010,20076,197,25,11,Naviera_005885
9001423,Buque_001423,Brasil,1992,20911,67,33,17,Naviera_008603
9001424,Buque_001424,Islas Marshall,2003,17238,135,16,18,Naviera_007585
9001425,Buque_001425,Espana,2018,2726,307,19,8,Naviera_006984
9001426,Buque_001426,Malta,2012,18591,379,25,11,Naviera_009903
9001427,Buque_001427,Panama,1983,12620,277,59,12,Naviera_002359
9001428,Buque_001428,Hong Kong,1986,10889,301,17,10,Naviera_000137
9001429,Buque_001429,Malta,1998,14421,305,21,12,Naviera_004755
9001430,Buque_001430,Panama,1985,8823,375,41,17,Naviera_000425
9001431,Buque_001431,Alemania,1985,11982,220,12,5,Naviera_009835
9001432,Buque_001432,Hong Kong,2022,11478,359,40,15,Naviera_001311
9001433,Buque_001433,Espana,2008,11731,261,20,6,Naviera_005435
9001434,Buque_001434,Reino Unido,2013,6153,283,14,10,Naviera_009018
9001435,Buque_001435,Japon,1996,7103,306,42,9,Naviera_000728
9001436,Buque_001436,Hong Kong,1989,9698,167,30,7,Naviera_009481
9001437,Buque_001437,Peru,1982,15273,266,42,19,Naviera_004962
9001438,Buque_001438,Brasil,2015,11209,336,31,16,Naviera_000372
9001439,Buque_001439,Panama,2004,2566,243,12,15,Naviera_006511
9001440,Buque_001440,Estados Unidos,1980,2412,278,20,6,Naviera_001440
9001441,Buque_001441,Brasil,2012,7417,71,21,5,Naviera_003142
9001442,Buque_001442,Peru,2020,12459,59,11,17,Naviera_009616
9001443,Buque_001443,Dinamarca,2006,13122,108,26,9,Naviera_007633
9001444,Buque_001444,Reino Unido,2019,19380,142,35,5,Naviera_005806
9001445,Buque_001445,Islas Marshall,2021,2850,154,12,16,Naviera_003688
9001446,Buque_001446,Mexico,2015,16732,266,10,9,Naviera_008940
9001447,Buque_001447,Malta,1992,2134,60,21,19,Naviera_005860
9001448,Buque_001448,China,1995,20089,225,32,13,Naviera_005832
9001449,Buque_001449,Panama,1999,4724,303,41,16,Naviera_003982
9001450,Buque_001450,Espana,2007,12121,228,10,15,Naviera_004287
9001451,Buque_001451,Hong Kong,2009,10606,290,59,7,Naviera_006019
9001452,Buque_001452,Malta,1982,5951,103,57,13,Naviera_001685
9001453,Buque_001453,Noruega,2022,3736,71,50,17,Naviera_001317
9001454,Buque_001454,Alemania,2014,576,339,23,16,Naviera_002669
9001455,Buque_001455,Chile,1987,6699,270,31,12,Naviera_009259
9001456,Buque_001456,Alemania,1994,20494,309,58,11,Naviera_008754
9001457,Buque_001457,Dinamarca,2005,10114,233,43,18,Naviera_003727
9001458,Buque_001458,Noruega,2012,8205,130,24,6,Naviera_009305
9001459,Buque_001459,Liberia,2001,12228,81,11,8,Naviera_007300
9001460,Buque_001460,Islas Marshall,1989,23062,79,51,11,Naviera_000139
9001461,Buque_001461,Chile,2009,4978,244,42,18,Naviera_004779
9001462,Buque_001462,Grecia,2025,21236,112,34,12,Naviera_001657
9001463,Buque_001463,Singapur,2014,15069,288,42,14,Naviera_005896
9001464,Buque_001464,Noruega,2004,3926,368,51,9,Naviera_006450
9001465,Buque_001465,Bahamas,2025,608,386,46,7,Naviera_004748
9001466,Buque_001466,Bahamas,2004,10979,113,25,9,Naviera_003115
9001467,Buque_001467,Panama,1987,2020,292,26,19,Naviera_002544
9001468,Buque_001468,Dinamarca,2020,4176,267,22,11,Naviera_004432
9001469,Buque_001469,Japon,2001,8516,301,31,14,Naviera_002743
9001470,Buque_001470,Noruega,2001,13934,356,45,15,Naviera_009042
9001471,Buque_001471,Estados Unidos,2010,3342,234,14,18,Naviera_003239
9001472,Buque_001472,Alemania,1985,9654,82,47,17,Naviera_003381
9001473,Buque_001473,Noruega,2023,19596,343,17,8,Naviera_001987
9001474,Buque_001474,Mexico,1985,12539,101,43,16,Naviera_009223
9001475,Buque_001475,China,2020,8567,298,18,17,Naviera_003263
9001476,Buque_001476,Hong Kong,1991,7761,251,55,16,Naviera_000101
9001477,Buque_001477,Panama,1989,23922,222,51,11,Naviera_009031
9001478,Buque_001478,Islas Marshall,2003,21571,247,49,7,Naviera_000402
9001479,Buque_001479,Chile,1991,18363,125,34,13,Naviera_003931
9001480,Buque_001480,Japon,2025,6519,350,59,6,Naviera_007133
9001481,Buque_001481,Islas Marshall,2003,4207,148,48,8,Naviera_000657
9001482,Buque_001482,Ecuador,2009,6240,339,12,16,Naviera_009807
9001483,Buque_001483,Peru,1988,9105,65,32,10,Naviera_005402
9001484,Buque_001484,Hong Kong,1987,8473,54,53,16,Naviera_006689
9001485,Buque_001485,Hong Kong,1992,7922,207,35,14,Naviera_004419
9001486,Buque_001486,Dinamarca,1995,13237,119,42,10,Naviera_002867
9001487,Buque_001487,Chile,2008,11817,385,55,19,Naviera_005706
9001488,Buque_001488,Peru,1992,5800,293,14,7,Naviera_003440
9001489,Buque_001489,China,2015,6248,182,15,18,Naviera_003505
9001490,Buque_001490,Islas Marshall,2025,8837,238,43,8,Naviera_004216
9001491,Buque_001491,Hong Kong,2003,2798,308,12,18,Naviera_000080
9001492,Buque_001492,China,2012,2925,141,10,14,Naviera_003835
9001493,Buque_001493,Estados Unidos,2002,9843,376,45,6,Naviera_004594
9001494,Buque_001494,Islas Marshall,2015,20325,321,22,11,Naviera_004500
9001495,Buque_001495,Ecuador,2002,19205,221,49,19,Naviera_008633
9001496,Buque_001496,Reino Unido,1995,14011,258,48,7,Naviera_006575
9001497,Buque_001497,Islas Marshall,2025,8464,178,27,16,Naviera_008028
9001498,Buque_001498,Malta,1995,17181,174,28,8,Naviera_008273
9001499,Buque_001499,Liberia,2011,2248,115,18,9,Naviera_001396
9001500,Buque_001500,Malta,1987,11303,324,28,8,Naviera_009941
9001501,Buque_001501,Hong Kong,2015,21476,309,47,8,Naviera_009796
9001502,Buque_001502,Chile,1986,5383,202,50,16,Naviera_006492
9001503,Buque_001503,Dinamarca,1992,17457,290,14,12,Naviera_004080
9001504,Buque_001504,Singapur,1999,3488,297,44,5,Naviera_002326
9001505,Buque_001505,Grecia,2014,17377,88,18,5,Naviera_004913
9001506,Buque_001506,Chile,2017,18376,154,39,8,Naviera_007714
9001507,Buque_001507,Hong Kong,1995,17898,97,17,15,Naviera_007602
9001508,Buque_001508,Bahamas,1987,10582,140,11,13,Naviera_009513
9001509,Buque_001509,Singapur,1999,8375,175,32,8,Naviera_004535
9001510,Buque_001510,Panama,1992,988,337,25,8,Naviera_002433
9001511,Buque_001511,Singapur,2010,16219,305,30,14,Naviera_004820
9001512,Buque_001512,Reino Unido,1988,23757,353,36,6,Naviera_003284
9001513,Buque_001513,Chile,2003,21337,66,14,6,Naviera_008898
9001514,Buque_001514,Noruega,1980,14843,290,42,18,Naviera_001073
9001515,Buque_001515,Espana,1993,16887,240,26,17,Naviera_005140
9001516,Buque_001516,Malta,1996,6111,227,23,17,Naviera_004516
9001517,Buque_001517,Islas Marshall,1989,16184,91,57,19,Naviera_009465
9001518,Buque_001518,Liberia,2015,17410,343,46,17,Naviera_005747
9001519,Buque_001519,Estados Unidos,2005,23220,315,28,19,Naviera_004897
9001520,Buque_001520,Brasil,2020,9740,318,10,6,Naviera_009437
9001521,Buque_001521,Reino Unido,2022,9480,358,19,9,Naviera_004302
9001522,Buque_001522,Singapur,1993,1196,117,58,12,Naviera_005519
9001523,Buque_001523,Panama,1986,18315,360,45,5,Naviera_002069
9001524,Buque_001524,Bahamas,2021,4856,232,25,18,Naviera_005523
9001525,Buque_001525,Chile,1999,4307,307,10,8,Naviera_008373
9001526,Buque_001526,Singapur,2001,22551,51,52,12,Naviera_004801
9001527,Buque_001527,Reino Unido,1996,23739,73,23,7,Naviera_007762
9001528,Buque_001528,Reino Unido,2015,17895,137,23,9,Naviera_000899
9001529,Buque_001529,Grecia,2007,17575,81,54,18,Naviera_009178
9001530,Buque_001530,Hong Kong,1983,3197,183,23,12,Naviera_002315
9001531,Buque_001531,Estados Unidos,2024,14423,205,21,7,Naviera_008732
9001532,Buque_001532,Singapur,2007,8219,233,16,5,Naviera_008985
9001533,Buque_001533,Grecia,2010,11891,96,40,17,Naviera_002084
9001534,Buque_001534,Brasil,1994,2155,361,13,16,Naviera_002002
9001535,Buque_001535,Peru,2012,16114,52,19,10,Naviera_002985
9001536,Buque_001536,Brasil,2006,4114,197,29,11,Naviera_003344
9001537,Buque_001537,Bahamas,1988,21334,306,31,19,Naviera_004119
9001538,Buque_001538,Peru,2002,20955,206,17,13,Naviera_001799
9001539,Buque_001539,Malta,2000,5628,319,34,15,Naviera_005784
9001540,Buque_001540,Reino Unido,2014,15480,240,17,14,Naviera_004302
9001541,Buque_001541,Ecuador,1989,15421,196,13,12,Naviera_002060
9001542,Buque_001542,Singapur,1984,19286,284,20,14,Naviera_006310
9001543,Buque_001543,Reino Unido,2000,11761,384,49,18,Naviera_000326
9001544,Buque_001544,Singapur,2000,18870,79,11,19,Naviera_002978
9001545,Buque_001545,Chile,2015,23879,112,47,14,Naviera_001505
9001546,Buque_001546,Estados Unidos,1984,5390,154,26,7,Naviera_004945
9001547,Buque_001547,China,1983,9117,127,55,14,Naviera_008264
9001548,Buque_001548,Dinamarca,1982,522,386,49,14,Naviera_000271
9001549,Buque_001549,Singapur,2006,13178,182,55,11,Naviera_000726
9001550,Buque_001550,Panama,1998,19169,233,38,11,Naviera_001837
9001551,Buque_001551,China,2010,11929,398,24,6,Naviera_003564
9001552,Buque_001552,Estados Unidos,1982,21826,83,57,19,Naviera_004728
9001553,Buque_001553,Liberia,2016,6262,356,45,17,Naviera_005523
9001554,Buque_001554,Panama,1990,12536,146,43,9,Naviera_005043
9001555,Buque_001555,Bahamas,1986,23769,182,57,19,Naviera_008838
9001556,Buque_001556,Panama,2020,13452,352,31,15,Naviera_009115
9001557,Buque_001557,Dinamarca,2019,19971,328,54,12,Naviera_000945
9001558,Buque_001558,Ecuador,2018,20894,308,20,13,Naviera_002190
9001559,Buque_001559,Islas Marshall,2017,5638,293,55,17,Naviera_002300
9001560,Buque_001560,Liberia,2012,9010,113,24,6,Naviera_001153
9001561,Buque_001561,China,1997,5474,169,46,11,Naviera_003602
9001562,Buque_001562,Mexico,2014,16400,94,42,19,Naviera_008938
9001563,Buque_001563,Japon,1990,15961,389,23,17,Naviera_000940
9001564,Buque_001564,Panama,2016,12556,324,49,14,Naviera_001669
9001565,Buque_001565,Ecuador,2020,4507,387,32,15,Naviera_000247
9001566,Buque_001566,Hong Kong,1992,14759,233,23,16,Naviera_008275
9001567,Buque_001567,Grecia,2007,2429,311,22,14,Naviera_004443
9001568,Buque_001568,Mexico,1994,19499,253,48,14,Naviera_000755
9001569,Buque_001569,Ecuador,1998,5988,109,41,19,Naviera_001934
9001570,Buque_001570,Panama,1989,8737,356,11,18,Naviera_009257
9001571,Buque_001571,Brasil,2004,6957,360,50,10,Naviera_003582
9001572,Buque_001572,Alemania,2010,2256,322,56,5,Naviera_003881
9001573,Buque_001573,Dinamarca,1980,3906,240,22,13,Naviera_009323
9001574,Buque_001574,Reino Unido,1991,6485,63,27,19,Naviera_009615
9001575,Buque_001575,Noruega,1988,10656,116,55,15,Naviera_004029
9001576,Buque_001576,Islas Marshall,2022,22504,118,49,14,Naviera_003555
9001577,Buque_001577,Noruega,1985,4319,149,59,18,Naviera_009459
9001578,Buque_001578,Mexico,2024,14711,176,44,11,Naviera_004849
9001579,Buque_001579,Bahamas,2017,3404,95,23,14,Naviera_006847
9001580,Buque_001580,Islas Marshall,1999,1616,399,48,13,Naviera_002473
9001581,Buque_001581,Hong Kong,1994,13772,178,27,12,Naviera_008015
9001582,Buque_001582,Peru,1995,13900,198,53,10,Naviera_007898
9001583,Buque_001583,Malta,1994,11348,147,14,10,Naviera_000932
9001584,Buque_001584,China,1989,8958,67,30,11,Naviera_002528
9001585,Buque_001585,Noruega,1991,18263,141,53,6,Naviera_007740
9001586,Buque_001586,Singapur,1985,11512,384,20,8,Naviera_009794
9001587,Buque_001587,Chile,2005,2380,140,26,18,Naviera_008549
9001588,Buque_001588,Singapur,2025,16451,263,55,8,Naviera_009496
9001589,Buque_001589,Chile,2003,14572,165,25,8,Naviera_008278
9001590,Buque_001590,Singapur,1988,17635,89,28,6,Naviera_000469
9001591,Buque_001591,Reino Unido,2025,18839,207,31,9,Naviera_007005
9001592,Buque_001592,Japon,1989,23278,319,20,10,Naviera_001928
9001593,Buque_001593,Dinamarca,1995,14863,51,29,6,Naviera_009081
9001594,Buque_001594,Singapur,2007,5955,362,29,18,Naviera_000372
9001595,Buque_001595,Chile,1983,8558,347,12,12,Naviera_001105
9001596,Buque_001596,Liberia,2023,23604,150,11,5,Naviera_004987
9001597,Buque_001597,Grecia,1980,17480,107,52,13,Naviera_007660
9001598,Buque_001598,Espana,2017,18650,297,16,5,Naviera_006985
9001599,Buque_001599,Malta,1985,1364,211,43,7,Naviera_001311
9001600,Buque_001600,Islas Marshall,1980,12062,74,29,5,Naviera_009837
9001601,Buque_001601,Estados Unidos,2013,2199,109,17,11,Naviera_006854
9001602,Buque_001602,Liberia,2000,14892,385,39,9,Naviera_009217
9001603,Buque_001603,Reino Unido,2012,9632,335,40,5,Naviera_001618
9001604,Buque_001604,Brasil,2025,21887,67,53,9,Naviera_000095
9001605,Buque_001605,Alemania,1987,11595,271,48,9,Naviera_000689
9001606,Buque_001606,Panama,2012,11659,123,18,16,Naviera_001785
9001607,Buque_001607,China,1982,16428,231,10,19,Naviera_007601
9001608,Buque_001608,Dinamarca,1993,7163,96,35,14,Naviera_008388
9001609,Buque_001609,Espana,1997,2449,312,34,9,Naviera_006183
9001610,Buque_001610,Hong Kong,2013,12992,126,29,15,Naviera_004102
9001611,Buque_001611,Liberia,2017,3376,205,48,15,Naviera_009821
9001612,Buque_001612,China,1991,10341,136,48,15,Naviera_001547
9001613,Buque_001613,Liberia,1993,4578,287,44,16,Naviera_001333
9001614,Buque_001614,Singapur,2015,9714,239,36,16,Naviera_008955
9001615,Buque_001615,Japon,2016,3437,122,45,7,Naviera_003506
9001616,Buque_001616,Peru,2005,5949,315,59,13,Naviera_002407
9001617,Buque_001617,Hong Kong,2012,12001,75,51,7,Naviera_002130
9001618,Buque_001618,Estados Unidos,2003,23093,62,48,5,Naviera_007351
9001619,Buque_001619,Mexico,1995,9039,390,20,15,Naviera_002540
9001620,Buque_001620,Grecia,2007,16792,265,14,15,Naviera_000259
9001621,Buque_001621,Islas Marshall,1981,2786,229,26,19,Naviera_008527
9001622,Buque_001622,Reino Unido,2020,14900,226,22,14,Naviera_006880
9001623,Buque_001623,Japon,1985,22756,136,16,13,Naviera_000333
9001624,Buque_001624,Estados Unidos,1997,8964,372,10,13,Naviera_002781
9001625,Buque_001625,Liberia,2006,1464,115,31,13,Naviera_005048
9001626,Buque_001626,Dinamarca,2003,7051,164,42,6,Naviera_001491
9001627,Buque_001627,Bahamas,1987,19963,136,58,8,Naviera_001408
9001628,Buque_001628,Japon,1983,23236,395,19,11,Naviera_001174
9001629,Buque_001629,Malta,1983,3643,228,57,6,Naviera_008834
9001630,Buque_001630,Estados Unidos,2000,16501,344,20,15,Naviera_007700
9001631,Buque_001631,Islas Marshall,2025,15522,288,12,15,Naviera_002372
9001632,Buque_001632,Japon,2015,11774,214,38,6,Naviera_002436
9001633,Buque_001633,Singapur,2025,10312,71,53,11,Naviera_006911
9001634,Buque_001634,Bahamas,1987,2027,78,50,16,Naviera_000414
9001635,Buque_001635,Alemania,1989,16300,228,28,7,Naviera_001068
9001636,Buque_001636,China,1995,19509,240,45,16,Naviera_003857
9001637,Buque_001637,Colombia,1991,14102,276,49,15,Naviera_000980
9001638,Buque_001638,Chile,2008,17109,306,54,18,Naviera_004456
9001639,Buque_001639,Ecuador,2011,17867,218,47,17,Naviera_002132
9001640,Buque_001640,Peru,2013,15385,178,14,17,Naviera_009702
9001641,Buque_001641,Mexico,2016,20698,81,46,8,Naviera_009764
9001642,Buque_001642,Malta,2024,20819,303,32,12,Naviera_009822
9001643,Buque_001643,Alemania,2016,12685,325,56,12,Naviera_003484
9001644,Buque_001644,China,1986,15659,50,14,15,Naviera_009724
9001645,Buque_001645,Singapur,1994,9168,154,12,10,Naviera_002545
9001646,Buque_001646,Chile,2009,19380,67,16,5,Naviera_006375
9001647,Buque_001647,Grecia,2005,5390,259,37,7,Naviera_003631
9001648,Buque_001648,Hong Kong,2015,11325,114,42,17,Naviera_001345
9001649,Buque_001649,Malta,1990,15917,352,17,18,Naviera_002354
9001650,Buque_001650,Islas Marshall,1988,6835,254,38,14,Naviera_007222
9001651,Buque_001651,Panama,2024,6501,152,14,13,Naviera_005220
9001652,Buque_001652,Grecia,2016,2451,53,29,6,Naviera_000342
9001653,Buque_001653,Brasil,2017,16956,398,15,10,Naviera_005762
9001654,Buque_001654,Colombia,2010,967,234,58,9,Naviera_003513
9001655,Buque_001655,Chile,1984,21335,86,54,14,Naviera_008239
9001656,Buque_001656,China,2007,16658,211,43,5,Naviera_008505
9001657,Buque_001657,Peru,2005,7062,260,48,8,Naviera_002382
9001658,Buque_001658,Dinamarca,1994,2378,268,22,5,Naviera_004920
9001659,Buque_001659,Malta,1983,14838,283,58,19,Naviera_007286
9001660,Buque_001660,Alemania,1985,2856,250,40,13,Naviera_006781
9001661,Buque_001661,Chile,2014,22169,267,19,17,Naviera_003774
9001662,Buque_001662,Japon,1984,4353,151,14,9,Naviera_003713
9001663,Buque_001663,Estados Unidos,1999,6682,328,53,19,Naviera_009125
9001664,Buque_001664,Reino Unido,1986,21002,117,48,5,Naviera_000398
9001665,Buque_001665,Panama,2020,16050,104,40,16,Naviera_007392
9001666,Buque_001666,Grecia,1997,16722,142,16,16,Naviera_000016
9001667,Buque_001667,Alemania,2012,10588,274,55,14,Naviera_006636
9001668,Buque_001668,Hong Kong,2006,13320,342,52,12,Naviera_001554
9001669,Buque_001669,Mexico,2010,9497,305,37,19,Naviera_006838
9001670,Buque_001670,Dinamarca,2020,19716,182,44,10,Naviera_002458
9001671,Buque_001671,Japon,2008,4468,152,36,19,Naviera_000351
9001672,Buque_001672,Estados Unidos,1980,3141,302,44,6,Naviera_006507
9001673,Buque_001673,Espana,1985,20108,352,15,11,Naviera_006414
9001674,Buque_001674,Japon,2023,14461,394,45,10,Naviera_005505
9001675,Buque_001675,Estados Unidos,1988,20071,182,25,7,Naviera_003291
9001676,Buque_001676,Noruega,2022,4646,376,18,15,Naviera_002188
9001677,Buque_001677,Bahamas,2016,4748,102,36,6,Naviera_004320
9001678,Buque_001678,Noruega,2024,3428,92,25,7,Naviera_002658
9001679,Buque_001679,Brasil,2012,20467,285,26,11,Naviera_002708
9001680,Buque_001680,Brasil,1999,1054,135,10,14,Naviera_004635
9001681,Buque_001681,Grecia,1997,11936,123,58,9,Naviera_002136
9001682,Buque_001682,Panama,1994,4214,147,43,12,Naviera_001889
9001683,Buque_001683,Noruega,1993,18620,355,12,9,Naviera_007231
9001684,Buque_001684,Peru,1983,8713,291,48,5,Naviera_000672
9001685,Buque_001685,Malta,2012,13811,196,21,5,Naviera_008342
9001686,Buque_001686,Japon,2004,4299,246,11,16,Naviera_004347
9001687,Buque_001687,China,2024,2140,382,49,10,Naviera_007685
9001688,Buque_001688,Panama,2013,23918,215,26,11,Naviera_004251
9001689,Buque_001689,Hong Kong,1983,23178,95,43,16,Naviera_003989
9001690,Buque_001690,Chile,2009,16429,60,46,14,Naviera_002264
9001691,Buque_001691,Mexico,2004,7269,156,30,15,Naviera_007664
9001692,Buque_001692,Japon,2015,12090,52,54,13,Naviera_008387
9001693,Buque_001693,Estados Unidos,2022,21654,84,21,10,Naviera_008425
9001694,Buque_001694,Estados Unidos,1985,3653,268,35,8,Naviera_009778
9001695,Buque_001695,Alemania,2004,15797,327,21,7,Naviera_003923
9001696,Buque_001696,Ecuador,2012,16193,55,17,7,Naviera_002044
9001697,Buque_001697,Noruega,2011,19389,350,52,14,Naviera_005177
9001698,Buque_001698,Mexico,1991,3503,167,13,11,Naviera_004745
9001699,Buque_001699,Chile,1985,20913,384,58,7,Naviera_002452
9001700,Buque_001700,Peru,1986,20227,197,40,10,Naviera_007408
9001701,Buque_001701,Espana,2021,4024,259,27,17,Naviera_006082
9001702,Buque_001702,Dinamarca,1992,5175,305,19,17,Naviera_007271
9001703,Buque_001703,Malta,1995,7220,207,19,13,Naviera_002403
9001704,Buque_001704,Ecuador,2002,6978,94,49,15,Naviera_003612
9001705,Buque_001705,Espana,1981,20757,174,43,16,Naviera_002592
9001706,Buque_001706,Estados Unidos,2013,18690,176,34,16,Naviera_004467
9001707,Buque_001707,Malta,1985,12767,265,44,13,Naviera_000900
9001708,Buque_001708,Alemania,2017,16211,399,18,13,Naviera_006482
9001709,Buque_001709,Liberia,1995,2769,132,18,11,Naviera_009199
9001710,Buque_001710,Noruega,1998,3833,271,29,13,Naviera_007814
9001711,Buque_001711,Grecia,1988,19236,331,24,10,Naviera_004837
9001712,Buque_001712,China,2007,2184,101,22,7,Naviera_005379
9001713,Buque_001713,Panama,1997,23309,295,46,12,Naviera_004405
9001714,Buque_001714,Reino Unido,2006,6209,94,15,17,Naviera_003552
9001715,Buque_001715,Liberia,2002,2809,61,22,9,Naviera_001455
9001716,Buque_001716,Japon,1996,20027,74,34,19,Naviera_004220
9001717,Buque_001717,Ecuador,1986,15546,256,29,12,Naviera_004788
9001718,Buque_001718,Islas Marshall,2024,12762,201,52,19,Naviera_006970
9001719,Buque_001719,Colombia,1993,17811,150,33,7,Naviera_008138
9001720,Buque_001720,Noruega,2024,15221,399,13,15,Naviera_002284
9001721,Buque_001721,Chile,2006,1595,304,42,8,Naviera_007271
9001722,Buque_001722,Bahamas,1995,9266,92,15,16,Naviera_003452
9001723,Buque_001723,Brasil,1990,7227,118,52,8,Naviera_008381
9001724,Buque_001724,Brasil,2017,18470,107,14,18,Naviera_006314
9001725,Buque_001725,Colombia,1989,18545,189,55,14,Naviera_009885
9001726,Buque_001726,Noruega,2024,18117,331,22,7,Naviera_003396
9001727,Buque_001727,Grecia,2016,21620,302,17,6,Naviera_004831
9001728,Buque_001728,Liberia,1997,21691,374,25,16,Naviera_009225
9001729,Buque_001729,Bahamas,1980,4696,128,46,15,Naviera_004064
9001730,Buque_001730,Estados Unidos,2000,5227,395,28,11,Naviera_001248
9001731,Buque_001731,Panama,2024,8324,293,30,18,Naviera_008046
9001732,Buque_001732,Singapur,2002,1275,213,55,19,Naviera_006436
9001733,Buque_001733,Malta,1987,22083,191,22,17,Naviera_000091
9001734,Buque_001734,Dinamarca,2023,18313,310,59,12,Naviera_008263
9001735,Buque_001735,Japon,1995,14669,154,53,18,Naviera_001998
9001736,Buque_001736,Alemania,2018,8813,66,48,19,Naviera_004133
9001737,Buque_001737,China,1988,16435,58,33,11,Naviera_006948
9001738,Buque_001738,Reino Unido,2005,22964,338,36,19,Naviera_002623
9001739,Buque_001739,Espana,1984,4178,385,35,6,Naviera_000369
9001740,Buque_001740,Malta,1987,1679,138,34,15,Naviera_005977
9001741,Buque_001741,Estados Unidos,2011,12174,76,18,7,Naviera_003691
9001742,Buque_001742,Islas Marshall,2021,9995,210,33,14,Naviera_003860
9001743,Buque_001743,Estados Unidos,2001,18240,266,43,5,Naviera_007815
9001744,Buque_001744,China,1985,19130,131,44,8,Naviera_003866
9001745,Buque_001745,Colombia,2015,1486,346,41,17,Naviera_005753
9001746,Buque_001746,Liberia,2010,3919,199,32,9,Naviera_009916
9001747,Buque_001747,Hong Kong,2010,11225,199,46,11,Naviera_004451
9001748,Buque_001748,Dinamarca,2024,19300,280,30,13,Naviera_007685
9001749,Buque_001749,Ecuador,2025,3610,399,48,19,Naviera_008687
9001750,Buque_001750,Noruega,2019,14532,216,12,8,Naviera_000335
9001751,Buque_001751,Panama,2020,5151,275,29,11,Naviera_003201
9001752,Buque_001752,Bahamas,2007,19097,239,39,11,Naviera_003201
9001753,Buque_001753,Chile,1987,5560,115,33,8,Naviera_007054
9001754,Buque_001754,Noruega,1983,2980,280,14,11,Naviera_005540
9001755,Buque_001755,Japon,1981,14310,294,47,18,Naviera_003856
9001756,Buque_001756,Colombia,2018,12828,256,53,19,Naviera_008203
9001757,Buque_001757,Malta,2015,20195,137,41,10,Naviera_001007
9001758,Buque_001758,Malta,2007,14663,290,27,17,Naviera_004689
9001759,Buque_001759,Noruega,2005,12383,371,16,19,Naviera_009204
9001760,Buque_001760,Mexico,2025,5625,278,26,18,Naviera_003725
9001761,Buque_001761,Ecuador,1980,18782,76,53,11,Naviera_007159
9001762,Buque_001762,Noruega,1981,10945,392,38,9,Naviera_000610
9001763,Buque_001763,Colombia,2024,14138,273,33,6,Naviera_004119
9001764,Buque_001764,Estados Unidos,2010,19891,180,21,11,Naviera_005177
9001765,Buque_001765,Brasil,2023,1717,316,46,12,Naviera_001003
9001766,Buque_001766,Ecuador,2022,9712,177,31,11,Naviera_002015
9001767,Buque_001767,China,2000,22627,254,23,13,Naviera_009439
9001768,Buque_001768,Chile,1990,10269,376,47,19,Naviera_007846
9001769,Buque_001769,Panama,1999,12265,328,13,19,Naviera_002747
9001770,Buque_001770,Noruega,1986,19140,277,49,12,Naviera_005447
9001771,Buque_001771,Estados Unidos,1983,6775,287,14,14,Naviera_001027
9001772,Buque_001772,China,2016,11398,123,45,8,Naviera_005892
9001773,Buque_001773,Malta,1989,8118,301,53,19,Naviera_004803
9001774,Buque_001774,Japon,1986,16163,192,50,5,Naviera_001896
9001775,Buque_001775,Grecia,2006,6775,273,50,7,Naviera_006278
9001776,Buque_001776,Liberia,1988,21823,287,25,8,Naviera_008240
9001777,Buque_001777,Colombia,1994,22827,196,41,16,Naviera_009995
9001778,Buque_001778,Malta,2006,1179,143,46,13,Naviera_000263
9001779,Buque_001779,Grecia,1985,1839,250,19,11,Naviera_009105
9001780,Buque_001780,Dinamarca,1997,15375,214,57,19,Naviera_005663
9001781,Buque_001781,Islas Marshall,2018,7332,290,21,17,Naviera_004492
9001782,Buque_001782,Ecuador,1991,19077,299,29,7,Naviera_005649
9001783,Buque_001783,Panama,2016,11562,356,27,10,Naviera_008902
9001784,Buque_001784,Malta,2015,23573,389,14,9,Naviera_006192
9001785,Buque_001785,Ecuador,1994,16167,389,58,8,Naviera_009430
9001786,Buque_001786,Dinamarca,2011,9961,89,49,18,Naviera_003440
9001787,Buque_001787,Bahamas,2015,21887,151,30,9,Naviera_008217
9001788,Buque_001788,Grecia,1996,12909,392,30,11,Naviera_002196
9001789,Buque_001789,China,2003,9260,296,15,14,Naviera_001645
9001790,Buque_001790,Malta,2001,13360,117,37,17,Naviera_003599
9001791,Buque_001791,China,2025,13128,125,55,13,Naviera_002141
9001792,Buque_001792,Liberia,1981,15491,378,52,18,Naviera_005941
9001793,Buque_001793,Alemania,2022,661,386,34,8,Naviera_002360
9001794,Buque_001794,Estados Unidos,2001,15233,268,39,18,Naviera_001582
9001795,Buque_001795,Chile,1983,13311,247,28,6,Naviera_005865
9001796,Buque_001796,Peru,1993,13792,132,10,9,Naviera_002996
9001797,Buque_001797,Dinamarca,1981,22287,393,42,18,Naviera_001706
9001798,Buque_001798,Brasil,2000,661,218,35,11,Naviera_006408
9001799,Buque_001799,Mexico,1985,10403,228,59,17,Naviera_009418
9001800,Buque_001800,Ecuador,2017,7042,109,28,11,Naviera_003242
9001801,Buque_001801,Espana,2024,1855,381,51,16,Naviera_002410
9001802,Buque_001802,Chile,1983,10925,238,33,14,Naviera_008469
9001803,Buque_001803,Chile,2004,13904,278,32,16,Naviera_001073
9001804,Buque_001804,Peru,1981,14374,388,41,16,Naviera_004360
9001805,Buque_001805,Hong Kong,1986,18609,257,48,17,Naviera_004070
9001806,Buque_001806,Reino Unido,1992,21037,291,16,7,Naviera_004022
9001807,Buque_001807,Estados Unidos,2025,585,167,29,6,Naviera_001791
9001808,Buque_001808,Colombia,1998,8620,149,12,18,Naviera_007480
9001809,Buque_001809,Reino Unido,1980,3186,148,39,13,Naviera_004092
9001810,Buque_001810,Singapur,2004,5870,323,49,6,Naviera_006343
9001811,Buque_001811,Japon,2012,10699,97,15,13,Naviera_003689
9001812,Buque_001812,Dinamarca,1983,19592,117,55,17,Naviera_007012
9001813,Buque_001813,China,2005,7271,366,23,12,Naviera_006755
9001814,Buque_001814,Singapur,1988,8819,397,57,10,Naviera_007827
9001815,Buque_001815,Chile,2014,18193,209,21,17,Naviera_001244
9001816,Buque_001816,Ecuador,2021,21356,321,55,9,Naviera_009756
9001817,Buque_001817,Japon,2000,2977,315,56,10,Naviera_008994
9001818,Buque_001818,Panama,2017,22287,95,11,17,Naviera_007311
9001819,Buque_001819,Estados Unidos,2015,5700,324,17,17,Naviera_003528
9001820,Buque_001820,Colombia,1992,13850,223,14,19,Naviera_005391
9001821,Buque_001821,Malta,1982,9455,75,46,9,Naviera_005808
9001822,Buque_001822,Grecia,2020,3576,53,16,16,Naviera_001992
9001823,Buque_001823,Japon,1986,5086,380,51,11,Naviera_003709
9001824,Buque_001824,Malta,2003,16070,195,55,9,Naviera_009183
9001825,Buque_001825,Chile,1992,20974,62,37,18,Naviera_009628
9001826,Buque_001826,Ecuador,2023,2540,237,29,5,Naviera_002192
9001827,Buque_001827,Estados Unidos,2006,21369,224,33,11,Naviera_009880
9001828,Buque_001828,Bahamas,1991,15358,182,45,16,Naviera_002845
9001829,Buque_001829,China,2012,19538,319,27,18,Naviera_004284
9001830,Buque_001830,Bahamas,2011,14031,391,15,7,Naviera_006528
9001831,Buque_001831,Islas Marshall,2009,10001,388,59,17,Naviera_002602
9001832,Buque_001832,Estados Unidos,2025,9844,244,55,9,Naviera_001037
9001833,Buque_001833,Colombia,1984,837,189,42,9,Naviera_008845
9001834,Buque_001834,Bahamas,1985,13195,150,40,17,Naviera_006422
9001835,Buque_001835,Espana,2019,6788,54,17,17,Naviera_004128
9001836,Buque_001836,Bahamas,2014,2566,315,18,7,Naviera_002048
9001837,Buque_001837,Mexico,2009,21523,176,53,10,Naviera_002649
9001838,Buque_001838,Colombia,2009,8010,381,27,14,Naviera_007308
9001839,Buque_001839,Panama,1989,15448,184,34,6,Naviera_009229
9001840,Buque_001840,Noruega,2003,6474,134,12,12,Naviera_005706
9001841,Buque_001841,Peru,1990,16135,56,59,13,Naviera_000054
9001842,Buque_001842,Mexico,2013,9023,170,45,7,Naviera_001098
9001843,Buque_001843,Espana,1999,5241,276,13,19,Naviera_008114
9001844,Buque_001844,Reino Unido,2022,13960,65,12,8,Naviera_001289
9001845,Buque_001845,Malta,2023,1089,344,46,10,Naviera_005755
9001846,Buque_001846,Estados Unidos,1991,3842,86,23,7,Naviera_001332
9001847,Buque_001847,China,2008,23323,245,22,14,Naviera_001249
9001848,Buque_001848,Noruega,2006,16753,384,46,17,Naviera_002296
9001849,Buque_001849,Noruega,2004,9256,122,10,11,Naviera_000770
9001850,Buque_001850,Bahamas,2010,7058,142,59,17,Naviera_005008
9001851,Buque_001851,Noruega,1983,11639,167,51,7,Naviera_003145
9001852,Buque_001852,Grecia,1993,2622,58,40,15,Naviera_005271
9001853,Buque_001853,Dinamarca,2012,12496,159,15,12,Naviera_006437
9001854,Buque_001854,Reino Unido,1989,9469,99,41,19,Naviera_009077
9001855,Buque_001855,Estados Unidos,1999,561,148,43,12,Naviera_006841
9001856,Buque_001856,Hong Kong,2003,20038,180,42,11,Naviera_005912
9001857,Buque_001857,Hong Kong,1995,10997,331,27,7,Naviera_000733
9001858,Buque_001858,Noruega,1990,1155,87,52,16,Naviera_007470
9001859,Buque_001859,Singapur,1984,8688,131,53,7,Naviera_000580
9001860,Buque_001860,Panama,2025,17216,327,26,6,Naviera_002418
9001861,Buque_001861,Bahamas,1999,4346,218,36,14,Naviera_008077
9001862,Buque_001862,Japon,1991,2112,304,57,15,Naviera_001419
9001863,Buque_001863,Espana,2016,5867,289,22,17,Naviera_009667
9001864,Buque_001864,Mexico,2009,13978,208,30,8,Naviera_006139
9001865,Buque_001865,Colombia,1993,7191,59,30,6,Naviera_000646
9001866,Buque_001866,Singapur,2011,22737,162,38,11,Naviera_005972
9001867,Buque_001867,Colombia,1990,5376,215,19,15,Naviera_002890
9001868,Buque_001868,Estados Unidos,2008,18597,275,17,8,Naviera_001327
9001869,Buque_001869,Panama,1993,14312,293,10,10,Naviera_004095
9001870,Buque_001870,China,2013,2883,187,25,14,Naviera_004040
9001871,Buque_001871,China,1984,13600,348,37,12,Naviera_003170
9001872,Buque_001872,Liberia,1991,1917,370,36,18,Naviera_001908
9001873,Buque_001873,Mexico,2017,9324,51,30,8,Naviera_007444
9001874,Buque_001874,Islas Marshall,1997,9930,203,23,14,Naviera_008480
9001875,Buque_001875,Alemania,1983,939,370,19,18,Naviera_007924
9001876,Buque_001876,Reino Unido,1993,3542,385,57,12,Naviera_009334
9001877,Buque_001877,Islas Marshall,2010,14961,78,33,19,Naviera_001473
9001878,Buque_001878,Mexico,1997,20088,347,37,13,Naviera_005286
9001879,Buque_001879,Brasil,1981,23496,394,47,10,Naviera_001152
9001880,Buque_001880,Liberia,2012,2269,213,23,15,Naviera_003104
9001881,Buque_001881,Singapur,2003,2446,263,30,5,Naviera_005275
9001882,Buque_001882,Reino Unido,1997,18720,192,10,8,Naviera_009989
9001883,Buque_001883,Colombia,2007,5658,55,45,8,Naviera_007617
9001884,Buque_001884,Panama,2010,9308,270,54,11,Naviera_008915
9001885,Buque_001885,Noruega,2012,2490,255,44,6,Naviera_006613
9001886,Buque_001886,Japon,2016,11975,294,34,7,Naviera_004584
9001887,Buque_001887,Alemania,2025,13320,147,43,16,Naviera_000246
9001888,Buque_001888,Reino Unido,2018,22505,145,31,13,Naviera_006052
9001889,Buque_001889,Grecia,2003,11618,166,47,12,Naviera_009009
9001890,Buque_001890,Noruega,2019,1647,322,36,5,Naviera_008672
9001891,Buque_001891,Alemania,2002,1131,150,27,6,Naviera_009596
9001892,Buque_001892,Reino Unido,1984,7953,120,51,7,Naviera_002705
9001893,Buque_001893,China,2004,10279,215,17,8,Naviera_002605
9001894,Buque_001894,Noruega,2020,5854,203,28,12,Naviera_006930
9001895,Buque_001895,Chile,2010,22544,97,28,9,Naviera_000733
9001896,Buque_001896,Brasil,2023,6984,117,52,17,Naviera_003963
9001897,Buque_001897,Chile,1984,11303,276,36,12,Naviera_005982
9001898,Buque_001898,Hong Kong,2016,14397,304,22,11,Naviera_005179
9001899,Buque_001899,Reino Unido,2002,2241,125,52,10,Naviera_002831
9001900,Buque_001900,Ecuador,1982,4453,386,34,7,Naviera_003203
9001901,Buque_001901,Liberia,2021,17043,226,35,17,Naviera_005185
9001902,Buque_001902,Bahamas,2016,8553,118,59,9,Naviera_000622
9001903,Buque_001903,Estados Unidos,2015,16825,194,16,15,Naviera_001771
9001904,Buque_001904,China,2018,3657,287,32,15,Naviera_007802
9001905,Buque_001905,Estados Unidos,2021,11846,181,29,10,Naviera_003614
9001906,Buque_001906,Alemania,2005,4096,334,58,17,Naviera_007241
9001907,Buque_001907,Ecuador,2014,19327,349,26,19,Naviera_009733
9001908,Buque_001908,Dinamarca,1980,14084,370,46,9,Naviera_004923
9001909,Buque_001909,Grecia,1996,8451,285,25,10,Naviera_009854
9001910,Buque_001910,Brasil,1993,13867,211,16,15,Naviera_009044
9001911,Buque_001911,Estados Unidos,2004,20116,366,45,12,Naviera_007198
9001912,Buque_001912,Dinamarca,2012,23700,53,55,16,Naviera_009366
9001913,Buque_001913,Grecia,2002,17435,300,28,9,Naviera_003597
9001914,Buque_001914,Grecia,2013,20608,94,32,19,Naviera_005673
9001915,Buque_001915,Brasil,1999,4451,384,47,10,Naviera_005326
9001916,Buque_001916,Espana,2003,12917,335,33,6,Naviera_007791
9001917,Buque_001917,China,1990,8326,95,33,7,Naviera_003444
9001918,Buque_001918,Brasil,2001,6220,204,35,10,Naviera_007435
9001919,Buque_001919,Singapur,1989,2047,185,51,12,Naviera_000065
9001920,Buque_001920,Estados Unidos,2024,22118,199,58,7,Naviera_009125
9001921,Buque_001921,Japon,1996,8005,124,10,8,Naviera_004231
9001922,Buque_001922,Peru,1996,12944,147,39,15,Naviera_009070
9001923,Buque_001923,Espana,1993,21824,167,41,6,Naviera_006270
9001924,Buque_001924,Colombia,1982,3911,187,58,12,Naviera_005584
9001925,Buque_001925,Islas Marshall,1983,10719,265,39,13,Naviera_006911
9001926,Buque_001926,Noruega,2021,22408,92,15,16,Naviera_002009
9001927,Buque_001927,Panama,1998,918,136,29,17,Naviera_000031
9001928,Buque_001928,China,2000,15696,106,47,16,Naviera_003183
9001929,Buque_001929,Alemania,1980,20426,229,52,15,Naviera_003829
9001930,Buque_001930,Brasil,2010,14771,203,44,8,Naviera_006834
9001931,Buque_001931,Peru,1986,20570,96,15,14,Naviera_005442
9001932,Buque_001932,Reino Unido,2020,18342,269,42,10,Naviera_007837
9001933,Buque_001933,Ecuador,2021,21963,385,39,14,Naviera_002486
9001934,Buque_001934,China,2021,15439,191,36,16,Naviera_009222
9001935,Buque_001935,Japon,2013,23490,380,47,12,Naviera_007315
9001936,Buque_001936,Colombia,2002,18641,114,19,16,Naviera_005082
9001937,Buque_001937,Hong Kong,2006,22712,71,48,19,Naviera_008364
9001938,Buque_001938,Malta,2006,3820,203,37,14,Naviera_003217
9001939,Buque_001939,Liberia,2007,2403,374,27,18,Naviera_005491
9001940,Buque_001940,Japon,2019,4677,272,50,10,Naviera_000943
9001941,Buque_001941,Singapur,2024,7535,93,53,8,Naviera_000183
9001942,Buque_001942,Espana,1989,4287,60,43,18,Naviera_006553
9001943,Buque_001943,Islas Marshall,1989,13761,165,11,6,Naviera_001930
9001944,Buque_001944,Chile,1997,5788,129,22,13,Naviera_003594
9001945,Buque_001945,Liberia,2015,7299,393,42,17,Naviera_009162
9001946,Buque_001946,Estados Unidos,2009,3697,398,59,7,Naviera_005762
9001947,Buque_001947,Colombia,2020,15456,337,43,10,Naviera_001981
9001948,Buque_001948,Peru,1988,8064,387,17,7,Naviera_005360
9001949,Buque_001949,Alemania,1984,783,157,11,15,Naviera_000145
9001950,Buque_001950,Ecuador,2021,20316,138,31,19,Naviera_007835
9001951,Buque_001951,Grecia,2014,1542,228,51,13,Naviera_005723
9001952,Buque_001952,Ecuador,1999,8431,262,13,14,Naviera_007555
9001953,Buque_001953,Islas Marshall,2011,19356,279,53,6,Naviera_004470
9001954,Buque_001954,Dinamarca,2014,11711,350,30,6,Naviera_004807
9001955,Buque_001955,Singapur,1992,8299,365,38,6,Naviera_000350
9001956,Buque_001956,China,2018,6127,88,29,16,Naviera_005031
9001957,Buque_001957,Grecia,1993,19264,319,43,16,Naviera_006293
9001958,Buque_001958,Brasil,2000,21288,78,35,14,Naviera_008052
9001959,Buque_001959,Mexico,1993,819,260,15,9,Naviera_002974
9001960,Buque_001960,Dinamarca,2013,10445,367,39,14,Naviera_008932
9001961,Buque_001961,China,2000,11753,194,53,13,Naviera_005845
9001962,Buque_001962,Espana,1983,18490,245,56,17,Naviera_006114
9001963,Buque_001963,Peru,1999,17337,129,23,15,Naviera_002742
9001964,Buque_001964,Mexico,1996,1604,389,53,8,Naviera_001651
9001965,Buque_001965,Dinamarca,2015,12361,294,20,9,Naviera_008743
9001966,Buque_001966,Bahamas,2015,5259,116,56,19,Naviera_006765
9001967,Buque_001967,Bahamas,2019,9976,349,30,19,Naviera_004531
9001968,Buque_001968,Estados Unidos,2008,6947,152,41,16,Naviera_005415
9001969,Buque_001969,Grecia,2022,6900,290,33,18,Naviera_001492
9001970,Buque_001970,Liberia,2002,13995,179,31,10,Naviera_009784
9001971,Buque_001971,Mexico,2015,21689,213,11,9,Naviera_000799
9001972,Buque_001972,Dinamarca,1996,21426,115,56,11,Naviera_008335
9001973,Buque_001973,Bahamas,2009,13031,375,29,17,Naviera_005403
9001974,Buque_001974,Panama,1991,7987,119,20,18,Naviera_004813
9001975,Buque_001975,Singapur,2020,22870,243,23,12,Naviera_009690
9001976,Buque_001976,Peru,2017,20903,54,14,14,Naviera_007689
9001977,Buque_001977,Noruega,2007,22645,325,12,13,Naviera_000681
9001978,Buque_001978,Colombia,2020,1269,250,23,16,Naviera_001224
9001979,Buque_001979,Brasil,1981,11919,367,12,15,Naviera_004018
9001980,Buque_001980,Alemania,2000,19490,190,49,16,Naviera_001869
9001981,Buque_001981,Alemania,1996,15192,126,36,6,Naviera_002115
9001982,Buque_001982,Ecuador,2005,22835,74,43,17,Naviera_007398
9001983,Buque_001983,Islas Marshall,2009,6702,308,26,15,Naviera_005072
9001984,Buque_001984,Espana,2001,21262,124,48,6,Naviera_002966
9001985,Buque_001985,Panama,2006,2402,203,38,5,Naviera_007134
9001986,Buque_001986,Liberia,1983,15092,77,17,15,Naviera_003077
9001987,Buque_001987,Noruega,2022,15263,382,20,17,Naviera_007653
9001988,Buque_001988,Japon,2017,13522,64,53,18,Naviera_000405
9001989,Buque_001989,Chile,1991,4879,55,16,17,Naviera_003384
9001990,Buque_001990,Colombia,2006,11137,104,33,16,Naviera_002552
9001991,Buque_001991,Colombia,1985,5672,350,21,8,Naviera_005991
9001992,Buque_001992,Singapur,2020,8546,96,29,7,Naviera_005305
9001993,Buque_001993,Islas Marshall,2008,13863,316,38,18,Naviera_006909
9001994,Buque_001994,Panama,1986,18179,143,13,9,Naviera_001478
9001995,Buque_001995,Estados Unidos,2024,2933,222,39,6,Naviera_005483
9001996,Buque_001996,Bahamas,1985,18126,215,30,9,Naviera_004722
9001997,Buque_001997,Malta,1990,18281,85,59,5,Naviera_009516
9001998,Buque_001998,Mexico,2009,20933,74,30,19,Naviera_007048
9001999,Buque_001999,Japon,2005,8831,231,52,10,Naviera_006565
9002000,Buque_002000,Bahamas,1986,15423,110,12,6,Naviera_001573
9002001,Buque_002001,Espana,1985,22400,379,27,17,Naviera_007628
9002002,Buque_002002,Ecuador,2009,552,353,47,8,Naviera_007876
9002003,Buque_002003,Estados Unidos,2009,19779,266,24,6,Naviera_001119
9002004,Buque_002004,Mexico,2007,3015,215,32,19,Naviera_000518
9002005,Buque_002005,Noruega,1995,13835,367,18,6,Naviera_003228
9002006,Buque_002006,Estados Unidos,1994,8588,298,38,16,Naviera_004931
9002007,Buque_002007,Estados Unidos,2023,18018,86,37,10,Naviera_003282
9002008,Buque_002008,Singapur,2011,11696,254,40,18,Naviera_005305
9002009,Buque_002009,Noruega,2000,3699,167,29,10,Naviera_002374
9002010,Buque_002010,Singapur,2017,1962,359,29,9,Naviera_007264
9002011,Buque_002011,Islas Marshall,2019,19469,353,25,6,Naviera_009936
9002012,Buque_002012,Colombia,1990,18176,59,27,6,Naviera_003335
9002013,Buque_002013,Liberia,1996,19433,354,10,14,Naviera_008985
9002014,Buque_002014,Alemania,1986,17253,266,27,8,Naviera_007345
9002015,Buque_002015,Brasil,2022,20777,109,58,15,Naviera_006510
9002016,Buque_002016,Estados Unidos,2001,19920,166,48,15,Naviera_002689
9002017,Buque_002017,Chile,2019,21597,144,32,5,Naviera_001552
9002018,Buque_002018,Colombia,1985,21486,365,51,12,Naviera_005659
9002019,Buque_002019,Colombia,1989,22615,111,52,13,Naviera_002312
9002020,Buque_002020,Malta,2018,11457,149,34,8,Naviera_008969
9002021,Buque_002021,Mexico,2010,19030,191,41,14,Naviera_006049
9002022,Buque_002022,Chile,1980,18955,336,52,16,Naviera_003615
9002023,Buque_002023,China,1984,14592,221,21,6,Naviera_009694
9002024,Buque_002024,Espana,1981,15059,274,27,9,Naviera_008362
9002025,Buque_002025,Grecia,1987,13724,77,55,18,Naviera_006292
9002026,Buque_002026,Ecuador,1991,10384,298,47,18,Naviera_007158
9002027,Buque_002027,Estados Unidos,2008,15648,390,47,11,Naviera_002940
9002028,Buque_002028,Espana,1998,6297,130,41,8,Naviera_007074
9002029,Buque_002029,Espana,2020,11090,163,32,15,Naviera_007661
9002030,Buque_002030,Colombia,2012,12676,326,39,13,Naviera_009875
9002031,Buque_002031,Bahamas,2017,4985,67,56,17,Naviera_004579
9002032,Buque_002032,Malta,2025,13151,130,34,17,Naviera_001726
9002033,Buque_002033,Estados Unidos,1985,8984,357,16,14,Naviera_005425
9002034,Buque_002034,Malta,1990,7145,238,19,9,Naviera_006624
9002035,Buque_002035,China,1999,10141,397,25,6,Naviera_008309
9002036,Buque_002036,Chile,1991,10868,59,34,17,Naviera_006160
9002037,Buque_002037,Islas Marshall,1998,11048,83,14,19,Naviera_002805
9002038,Buque_002038,Estados Unidos,1983,3079,314,21,15,Naviera_007716
9002039,Buque_002039,Alemania,1998,3483,242,55,14,Naviera_000111
9002040,Buque_002040,Chile,2001,12165,75,29,12,Naviera_008250
9002041,Buque_002041,Dinamarca,2003,17548,122,41,7,Naviera_002248
9002042,Buque_002042,Liberia,1987,14066,57,58,17,Naviera_003632
9002043,Buque_002043,Reino Unido,1982,19848,373,51,12,Naviera_008786
9002044,Buque_002044,Colombia,2012,12945,191,25,14,Naviera_001077
9002045,Buque_002045,Reino Unido,1994,22956,240,23,5,Naviera_009038
9002046,Buque_002046,Grecia,1988,19899,95,20,9,Naviera_004259
9002047,Buque_002047,Grecia,1986,12153,72,36,15,Naviera_000668
9002048,Buque_002048,Brasil,2013,22192,185,47,18,Naviera_003144
9002049,Buque_002049,Colombia,1988,4582,240,33,10,Naviera_005372
9002050,Buque_002050,Estados Unidos,2009,11798,323,47,13,Naviera_005996
9002051,Buque_002051,Estados Unidos,1984,11720,207,20,19,Naviera_005323
9002052,Buque_002052,Dinamarca,2017,15747,219,35,10,Naviera_004878
9002053,Buque_002053,Brasil,2003,20796,217,52,7,Naviera_007960
9002054,Buque_002054,Japon,2022,13578,155,38,18,Naviera_006527
9002055,Buque_002055,Mexico,2006,3531,99,30,19,Naviera_002481
9002056,Buque_002056,Estados Unidos,2018,9636,373,30,17,Naviera_002313
9002057,Buque_002057,Grecia,1995,12128,363,30,17,Naviera_001695
9002058,Buque_002058,China,1981,21163,399,57,10,Naviera_002851
9002059,Buque_002059,Mexico,2006,10303,296,49,6,Naviera_004039
9002060,Buque_002060,Islas Marshall,2023,3165,312,54,7,Naviera_003651
9002061,Buque_002061,Noruega,2013,14833,105,36,18,Naviera_004204
9002062,Buque_002062,Hong Kong,2025,9325,168,52,15,Naviera_006970
9002063,Buque_002063,Panama,2001,13887,191,23,18,Naviera_004823
9002064,Buque_002064,Noruega,1983,18339,323,29,17,Naviera_007042
9002065,Buque_002065,Mexico,2010,15263,127,20,6,Naviera_000975
9002066,Buque_002066,Reino Unido,1998,22865,205,25,18,Naviera_002257
9002067,Buque_002067,Estados Unidos,2009,19988,260,26,10,Naviera_003213
9002068,Buque_002068,Espana,2017,7969,103,51,15,Naviera_000371
9002069,Buque_002069,Islas Marshall,1986,11092,125,28,17,Naviera_005186
9002070,Buque_002070,Grecia,2020,8258,295,18,5,Naviera_004731
9002071,Buque_002071,Liberia,1989,5925,187,14,9,Naviera_005673
9002072,Buque_002072,Hong Kong,2006,14808,139,33,6,Naviera_009607
9002073,Buque_002073,Brasil,2017,18978,373,13,5,Naviera_000911
9002074,Buque_002074,Singapur,1996,6545,233,30,17,Naviera_003248
9002075,Buque_002075,Espana,1992,12030,63,45,5,Naviera_004390
9002076,Buque_002076,Grecia,1989,6357,127,53,15,Naviera_005424
9002077,Buque_002077,Dinamarca,2019,1903,182,59,14,Naviera_006965
9002078,Buque_002078,Chile,2012,16343,126,48,11,Naviera_009508
9002079,Buque_002079,Singapur,2025,17203,189,52,7,Naviera_008082
9002080,Buque_002080,Peru,2004,9398,318,50,17,Naviera_005331
9002081,Buque_002081,Estados Unidos,1992,12920,181,48,6,Naviera_001631
9002082,Buque_002082,Liberia,1995,21606,181,50,13,Naviera_005403
9002083,Buque_002083,Mexico,1989,8235,231,44,17,Naviera_005402
9002084,Buque_002084,Alemania,1991,1762,186,42,7,Naviera_005597
9002085,Buque_002085,Dinamarca,1984,5790,332,19,13,Naviera_007648
9002086,Buque_002086,Brasil,2022,18871,230,14,18,Naviera_003714
9002087,Buque_002087,Liberia,2000,19832,389,40,19,Naviera_003802
9002088,Buque_002088,Alemania,1995,12855,326,31,15,Naviera_001766
9002089,Buque_002089,Ecuador,1991,8952,188,32,18,Naviera_004561
9002090,Buque_002090,Japon,2018,16673,295,51,14,Naviera_008932
9002091,Buque_002091,Singapur,1987,6776,135,52,8,Naviera_007628
9002092,Buque_002092,Alemania,1994,11822,68,28,19,Naviera_005014
9002093,Buque_002093,Ecuador,1987,7724,284,27,11,Naviera_004052
9002094,Buque_002094,Brasil,1992,1057,266,42,9,Naviera_007014
9002095,Buque_002095,Malta,1994,7474,139,18,16,Naviera_008277
9002096,Buque_002096,Espana,2023,14638,223,15,18,Naviera_008898
9002097,Buque_002097,Chile,1996,22990,216,50,14,Naviera_008531
9002098,Buque_002098,Grecia,2021,6824,103,58,12,Naviera_001147
9002099,Buque_002099,Japon,2023,563,277,30,17,Naviera_009869
9002100,Buque_002100,Dinamarca,2020,19170,118,20,5,Naviera_004355
9002101,Buque_002101,Bahamas,2018,3003,266,44,14,Naviera_002515
9002102,Buque_002102,Reino Unido,1990,22911,365,52,8,Naviera_000413
9002103,Buque_002103,Brasil,2001,20889,92,54,12,Naviera_000030
9002104,Buque_002104,Bahamas,1981,14291,135,32,16,Naviera_000735
9002105,Buque_002105,Islas Marshall,2017,3461,326,40,6,Naviera_007221
9002106,Buque_002106,Panama,1981,14408,314,38,11,Naviera_006489
9002107,Buque_002107,Bahamas,2017,18132,171,27,14,Naviera_003855
9002108,Buque_002108,Reino Unido,1994,15553,164,25,12,Naviera_008961
9002109,Buque_002109,Dinamarca,1983,21532,170,47,9,Naviera_005524
9002110,Buque_002110,Grecia,2004,16893,205,21,14,Naviera_008198
9002111,Buque_002111,Chile,1983,23531,111,37,7,Naviera_000701
9002112,Buque_002112,Japon,2010,14048,220,56,12,Naviera_004252
9002113,Buque_002113,Grecia,2015,2466,361,16,5,Naviera_005190
9002114,Buque_002114,Estados Unidos,1995,4296,183,51,12,Naviera_007303
9002115,Buque_002115,Panama,1987,6535,63,59,15,Naviera_001615
9002116,Buque_002116,Dinamarca,1986,3327,367,28,7,Naviera_000343
9002117,Buque_002117,Reino Unido,2000,6880,104,49,15,Naviera_003151
9002118,Buque_002118,Ecuador,1991,9727,230,25,11,Naviera_003872
9002119,Buque_002119,Islas Marshall,1990,22393,378,13,11,Naviera_009727
9002120,Buque_002120,Brasil,2022,18147,303,15,15,Naviera_001128
9002121,Buque_002121,Chile,2007,9535,236,58,9,Naviera_006486
9002122,Buque_002122,Dinamarca,1984,23402,195,57,18,Naviera_001079
9002123,Buque_002123,Islas Marshall,2006,23960,309,18,16,Naviera_006452
9002124,Buque_002124,Grecia,2014,13712,326,38,12,Naviera_008835
9002125,Buque_002125,Espana,1991,19183,216,49,8,Naviera_006275
9002126,Buque_002126,Ecuador,2012,19141,285,46,9,Naviera_001752
9002127,Buque_002127,Mexico,2018,8842,129,56,9,Naviera_007746
9002128,Buque_002128,Brasil,2002,4937,155,10,6,Naviera_005222
9002129,Buque_002129,Malta,1988,924,163,34,12,Naviera_009811
9002130,Buque_002130,Brasil,1999,8696,97,51,8,Naviera_004686
9002131,Buque_002131,Colombia,1982,1665,284,12,6,Naviera_000522
9002132,Buque_002132,Ecuador,2018,3888,98,50,5,Naviera_008900
9002133,Buque_002133,Singapur,1996,5473,50,25,18,Naviera_003705
9002134,Buque_002134,Peru,1994,8427,61,54,5,Naviera_000438
9002135,Buque_002135,China,2009,3911,370,40,19,Naviera_006539
9002136,Buque_002136,Singapur,2021,3045,361,36,11,Naviera_002886
9002137,Buque_002137,Reino Unido,1996,15819,169,33,16,Naviera_005993
9002138,Buque_002138,Malta,1998,8425,285,29,7,Naviera_009045
9002139,Buque_002139,Liberia,2011,7265,308,46,9,Naviera_000064
9002140,Buque_002140,Liberia,1988,5204,215,37,11,Naviera_001568
9002141,Buque_002141,Estados Unidos,2011,18842,129,45,12,Naviera_006118
9002142,Buque_002142,Alemania,2013,13176,91,12,11,Naviera_006684
9002143,Buque_002143,Espana,2022,9755,115,33,13,Naviera_002386
9002144,Buque_002144,Panama,2020,17396,366,11,15,Naviera_002491
9002145,Buque_002145,Reino Unido,1981,21842,268,37,17,Naviera_006847
9002146,Buque_002146,Liberia,2011,7171,179,14,7,Naviera_007723
9002147,Buque_002147,Liberia,2023,4703,186,36,16,Naviera_009891
9002148,Buque_002148,Espana,1980,21317,361,14,16,Naviera_009917
9002149,Buque_002149,Estados Unidos,1999,16110,252,39,17,Naviera_006984
9002150,Buque_002150,Dinamarca,1997,23789,320,35,16,Naviera_004142
9002151,Buque_002151,Bahamas,2017,19350,170,12,9,Naviera_002310
9002152,Buque_002152,Japon,2015,12686,340,52,8,Naviera_009313
9002153,Buque_002153,China,1982,10660,106,24,8,Naviera_005905
9002154,Buque_002154,Dinamarca,2013,5663,266,31,18,Naviera_004750
9002155,Buque_002155,Ecuador,1985,22158,168,37,15,Naviera_000734
9002156,Buque_002156,Bahamas,1982,949,386,11,5,Naviera_006834
9002157,Buque_002157,Alemania,1997,16242,286,14,6,Naviera_006752
9002158,Buque_002158,Malta,2004,21579,110,30,13,Naviera_001181
9002159,Buque_002159,Espana,1991,14099,398,45,7,Naviera_003732
9002160,Buque_002160,Reino Unido,1999,9506,68,58,9,Naviera_004450
9002161,Buque_002161,Japon,1995,22366,98,56,14,Naviera_007775
9002162,Buque_002162,Dinamarca,1985,20266,298,33,19,Naviera_008704
9002163,Buque_002163,Japon,1993,7635,233,27,12,Naviera_008127
9002164,Buque_002164,Grecia,2024,22086,120,11,12,Naviera_004853
9002165,Buque_002165,Mexico,2008,18041,76,30,13,Naviera_005103
9002166,Buque_002166,Espana,1997,14574,55,49,16,Naviera_007628
9002167,Buque_002167,Grecia,2015,12056,238,20,9,Naviera_003752
9002168,Buque_002168,Espana,1980,11305,289,43,15,Naviera_007779
9002169,Buque_002169,Hong Kong,1985,6836,174,39,15,Naviera_006005
9002170,Buque_002170,Espana,1988,609,392,27,15,Naviera_007757
9002171,Buque_002171,Ecuador,2011,1802,77,41,15,Naviera_001567
9002172,Buque_002172,Chile,2024,19005,384,34,15,Naviera_008551
9002173,Buque_002173,Malta,2016,15300,175,46,13,Naviera_008456
9002174,Buque_002174,Alemania,2017,12931,57,17,17,Naviera_003695
9002175,Buque_002175,Malta,2022,8820,231,28,9,Naviera_009896
9002176,Buque_002176,Alemania,1987,15478,299,57,18,Naviera_004417
9002177,Buque_002177,China,2019,7195,251,51,11,Naviera_007167
9002178,Buque_002178,Liberia,2002,1731,122,37,16,Naviera_002149
9002179,Buque_002179,Estados Unidos,2015,5133,198,19,6,Naviera_007353
9002180,Buque_002180,Japon,2020,1004,227,21,10,Naviera_002886
9002181,Buque_002181,Estados Unidos,2008,7401,233,34,15,Naviera_009633
9002182,Buque_002182,China,2008,1547,250,15,15,Naviera_009142
9002183,Buque_002183,Estados Unidos,2016,11090,314,59,9,Naviera_009388
9002184,Buque_002184,Islas Marshall,1989,22628,228,58,7,Naviera_009802
9002185,Buque_002185,Japon,2018,15274,367,41,13,Naviera_005883
9002186,Buque_002186,Colombia,2023,19568,301,16,13,Naviera_009416
9002187,Buque_002187,China,2012,15527,311,37,6,Naviera_002275
9002188,Buque_002188,China,1984,19055,241,27,6,Naviera_000140
9002189,Buque_002189,Estados Unidos,1984,2433,210,16,10,Naviera_003658
9002190,Buque_002190,Alemania,2020,16023,168,21,15,Naviera_003814
9002191,Buque_002191,Espana,1991,20414,343,50,7,Naviera_004432
9002192,Buque_002192,Peru,2025,9806,362,37,10,Naviera_000548
9002193,Buque_002193,Grecia,1981,5525,116,22,17,Naviera_008966
9002194,Buque_002194,Alemania,2019,11065,281,22,14,Naviera_004246
9002195,Buque_002195,Colombia,2007,10088,259,11,5,Naviera_006127
9002196,Buque_002196,Chile,2019,7734,363,57,17,Naviera_003583
9002197,Buque_002197,Bahamas,1982,23806,341,34,14,Naviera_002021
9002198,Buque_002198,Reino Unido,2011,11284,164,42,7,Naviera_009696
9002199,Buque_002199,Bahamas,2000,3443,358,57,16,Naviera_008907
9002200,Buque_002200,Malta,1980,13759,183,29,10,Naviera_007027
9002201,Buque_002201,Noruega,2018,13013,206,45,13,Naviera_007557
9002202,Buque_002202,Ecuador,2000,3272,341,17,17,Naviera_002072
9002203,Buque_002203,Malta,2002,6042,299,26,15,Naviera_001706
9002204,Buque_002204,Noruega,2005,11845,254,28,8,Naviera_001592
9002205,Buque_002205,Japon,2002,14074,254,25,10,Naviera_006641
9002206,Buque_002206,Chile,2009,4916,197,46,12,Naviera_001919
9002207,Buque_002207,Chile,2015,21756,282,37,18,Naviera_001384
9002208,Buque_002208,Noruega,2021,8190,295,38,14,Naviera_002720
9002209,Buque_002209,Hong Kong,2009,14008,242,31,15,Naviera_004392
9002210,Buque_002210,Brasil,1991,20913,110,37,13,Naviera_009778
9002211,Buque_002211,Grecia,2005,10128,365,40,19,Naviera_005106
9002212,Buque_002212,Panama,2013,7257,352,40,8,Naviera_007984
9002213,Buque_002213,Singapur,1999,15729,140,19,18,Naviera_009691
9002214,Buque_002214,Bahamas,1996,13900,336,27,6,Naviera_009292
9002215,Buque_002215,Chile,1990,12720,337,39,9,Naviera_007300
9002216,Buque_002216,Liberia,1990,15106,142,33,12,Naviera_005173
9002217,Buque_002217,Grecia,1986,12462,225,49,9,Naviera_006326
9002218,Buque_002218,Mexico,2010,13858,295,37,8,Naviera_007365
9002219,Buque_002219,Estados Unidos,1987,18694,68,54,12,Naviera_006902
9002220,Buque_002220,Islas Marshall,2018,3008,340,51,12,Naviera_007671
9002221,Buque_002221,Estados Unidos,2001,1911,321,16,15,Naviera_001926
9002222,Buque_002222,Islas Marshall,2022,21468,271,45,12,Naviera_000576
9002223,Buque_002223,Liberia,2012,10082,177,38,7,Naviera_007119
9002224,Buque_002224,Bahamas,2025,15797,145,47,16,Naviera_001374
9002225,Buque_002225,Espana,1997,1536,158,23,17,Naviera_009507
9002226,Buque_002226,Reino Unido,2021,11740,298,23,11,Naviera_001878
9002227,Buque_002227,Bahamas,1995,22913,186,42,18,Naviera_006350
9002228,Buque_002228,Panama,2007,22714,54,19,6,Naviera_006354
9002229,Buque_002229,Colombia,2012,2158,241,33,9,Naviera_009111
9002230,Buque_002230,Liberia,2014,1505,332,43,7,Naviera_002929
9002231,Buque_002231,Grecia,1991,2227,364,36,15,Naviera_007815
9002232,Buque_002232,Mexico,2011,10808,211,59,11,Naviera_008687
9002233,Buque_002233,Colombia,2018,21680,376,24,14,Naviera_000974
9002234,Buque_002234,Peru,2015,23221,284,31,19,Naviera_004721
9002235,Buque_002235,Mexico,2025,11297,352,28,9,Naviera_009503
9002236,Buque_002236,Japon,2018,18430,326,50,12,Naviera_003870
9002237,Buque_002237,Chile,1997,16063,139,43,19,Naviera_009916
9002238,Buque_002238,Dinamarca,2006,19963,260,37,11,Naviera_002026
9002239,Buque_002239,Islas Marshall,2016,3991,289,54,16,Naviera_005190
9002240,Buque_002240,Grecia,1998,3243,272,43,17,Naviera_000985
9002241,Buque_002241,Hong Kong,1994,2449,200,17,12,Naviera_005912
9002242,Buque_002242,Colombia,2007,5344,389,48,6,Naviera_001991
9002243,Buque_002243,Dinamarca,2000,14788,312,58,12,Naviera_007556
9002244,Buque_002244,Estados Unidos,1987,20648,124,12,12,Naviera_009595
9002245,Buque_002245,Islas Marshall,2025,2627,66,27,14,Naviera_009665
9002246,Buque_002246,Mexico,2002,7123,101,34,18,Naviera_001514
9002247,Buque_002247,Dinamarca,2014,9602,50,57,15,Naviera_007977
9002248,Buque_002248,Islas Marshall,1985,12418,329,11,9,Naviera_009139
9002249,Buque_002249,Hong Kong,2004,15838,336,20,10,Naviera_002615
9002250,Buque_002250,Peru,1990,15371,122,48,8,Naviera_005378
9002251,Buque_002251,Mexico,2008,8157,64,19,14,Naviera_003116
9002252,Buque_002252,Dinamarca,1981,21453,195,47,16,Naviera_008373
9002253,Buque_002253,Islas Marshall,1990,8231,99,14,15,Naviera_007850
9002254,Buque_002254,Liberia,2008,13577,180,50,14,Naviera_000355
9002255,Buque_002255,Grecia,1983,2658,305,16,11,Naviera_006331
9002256,Buque_002256,Peru,1980,14338,234,51,13,Naviera_005993
9002257,Buque_002257,Malta,2021,10863,161,45,11,Naviera_002135
9002258,Buque_002258,Malta,1999,1647,271,21,10,Naviera_002252
9002259,Buque_002259,Bahamas,1998,4611,224,15,14,Naviera_006014
9002260,Buque_002260,Noruega,2024,11184,298,42,8,Naviera_008710
9002261,Buque_002261,Espana,1981,15415,104,23,6,Naviera_002728
9002262,Buque_002262,Mexico,1981,10738,127,23,13,Naviera_005701
9002263,Buque_002263,Liberia,1993,21832,112,20,16,Naviera_001543
9002264,Buque_002264,Islas Marshall,2005,19103,133,28,12,Naviera_002690
9002265,Buque_002265,Grecia,2016,18681,133,34,7,Naviera_009389
9002266,Buque_002266,Brasil,2001,7951,239,34,7,Naviera_003314
9002267,Buque_002267,China,2012,2567,221,41,11,Naviera_009239
9002268,Buque_002268,Japon,2002,2751,263,42,17,Naviera_009299
9002269,Buque_002269,Liberia,1990,21387,180,58,7,Naviera_006169
9002270,Buque_002270,Estados Unidos,2004,8529,245,26,11,Naviera_008345
9002271,Buque_002271,Grecia,1993,10861,94,27,11,Naviera_004031
9002272,Buque_002272,Estados Unidos,1980,12883,205,55,12,Naviera_000077
9002273,Buque_002273,Islas Marshall,2012,8526,399,34,17,Naviera_007993
9002274,Buque_002274,Reino Unido,1998,553,192,54,19,Naviera_004709
9002275,Buque_002275,Reino Unido,1997,1888,331,46,16,Naviera_009050
9002276,Buque_002276,Ecuador,1994,5824,243,32,8,Naviera_004129
9002277,Buque_002277,Islas Marshall,1998,11951,340,24,10,Naviera_003284
9002278,Buque_002278,Liberia,2017,6706,141,55,9,Naviera_002775
9002279,Buque_002279,Espana,1986,13887,321,57,16,Naviera_008702
9002280,Buque_002280,Bahamas,1990,1776,292,43,14,Naviera_007280
9002281,Buque_002281,Singapur,1997,7953,330,40,5,Naviera_007943
9002282,Buque_002282,Chile,1980,5727,369,25,17,Naviera_000016
9002283,Buque_002283,Colombia,1997,4381,194,34,6,Naviera_004358
9002284,Buque_002284,Hong Kong,1991,10728,186,37,12,Naviera_001944
9002285,Buque_002285,China,1989,4594,344,27,12,Naviera_003347
9002286,Buque_002286,Singapur,1993,23874,130,26,5,Naviera_006846
9002287,Buque_002287,Peru,2013,22882,230,28,7,Naviera_000686
9002288,Buque_002288,Espana,2004,21837,193,55,8,Naviera_006838
9002289,Buque_002289,Brasil,2021,7216,115,26,15,Naviera_007022
9002290,Buque_002290,Brasil,2021,19157,262,45,11,Naviera_005870
9002291,Buque_002291,Ecuador,1990,4008,54,42,18,Naviera_003314
9002292,Buque_002292,Estados Unidos,2024,1159,320,38,11,Naviera_009853
9002293,Buque_002293,Panama,1990,12894,180,31,18,Naviera_003173
9002294,Buque_002294,Panama,2005,23470,178,28,7,Naviera_006270
9002295,Buque_002295,Mexico,2012,13403,125,10,12,Naviera_002366
9002296,Buque_002296,Dinamarca,2003,12974,206,44,16,Naviera_005605
9002297,Buque_002297,Bahamas,2017,6336,116,36,6,Naviera_009505
9002298,Buque_002298,Colombia,1982,9291,220,20,16,Naviera_005075
9002299,Buque_002299,Singapur,2022,23627,314,35,7,Naviera_000081
9002300,Buque_002300,Panama,2017,15519,67,53,11,Naviera_004295
9002301,Buque_002301,Dinamarca,1980,1212,73,44,10,Naviera_008800
9002302,Buque_002302,Ecuador,2021,14363,382,45,16,Naviera_001601
9002303,Buque_002303,Noruega,2012,7783,162,39,19,Naviera_001613
9002304,Buque_002304,Espana,2012,19631,183,17,12,Naviera_008947
9002305,Buque_002305,Panama,1983,4216,100,36,9,Naviera_000722
9002306,Buque_002306,Brasil,1980,17293,201,41,14,Naviera_009527
9002307,Buque_002307,China,1980,22155,58,25,10,Naviera_000050
9002308,Buque_002308,Panama,1999,10829,83,39,6,Naviera_003244
9002309,Buque_002309,China,1998,21449,381,17,6,Naviera_001350
9002310,Buque_002310,Estados Unidos,1995,12776,334,47,18,Naviera_009866
9002311,Buque_002311,Islas Marshall,1981,17440,297,59,6,Naviera_009097
9002312,Buque_002312,Noruega,1993,19049,248,49,15,Naviera_009839
9002313,Buque_002313,Ecuador,2018,20413,146,18,9,Naviera_000631
9002314,Buque_002314,Chile,2011,20423,303,11,18,Naviera_006698
9002315,Buque_002315,Noruega,2012,10513,210,51,7,Naviera_000736
9002316,Buque_002316,Islas Marshall,2018,3407,80,24,15,Naviera_001850
9002317,Buque_002317,Espana,2014,15374,186,44,11,Naviera_008087
9002318,Buque_002318,Grecia,1992,4402,324,56,5,Naviera_002568
9002319,Buque_002319,Grecia,1997,20091,143,46,12,Naviera_008403
9002320,Buque_002320,Panama,1995,18157,254,41,7,Naviera_004943
9002321,Buque_002321,Hong Kong,2004,8080,141,44,7,Naviera_007578
9002322,Buque_002322,Bahamas,1985,3288,306,43,19,Naviera_008120
9002323,Buque_002323,Peru,2001,3023,304,44,11,Naviera_003361
9002324,Buque_002324,Brasil,1989,9313,361,33,10,Naviera_009149
9002325,Buque_002325,Estados Unidos,1999,18519,112,21,6,Naviera_000613
9002326,Buque_002326,Chile,1986,10740,230,14,10,Naviera_004291
9002327,Buque_002327,Ecuador,2025,3711,85,27,15,Naviera_006359
9002328,Buque_002328,Mexico,2017,5590,169,48,13,Naviera_001008
9002329,Buque_002329,Hong Kong,2011,1693,161,48,14,Naviera_002408
9002330,Buque_002330,Estados Unidos,2015,14932,150,47,7,Naviera_000344
9002331,Buque_002331,China,2021,8417,211,35,5,Naviera_000184
9002332,Buque_002332,Panama,2013,13982,249,18,17,Naviera_003449
9002333,Buque_002333,Islas Marshall,1992,5281,76,46,15,Naviera_002179
9002334,Buque_002334,Japon,1995,7914,344,24,15,Naviera_003914
9002335,Buque_002335,Espana,2009,23196,158,37,6,Naviera_009831
9002336,Buque_002336,China,1993,6330,331,38,18,Naviera_006289
9002337,Buque_002337,Colombia,1980,19971,354,12,13,Naviera_000809
9002338,Buque_002338,Mexico,2006,12594,191,34,18,Naviera_008647
9002339,Buque_002339,Hong Kong,1986,3075,385,48,16,Naviera_001111
9002340,Buque_002340,Grecia,1988,6075,293,13,7,Naviera_008723
9002341,Buque_002341,Ecuador,1997,15038,138,58,9,Naviera_006582
9002342,Buque_002342,Brasil,2025,16658,88,48,15,Naviera_009376
9002343,Buque_002343,China,2001,21128,386,10,6,Naviera_007505
9002344,Buque_002344,Brasil,2020,22026,376,33,5,Naviera_008290
9002345,Buque_002345,Peru,1983,22773,211,40,16,Naviera_004634
9002346,Buque_002346,Colombia,2002,4852,211,53,13,Naviera_005181
9002347,Buque_002347,China,2003,15660,57,57,17,Naviera_008939
9002348,Buque_002348,Bahamas,2021,16480,74,46,19,Naviera_007522
9002349,Buque_002349,Japon,2025,16595,119,32,13,Naviera_003984
9002350,Buque_002350,China,2024,9973,381,30,8,Naviera_008392
9002351,Buque_002351,Alemania,1987,4765,212,46,13,Naviera_005477
9002352,Buque_002352,Chile,2002,8628,358,48,9,Naviera_004915
9002353,Buque_002353,Estados Unidos,2008,16984,60,56,16,Naviera_009590
9002354,Buque_002354,Noruega,1984,13119,294,31,7,Naviera_000779
9002355,Buque_002355,Mexico,1999,9494,256,49,15,Naviera_008491
9002356,Buque_002356,Chile,2007,2402,159,29,13,Naviera_005406
9002357,Buque_002357,Japon,2011,2537,317,43,18,Naviera_001737
9002358,Buque_002358,Grecia,2012,2711,150,45,6,Naviera_006777
9002359,Buque_002359,Dinamarca,2023,2538,385,35,19,Naviera_001047
9002360,Buque_002360,Mexico,2022,12303,150,52,5,Naviera_003816
9002361,Buque_002361,Liberia,2017,15028,255,34,11,Naviera_000807
9002362,Buque_002362,Panama,1985,3473,243,50,14,Naviera_000415
9002363,Buque_002363,Ecuador,1981,11230,275,47,18,Naviera_006600
9002364,Buque_002364,Singapur,1987,12572,257,27,6,Naviera_002552
9002365,Buque_002365,Chile,1987,10779,251,33,10,Naviera_009311
9002366,Buque_002366,Singapur,1993,21835,218,13,13,Naviera_002691
9002367,Buque_002367,China,2017,23253,110,55,16,Naviera_005917
9002368,Buque_002368,Brasil,1986,6780,110,39,16,Naviera_008424
9002369,Buque_002369,Islas Marshall,2014,11799,355,11,18,Naviera_005951
9002370,Buque_002370,Espana,1999,5542,152,15,6,Naviera_009404
9002371,Buque_002371,Singapur,1987,23406,315,19,12,Naviera_005393
9002372,Buque_002372,Noruega,1986,12890,85,20,9,Naviera_000636
9002373,Buque_002373,Singapur,2004,5580,357,21,13,Naviera_009064
9002374,Buque_002374,Mexico,1980,13835,158,57,8,Naviera_001244
9002375,Buque_002375,Peru,1982,23147,152,55,14,Naviera_002852
9002376,Buque_002376,Singapur,1993,18679,63,28,11,Naviera_009730
9002377,Buque_002377,Panama,2007,16424,70,25,6,Naviera_009307
9002378,Buque_002378,Hong Kong,2004,20299,261,55,16,Naviera_009159
9002379,Buque_002379,Colombia,1994,12318,104,21,5,Naviera_007045
9002380,Buque_002380,Noruega,1998,5961,182,35,14,Naviera_000344
9002381,Buque_002381,Reino Unido,1991,2697,239,29,6,Naviera_009249
9002382,Buque_002382,Islas Marshall,2011,21403,245,45,11,Naviera_009908
9002383,Buque_002383,Panama,2024,3926,282,57,15,Naviera_008271
9002384,Buque_002384,Colombia,2014,14152,247,47,16,Naviera_005351
9002385,Buque_002385,Brasil,1990,6070,209,16,14,Naviera_008727
9002386,Buque_002386,Noruega,2025,11971,72,59,5,Naviera_001435
9002387,Buque_002387,Islas Marshall,1986,3721,322,22,19,Naviera_006556
9002388,Buque_002388,Colombia,1996,19252,371,26,8,Naviera_004919
9002389,Buque_002389,Hong Kong,1992,2516,94,22,6,Naviera_009914
9002390,Buque_002390,Noruega,1984,18756,155,28,15,Naviera_009084
9002391,Buque_002391,Dinamarca,2008,20652,353,46,15,Naviera_002064
9002392,Buque_002392,Espana,2000,7365,85,50,13,Naviera_000678
9002393,Buque_002393,Noruega,2023,16906,313,42,17,Naviera_006966
9002394,Buque_002394,Hong Kong,1986,9130,362,22,15,Naviera_007255
9002395,Buque_002395,Noruega,1996,1207,248,34,19,Naviera_005759
9002396,Buque_002396,Grecia,2025,5158,343,56,13,Naviera_004176
9002397,Buque_002397,Hong Kong,2007,8647,370,23,8,Naviera_000879
9002398,Buque_002398,Singapur,1990,21510,191,26,14,Naviera_001339
9002399,Buque_002399,Alemania,2004,9373,167,55,11,Naviera_001919
9002400,Buque_002400,Espana,1981,13290,327,21,6,Naviera_005469
9002401,Buque_002401,Grecia,1990,7792,103,45,9,Naviera_009268
9002402,Buque_002402,Liberia,2014,11353,392,46,7,Naviera_004544
9002403,Buque_002403,Chile,2022,4617,214,12,8,Naviera_005729
9002404,Buque_002404,Peru,2006,23588,228,28,10,Naviera_008850
9002405,Buque_002405,Hong Kong,1991,20183,114,22,19,Naviera_005601
9002406,Buque_002406,Japon,1995,11498,111,54,14,Naviera_001121
9002407,Buque_002407,Mexico,1989,9362,222,31,16,Naviera_007669
9002408,Buque_002408,China,1986,18881,306,33,15,Naviera_002544
9002409,Buque_002409,Chile,1986,12416,371,55,13,Naviera_006861
9002410,Buque_002410,Hong Kong,1995,9860,195,49,18,Naviera_002503
9002411,Buque_002411,Alemania,1988,14674,312,42,14,Naviera_008200
9002412,Buque_002412,Dinamarca,2001,22777,258,37,17,Naviera_000431
9002413,Buque_002413,Hong Kong,1994,22556,67,11,7,Naviera_008652
9002414,Buque_002414,Islas Marshall,2007,4955,261,34,15,Naviera_009655
9002415,Buque_002415,Noruega,1993,19884,278,11,13,Naviera_005663
9002416,Buque_002416,Malta,2002,13088,130,36,14,Naviera_000411
9002417,Buque_002417,Islas Marshall,2002,20212,387,17,7,Naviera_008300
9002418,Buque_002418,Ecuador,2006,7591,89,28,18,Naviera_009609
9002419,Buque_002419,Espana,2015,10069,220,10,9,Naviera_008731
9002420,Buque_002420,Liberia,2007,5662,154,35,11,Naviera_004879
9002421,Buque_002421,Reino Unido,1991,18020,359,43,6,Naviera_007455
9002422,Buque_002422,Ecuador,1991,8186,341,19,17,Naviera_006363
9002423,Buque_002423,Islas Marshall,2008,4732,292,28,8,Naviera_006600
9002424,Buque_002424,Noruega,1997,7606,180,39,11,Naviera_002761
9002425,Buque_002425,Malta,1992,6415,62,55,15,Naviera_008394
9002426,Buque_002426,Mexico,1995,822,305,31,5,Naviera_005666
9002427,Buque_002427,Liberia,2010,14013,165,22,19,Naviera_005822
9002428,Buque_002428,Islas Marshall,2006,10204,369,58,7,Naviera_007741
9002429,Buque_002429,Colombia,2023,5759,332,24,6,Naviera_003549
9002430,Buque_002430,Colombia,1991,21844,163,18,13,Naviera_002658
9002431,Buque_002431,Islas Marshall,1989,11668,309,25,7,Naviera_004193
9002432,Buque_002432,China,2009,11733,251,29,11,Naviera_008805
9002433,Buque_002433,Malta,2014,21239,368,10,9,Naviera_009642
9002434,Buque_002434,Alemania,1986,18036,354,37,10,Naviera_005105
9002435,Buque_002435,Islas Marshall,1982,6055,248,43,18,Naviera_006363
9002436,Buque_002436,China,2025,15815,209,58,14,Naviera_001443
9002437,Buque_002437,Islas Marshall,2003,22131,274,51,15,Naviera_003865
9002438,Buque_002438,Peru,1995,20898,70,23,11,Naviera_006539
9002439,Buque_002439,Chile,1996,17145,174,14,14,Naviera_001985
9002440,Buque_002440,Grecia,2024,1836,95,39,19,Naviera_001207
9002441,Buque_002441,Dinamarca,1985,8253,220,23,17,Naviera_008410
9002442,Buque_002442,Liberia,2021,9607,140,28,9,Naviera_004960
9002443,Buque_002443,Mexico,2025,3018,188,32,11,Naviera_003880
9002444,Buque_002444,Colombia,1991,10068,289,22,15,Naviera_000674
9002445,Buque_002445,Malta,2006,15569,291,36,15,Naviera_005017
9002446,Buque_002446,Grecia,2001,6868,370,39,8,Naviera_007847
9002447,Buque_002447,Bahamas,1987,22284,316,11,11,Naviera_005580
9002448,Buque_002448,Estados Unidos,2007,9668,102,10,7,Naviera_005535
9002449,Buque_002449,Alemania,2022,10046,141,42,10,Naviera_008956
9002450,Buque_002450,Singapur,2023,8100,183,55,17,Naviera_001818
9002451,Buque_002451,Liberia,2002,16538,183,44,15,Naviera_004917
9002452,Buque_002452,Malta,2017,19054,209,14,17,Naviera_005529
9002453,Buque_002453,Reino Unido,1994,15886,158,18,15,Naviera_005898
9002454,Buque_002454,Mexico,2013,541,351,27,17,Naviera_007787
9002455,Buque_002455,Dinamarca,1985,19712,109,55,13,Naviera_006056
9002456,Buque_002456,Alemania,2019,21978,76,11,16,Naviera_001372
9002457,Buque_002457,Islas Marshall,2006,19701,284,22,18,Naviera_002497
9002458,Buque_002458,Reino Unido,1984,17719,271,27,7,Naviera_006284
9002459,Buque_002459,Chile,2016,10672,61,43,9,Naviera_004878
9002460,Buque_002460,Colombia,1983,15970,347,26,6,Naviera_009525
9002461,Buque_002461,Grecia,2004,23080,70,10,10,Naviera_004980
9002462,Buque_002462,Liberia,1990,18472,108,56,8,Naviera_005982
9002463,Buque_002463,Chile,1991,14979,227,14,16,Naviera_002462
9002464,Buque_002464,Grecia,2001,1222,68,55,9,Naviera_001222
9002465,Buque_002465,Brasil,1990,21707,104,46,6,Naviera_005369
9002466,Buque_002466,China,2003,12368,215,45,12,Naviera_003549
9002467,Buque_002467,Japon,1982,2546,254,57,12,Naviera_008339
9002468,Buque_002468,Espana,1998,22276,131,55,6,Naviera_001945
9002469,Buque_002469,Espana,2012,6373,159,35,19,Naviera_000755
9002470,Buque_002470,Bahamas,1982,5751,359,43,5,Naviera_008301
9002471,Buque_002471,Panama,2015,20101,109,38,13,Naviera_005880
9002472,Buque_002472,Mexico,1986,14750,205,47,19,Naviera_000482
9002473,Buque_002473,Bahamas,1980,19886,278,22,16,Naviera_003116
9002474,Buque_002474,Hong Kong,1987,18281,79,32,5,Naviera_007116
9002475,Buque_002475,Estados Unidos,2023,22770,351,41,8,Naviera_009910
9002476,Buque_002476,Chile,1999,14070,373,44,6,Naviera_003844
9002477,Buque_002477,China,1981,4669,133,46,14,Naviera_009862
9002478,Buque_002478,Dinamarca,2008,12959,228,10,19,Naviera_006168
9002479,Buque_002479,Chile,2013,13904,159,47,14,Naviera_003053
9002480,Buque_002480,Singapur,2008,16880,98,48,15,Naviera_004460
9002481,Buque_002481,Panama,1981,4211,65,30,19,Naviera_005760
9002482,Buque_002482,Grecia,1986,6000,89,39,19,Naviera_008940
9002483,Buque_002483,Alemania,1987,4561,68,29,15,Naviera_000747
9002484,Buque_002484,China,2013,15788,358,59,8,Naviera_007716
9002485,Buque_002485,Noruega,1984,4395,256,15,19,Naviera_009807
9002486,Buque_002486,Espana,1980,10290,199,31,14,Naviera_002696
9002487,Buque_002487,Estados Unidos,2022,22035,373,57,7,Naviera_004242
9002488,Buque_002488,Bahamas,1991,2646,324,46,9,Naviera_005744
9002489,Buque_002489,Espana,1982,7740,110,28,14,Naviera_001020
9002490,Buque_002490,Panama,2000,2196,258,36,18,Naviera_008867
9002491,Buque_002491,Brasil,1989,16312,233,31,13,Naviera_003508
9002492,Buque_002492,Chile,2013,5630,222,46,13,Naviera_008888
9002493,Buque_002493,Islas Marshall,2023,9172,192,15,15,Naviera_005610
9002494,Buque_002494,Mexico,2000,7596,369,51,11,Naviera_001336
9002495,Buque_002495,Espana,2012,15866,387,53,16,Naviera_005076
9002496,Buque_002496,Brasil,2005,19541,397,46,17,Naviera_004834
9002497,Buque_002497,Liberia,2009,18892,207,57,19,Naviera_008348
9002498,Buque_002498,Chile,2013,13081,351,14,5,Naviera_004496
9002499,Buque_002499,China,1992,15726,148,37,16,Naviera_007766
9002500,Buque_002500,Estados Unidos,2010,23361,111,39,9,Naviera_008789
9002501,Buque_002501,Islas Marshall,2007,20479,60,46,13,Naviera_001482
9002502,Buque_002502,Peru,2022,23067,209,57,6,Naviera_004838
9002503,Buque_002503,Malta,2024,15149,234,39,17,Naviera_000539
9002504,Buque_002504,Hong Kong,2011,9496,367,12,17,Naviera_002286
9002505,Buque_002505,Panama,2012,11647,123,17,11,Naviera_006267
9002506,Buque_002506,Singapur,1995,22286,345,48,18,Naviera_003660
9002507,Buque_002507,Ecuador,2003,14071,235,16,10,Naviera_008167
9002508,Buque_002508,Estados Unidos,1993,17230,345,51,5,Naviera_005642
9002509,Buque_002509,Reino Unido,2015,16697,355,24,13,Naviera_004956
9002510,Buque_002510,Peru,1986,19301,78,48,9,Naviera_007338
9002511,Buque_002511,Chile,2004,17375,100,31,17,Naviera_002244
9002512,Buque_002512,Noruega,1982,23056,353,19,19,Naviera_000729
9002513,Buque_002513,Noruega,2006,3867,57,38,18,Naviera_009280
9002514,Buque_002514,Espana,2008,14501,121,34,19,Naviera_000479
9002515,Buque_002515,Japon,2004,21575,106,45,16,Naviera_008905
9002516,Buque_002516,Peru,1991,2141,163,54,18,Naviera_009552
9002517,Buque_002517,Dinamarca,2015,21298,373,17,11,Naviera_003624
9002518,Buque_002518,Japon,1991,21523,366,30,7,Naviera_009976
9002519,Buque_002519,Estados Unidos,2016,1339,312,45,10,Naviera_000757
9002520,Buque_002520,Dinamarca,1999,16832,304,53,10,Naviera_001298
9002521,Buque_002521,Hong Kong,2002,5783,106,26,5,Naviera_003871
9002522,Buque_002522,Japon,1994,763,270,23,10,Naviera_004625
9002523,Buque_002523,Japon,1989,14719,327,38,7,Naviera_005994
9002524,Buque_002524,Brasil,1995,3234,182,22,10,Naviera_002450
9002525,Buque_002525,Noruega,1985,4643,243,56,19,Naviera_004338
9002526,Buque_002526,Malta,2003,12282,184,20,17,Naviera_001305
9002527,Buque_002527,Islas Marshall,2013,6280,65,17,6,Naviera_007097
9002528,Buque_002528,Mexico,1985,7443,69,50,7,Naviera_000525
9002529,Buque_002529,Espana,1995,10940,330,37,15,Naviera_002256
9002530,Buque_002530,Ecuador,2011,10807,379,10,10,Naviera_005228
9002531,Buque_002531,Chile,1992,7944,233,16,8,Naviera_009769
9002532,Buque_002532,Espana,2004,2586,191,22,11,Naviera_004101
9002533,Buque_002533,Islas Marshall,2024,15289,284,22,10,Naviera_004986
9002534,Buque_002534,Alemania,1992,19795,373,26,7,Naviera_007612
9002535,Buque_002535,Espana,1996,6222,167,59,19,Naviera_001783
9002536,Buque_002536,Mexico,1999,15501,99,18,8,Naviera_006248
9002537,Buque_002537,Noruega,2008,6499,51,55,5,Naviera_001202
9002538,Buque_002538,China,2009,5575,376,32,7,Naviera_007750
9002539,Buque_002539,Alemania,2009,12737,203,57,8,Naviera_006437
9002540,Buque_002540,Hong Kong,1984,10920,327,49,8,Naviera_009534
9002541,Buque_002541,Chile,1985,12799,266,41,7,Naviera_000514
9002542,Buque_002542,Reino Unido,2011,12334,234,47,16,Naviera_008638
9002543,Buque_002543,Alemania,2003,11806,369,26,15,Naviera_001878
9002544,Buque_002544,Grecia,2025,23256,351,52,14,Naviera_001203
9002545,Buque_002545,Islas Marshall,2003,4951,96,20,16,Naviera_002623
9002546,Buque_002546,Noruega,1985,23693,366,13,10,Naviera_008387
9002547,Buque_002547,Alemania,2019,3240,148,33,16,Naviera_002794
9002548,Buque_002548,Mexico,1985,23134,189,36,10,Naviera_008928
9002549,Buque_002549,Colombia,2011,11081,312,19,8,Naviera_009644
9002550,Buque_002550,Panama,2020,22994,94,58,7,Naviera_002560
9002551,Buque_002551,Hong Kong,1998,18653,399,25,7,Naviera_005844
9002552,Buque_002552,Reino Unido,1983,21803,175,58,18,Naviera_004433
9002553,Buque_002553,Malta,2019,1422,369,31,9,Naviera_008651
9002554,Buque_002554,Colombia,1998,3430,72,12,18,Naviera_009250
9002555,Buque_002555,Ecuador,1988,15044,165,27,13,Naviera_009058
9002556,Buque_002556,Mexico,2017,12208,386,54,5,Naviera_005299
9002557,Buque_002557,Dinamarca,1980,15929,245,33,16,Naviera_002424
9002558,Buque_002558,Peru,1991,17368,227,55,18,Naviera_004473
9002559,Buque_002559,Hong Kong,2024,23267,128,45,18,Naviera_004628
9002560,Buque_002560,Bahamas,2000,21527,327,44,15,Naviera_006852
9002561,Buque_002561,Espana,1993,21192,233,22,10,Naviera_000959
9002562,Buque_002562,Estados Unidos,2024,16710,309,18,13,Naviera_005090
9002563,Buque_002563,Alemania,1986,11430,158,31,7,Naviera_003211
9002564,Buque_002564,China,2000,20221,191,53,7,Naviera_009774
9002565,Buque_002565,Estados Unidos,2018,16400,322,24,5,Naviera_006753
9002566,Buque_002566,Hong Kong,2015,7400,304,47,16,Naviera_006598
9002567,Buque_002567,Espana,2020,21610,110,53,7,Naviera_009242
9002568,Buque_002568,Chile,2025,10664,329,12,6,Naviera_004569
9002569,Buque_002569,Peru,2004,17543,326,18,10,Naviera_002843
9002570,Buque_002570,Mexico,1991,16460,184,25,5,Naviera_008027
9002571,Buque_002571,Brasil,1983,7928,222,43,11,Naviera_000451
9002572,Buque_002572,Estados Unidos,1993,20504,172,40,7,Naviera_005794
9002573,Buque_002573,Mexico,2007,23487,228,16,18,Naviera_000886
9002574,Buque_002574,Japon,2002,15740,356,19,7,Naviera_001429
9002575,Buque_002575,Hong Kong,2023,6210,125,58,17,Naviera_009516
9002576,Buque_002576,Islas Marshall,1988,1462,332,40,6,Naviera_002260
9002577,Buque_002577,Grecia,1982,9484,78,37,5,Naviera_005135
9002578,Buque_002578,Japon,1994,7463,53,52,17,Naviera_005631
9002579,Buque_002579,Dinamarca,1983,5926,181,49,16,Naviera_003180
9002580,Buque_002580,Bahamas,1998,3228,123,13,8,Naviera_008949
9002581,Buque_002581,Japon,2018,4374,205,50,8,Naviera_001233
9002582,Buque_002582,Reino Unido,2009,22846,58,25,16,Naviera_008973
9002583,Buque_002583,Reino Unido,1993,3668,123,12,15,Naviera_006223
9002584,Buque_002584,Chile,2005,23325,254,37,9,Naviera_003274
9002585,Buque_002585,Mexico,1983,2632,281,57,18,Naviera_007448
9002586,Buque_002586,Singapur,2007,2197,78,21,13,Naviera_007596
9002587,Buque_002587,Hong Kong,1981,8329,214,20,11,Naviera_008350
9002588,Buque_002588,Peru,1991,3173,338,17,14,Naviera_005121
9002589,Buque_002589,Chile,2008,11054,359,49,13,Naviera_003305
9002590,Buque_002590,Noruega,1981,21107,293,44,10,Naviera_003353
9002591,Buque_002591,Ecuador,2004,1911,52,12,9,Naviera_007668
9002592,Buque_002592,Panama,1983,8885,290,47,15,Naviera_001035
9002593,Buque_002593,Reino Unido,2000,19482,98,28,7,Naviera_003839
9002594,Buque_002594,Alemania,1995,9660,334,35,16,Naviera_004362
9002595,Buque_002595,Malta,2005,8521,62,48,18,Naviera_007304
9002596,Buque_002596,Bahamas,2011,12765,199,17,19,Naviera_009178
9002597,Buque_002597,Estados Unidos,2003,23299,334,21,10,Naviera_007885
9002598,Buque_002598,Dinamarca,2014,2194,62,20,15,Naviera_009064
9002599,Buque_002599,Panama,2015,14732,166,27,17,Naviera_000106
9002600,Buque_002600,Japon,2004,21879,167,55,17,Naviera_008207
9002601,Buque_002601,Noruega,1997,13404,148,16,6,Naviera_008799
9002602,Buque_002602,Reino Unido,1985,6174,211,34,7,Naviera_005888
9002603,Buque_002603,Hong Kong,2016,22707,283,22,8,Naviera_001308
9002604,Buque_002604,Estados Unidos,1988,18780,277,30,19,Naviera_009337
9002605,Buque_002605,Liberia,2003,20005,376,38,12,Naviera_006717
9002606,Buque_002606,Brasil,2002,22250,369,41,12,Naviera_006379
9002607,Buque_002607,Liberia,2015,9861,174,12,16,Naviera_008273
9002608,Buque_002608,Japon,1984,14787,61,26,9,Naviera_002327
9002609,Buque_002609,China,2013,10495,114,36,19,Naviera_002238
9002610,Buque_002610,Mexico,1998,10928,338,20,17,Naviera_007745
9002611,Buque_002611,Reino Unido,1980,1241,175,14,9,Naviera_001531
9002612,Buque_002612,Reino Unido,2022,19289,122,36,6,Naviera_006920
9002613,Buque_002613,Liberia,2020,13669,201,55,15,Naviera_005842
9002614,Buque_002614,Singapur,2007,22095,128,15,8,Naviera_005869
9002615,Buque_002615,Liberia,1998,6822,256,50,17,Naviera_006774
9002616,Buque_002616,Grecia,1985,5663,379,40,8,Naviera_008036
9002617,Buque_002617,Ecuador,2008,7226,302,43,6,Naviera_006869
9002618,Buque_002618,Islas Marshall,2010,6303,58,40,14,Naviera_002878
9002619,Buque_002619,Mexico,2020,22383,195,33,13,Naviera_007284
9002620,Buque_002620,Mexico,1993,12494,385,17,13,Naviera_002116
9002621,Buque_002621,Chile,1991,17573,223,50,7,Naviera_007957
9002622,Buque_002622,Peru,2005,9776,225,50,12,Naviera_006089
9002623,Buque_002623,China,2017,17066,370,49,5,Naviera_002568
9002624,Buque_002624,Estados Unidos,1988,17800,75,16,16,Naviera_002166
9002625,Buque_002625,Noruega,2023,14483,333,56,17,Naviera_001885
9002626,Buque_002626,Japon,1993,9052,250,52,14,Naviera_000277
9002627,Buque_002627,Grecia,1987,10076,241,55,16,Naviera_009995
9002628,Buque_002628,Panama,1996,13396,264,54,8,Naviera_003078
9002629,Buque_002629,Peru,2006,22520,204,20,17,Naviera_004554
9002630,Buque_002630,Reino Unido,1985,17245,135,40,16,Naviera_002176
9002631,Buque_002631,Colombia,1982,868,319,26,19,Naviera_008715
9002632,Buque_002632,Grecia,1990,21184,386,28,16,Naviera_006621
9002633,Buque_002633,China,2021,6190,209,36,13,Naviera_002583
9002634,Buque_002634,Malta,2011,14781,137,17,5,Naviera_006650
9002635,Buque_002635,Estados Unidos,1985,6596,331,59,18,Naviera_004649
9002636,Buque_002636,Hong Kong,1999,2173,288,15,6,Naviera_004978
9002637,Buque_002637,Colombia,1988,10733,364,39,11,Naviera_001027
9002638,Buque_002638,Chile,2003,5692,94,36,9,Naviera_004748
9002639,Buque_002639,Islas Marshall,2019,3529,153,46,19,Naviera_003900
9002640,Buque_002640,Reino Unido,2008,13424,96,15,19,Naviera_003048
9002641,Buque_002641,Ecuador,2018,23389,356,29,7,Naviera_008799
9002642,Buque_002642,Chile,2015,11390,102,14,11,Naviera_007666
9002643,Buque_002643,Islas Marshall,2025,9220,131,42,7,Naviera_000327
9002644,Buque_002644,Chile,2009,22814,205,49,8,Naviera_006355
9002645,Buque_002645,Noruega,2004,19226,292,40,7,Naviera_000861
9002646,Buque_002646,Grecia,2023,14671,350,36,15,Naviera_003228
9002647,Buque_002647,Colombia,1987,16246,358,38,8,Naviera_007563
9002648,Buque_002648,Chile,1994,19436,145,43,11,Naviera_001331
9002649,Buque_002649,Reino Unido,2023,15345,156,50,16,Naviera_007876
9002650,Buque_002650,Mexico,1980,11719,250,19,15,Naviera_005192
9002651,Buque_002651,China,2010,2893,184,33,8,Naviera_005151
9002652,Buque_002652,Singapur,2014,21721,332,37,7,Naviera_003091
9002653,Buque_002653,Chile,2018,20308,346,16,16,Naviera_003936
9002654,Buque_002654,Dinamarca,2010,5229,161,22,7,Naviera_002284
9002655,Buque_002655,Japon,1990,5085,231,57,12,Naviera_004515
9002656,Buque_002656,Grecia,1996,17537,289,29,13,Naviera_008087
9002657,Buque_002657,Panama,2024,17781,359,25,15,Naviera_007551
9002658,Buque_002658,Grecia,1984,5892,222,21,10,Naviera_007276
9002659,Buque_002659,Hong Kong,2017,16548,52,42,6,Naviera_003583
9002660,Buque_002660,Peru,2017,7738,158,31,19,Naviera_005250
9002661,Buque_002661,Noruega,2023,19849,175,23,11,Naviera_007699
9002662,Buque_002662,China,2005,17694,54,37,7,Naviera_002468
9002663,Buque_002663,Grecia,2021,4720,328,41,11,Naviera_003130
9002664,Buque_002664,Brasil,2010,2626,82,22,18,Naviera_001746
9002665,Buque_002665,Chile,2018,9577,162,32,13,Naviera_006129
9002666,Buque_002666,Dinamarca,1994,10899,378,18,10,Naviera_006282
9002667,Buque_002667,Mexico,2008,3425,79,20,7,Naviera_004654
9002668,Buque_002668,Hong Kong,1987,6060,71,29,18,Naviera_005781
9002669,Buque_002669,Peru,2009,19251,241,24,8,Naviera_008314
9002670,Buque_002670,Chile,2000,6475,272,32,5,Naviera_004495
9002671,Buque_002671,Bahamas,1980,20971,206,14,19,Naviera_005991
9002672,Buque_002672,Mexico,1996,18751,288,33,14,Naviera_004506
9002673,Buque_002673,Peru,1992,3413,100,41,7,Naviera_007694
9002674,Buque_002674,Hong Kong,2015,4566,356,52,9,Naviera_009855
9002675,Buque_002675,Malta,1992,20930,188,18,19,Naviera_007210
9002676,Buque_002676,Hong Kong,2021,21280,57,44,16,Naviera_003496
9002677,Buque_002677,Reino Unido,2023,16191,234,28,18,Naviera_000429
9002678,Buque_002678,Islas Marshall,1991,16985,303,37,11,Naviera_004950
9002679,Buque_002679,Reino Unido,2006,11313,329,28,12,Naviera_002067
9002680,Buque_002680,Bahamas,2019,19959,131,44,13,Naviera_003036
9002681,Buque_002681,Reino Unido,2001,5991,117,49,10,Naviera_007868
9002682,Buque_002682,Alemania,1983,19270,154,26,13,Naviera_001268
9002683,Buque_002683,Espana,1989,22082,358,31,19,Naviera_007400
9002684,Buque_002684,Grecia,2024,13901,391,20,6,Naviera_004423
9002685,Buque_002685,Alemania,2002,18861,173,26,10,Naviera_003676
9002686,Buque_002686,Reino Unido,2023,3533,380,24,6,Naviera_006421
9002687,Buque_002687,Espana,2025,19834,362,40,6,Naviera_008121
9002688,Buque_002688,Reino Unido,1998,9342,114,40,19,Naviera_003117
9002689,Buque_002689,Brasil,2012,15815,116,14,12,Naviera_000803
9002690,Buque_002690,Peru,2014,21954,303,59,15,Naviera_004873
9002691,Buque_002691,Liberia,2021,16616,331,57,16,Naviera_003922
9002692,Buque_002692,Islas Marshall,1995,15046,249,28,17,Naviera_009600
9002693,Buque_002693,Hong Kong,2013,20180,388,37,5,Naviera_007041
9002694,Buque_002694,Brasil,2015,22900,89,44,15,Naviera_002411
9002695,Buque_002695,Singapur,2017,8957,128,56,6,Naviera_000895
9002696,Buque_002696,Japon,2018,22107,168,57,10,Naviera_006580
9002697,Buque_002697,Singapur,2004,15575,107,58,6,Naviera_009522
9002698,Buque_002698,Alemania,2019,16420,179,28,8,Naviera_007107
9002699,Buque_002699,Bahamas,1991,18574,146,50,10,Naviera_006025
9002700,Buque_002700,Dinamarca,2024,20701,229,58,16,Naviera_007289
9002701,Buque_002701,Brasil,1983,18899,142,37,10,Naviera_007317
9002702,Buque_002702,Hong Kong,1983,2634,283,32,15,Naviera_001052
9002703,Buque_002703,Japon,2024,6237,293,52,11,Naviera_003639
9002704,Buque_002704,Bahamas,2015,8346,327,35,12,Naviera_000021
9002705,Buque_002705,Bahamas,1999,14798,208,26,9,Naviera_005605
9002706,Buque_002706,Japon,1993,21514,132,16,7,Naviera_007902
9002707,Buque_002707,Liberia,2018,18665,255,15,17,Naviera_008712
9002708,Buque_002708,Alemania,1986,10516,51,55,7,Naviera_002979
9002709,Buque_002709,Colombia,2005,4740,311,49,13,Naviera_006830
9002710,Buque_002710,Hong Kong,2004,1028,65,59,16,Naviera_002719
9002711,Buque_002711,Grecia,1995,13541,258,47,19,Naviera_005252
9002712,Buque_002712,Panama,2010,9815,139,23,9,Naviera_009752
9002713,Buque_002713,Grecia,1986,6094,89,28,16,Naviera_008353
9002714,Buque_002714,Espana,1998,20565,79,50,13,Naviera_002666
9002715,Buque_002715,Dinamarca,2025,20235,365,33,15,Naviera_009162
9002716,Buque_002716,Colombia,2018,15713,248,27,14,Naviera_001049
9002717,Buque_002717,Colombia,1994,1386,389,38,10,Naviera_008207
9002718,Buque_002718,Hong Kong,2023,1326,86,17,9,Naviera_004832
9002719,Buque_002719,Islas Marshall,2007,17440,91,15,9,Naviera_001983
9002720,Buque_002720,Colombia,2020,3204,305,12,5,Naviera_000470
9002721,Buque_002721,Singapur,1989,22676,350,30,15,Naviera_006665
9002722,Buque_002722,Panama,2009,9884,82,55,8,Naviera_002520
9002723,Buque_002723,Noruega,2002,19279,76,26,12,Naviera_006778
9002724,Buque_002724,Hong Kong,2005,7893,139,53,5,Naviera_003419
9002725,Buque_002725,Colombia,2009,8111,118,54,19,Naviera_003914
9002726,Buque_002726,Chile,2014,6083,170,42,6,Naviera_004140
9002727,Buque_002727,Reino Unido,1993,2234,61,58,10,Naviera_000469
9002728,Buque_002728,Panama,1996,19407,164,50,9,Naviera_005139
9002729,Buque_002729,Alemania,1997,15675,91,15,18,Naviera_008939
9002730,Buque_002730,China,2022,10422,198,59,7,Naviera_004504
9002731,Buque_002731,Brasil,1987,18328,362,53,12,Naviera_003284
9002732,Buque_002732,Grecia,2023,7281,163,24,14,Naviera_002713
9002733,Buque_002733,Chile,2025,5476,370,13,6,Naviera_002539
9002734,Buque_002734,Chile,2009,2712,74,33,18,Naviera_006775
9002735,Buque_002735,Hong Kong,2025,2704,271,20,11,Naviera_005187
9002736,Buque_002736,Brasil,1997,14660,238,30,12,Naviera_005682
9002737,Buque_002737,China,2013,15506,211,52,11,Naviera_003851
9002738,Buque_002738,Singapur,1989,3693,181,39,9,Naviera_005851
9002739,Buque_002739,Malta,1982,2291,153,56,16,Naviera_004912
9002740,Buque_002740,Reino Unido,2023,2409,249,17,17,Naviera_005081
9002741,Buque_002741,Chile,2006,13012,138,58,10,Naviera_004336
9002742,Buque_002742,Noruega,1986,21094,164,49,12,Naviera_009279
9002743,Buque_002743,Islas Marshall,2012,19825,394,45,17,Naviera_003338
9002744,Buque_002744,Brasil,1982,15798,312,49,15,Naviera_002418
9002745,Buque_002745,Noruega,2002,14276,285,59,17,Naviera_002389
9002746,Buque_002746,Islas Marshall,1993,504,105,43,10,Naviera_003524
9002747,Buque_002747,Alemania,2003,2178,170,24,7,Naviera_008293
9002748,Buque_002748,Malta,2021,10146,86,49,17,Naviera_003965
9002749,Buque_002749,Alemania,2004,18137,219,21,19,Naviera_001104
9002750,Buque_002750,Panama,1985,11891,270,33,17,Naviera_000053
9002751,Buque_002751,Panama,1997,7489,344,14,17,Naviera_007048
9002752,Buque_002752,Peru,1982,16478,253,50,12,Naviera_007247
9002753,Buque_002753,Hong Kong,2023,9178,125,33,7,Naviera_008626
9002754,Buque_002754,Singapur,2018,19096,381,45,15,Naviera_009262
9002755,Buque_002755,Bahamas,1981,4949,310,39,10,Naviera_005760
9002756,Buque_002756,Alemania,2014,18286,237,31,5,Naviera_000072
9002757,Buque_002757,Malta,1984,8376,360,46,19,Naviera_001013
9002758,Buque_002758,Peru,2007,22901,297,51,5,Naviera_009866
9002759,Buque_002759,Brasil,1987,16612,194,20,16,Naviera_002810
9002760,Buque_002760,Peru,2011,11619,273,45,16,Naviera_000313
9002761,Buque_002761,China,1987,14952,315,24,9,Naviera_004533
9002762,Buque_002762,Mexico,1992,5683,112,22,11,Naviera_009336
9002763,Buque_002763,Dinamarca,2018,17445,233,25,15,Naviera_006838
9002764,Buque_002764,Panama,1995,4041,262,35,8,Naviera_009538
9002765,Buque_002765,Dinamarca,2003,11139,52,33,9,Naviera_006470
9002766,Buque_002766,Brasil,2007,22416,140,57,5,Naviera_009771
9002767,Buque_002767,Singapur,1981,6360,290,15,10,Naviera_008227
9002768,Buque_002768,Grecia,2003,4023,155,16,19,Naviera_004481
9002769,Buque_002769,Liberia,2000,7134,145,37,6,Naviera_007469
9002770,Buque_002770,Grecia,1989,9964,262,33,13,Naviera_005019
9002771,Buque_002771,Espana,1989,13792,173,57,5,Naviera_005244
9002772,Buque_002772,Liberia,2008,19337,362,28,15,Naviera_005897
9002773,Buque_002773,Estados Unidos,1980,6499,369,53,8,Naviera_008970
9002774,Buque_002774,Dinamarca,2003,4196,307,51,14,Naviera_002212
9002775,Buque_002775,Estados Unidos,2006,16744,58,45,5,Naviera_008048
9002776,Buque_002776,Singapur,1982,12618,131,55,12,Naviera_003407
9002777,Buque_002777,Noruega,1994,23222,227,39,13,Naviera_008873
9002778,Buque_002778,Malta,2016,4522,360,50,13,Naviera_007461
9002779,Buque_002779,Brasil,2023,922,120,26,17,Naviera_007676
9002780,Buque_002780,Espana,2014,22371,297,10,15,Naviera_009493
9002781,Buque_002781,Islas Marshall,2011,1328,278,46,17,Naviera_008774
9002782,Buque_002782,Estados Unidos,2009,14338,80,35,18,Naviera_001636
9002783,Buque_002783,Singapur,1996,18722,152,17,14,Naviera_009440
9002784,Buque_002784,Bahamas,1996,4746,108,54,5,Naviera_008713
9002785,Buque_002785,Chile,1992,8993,62,44,15,Naviera_006556
9002786,Buque_002786,Espana,2005,7855,283,14,11,Naviera_003082
9002787,Buque_002787,Ecuador,2023,18672,313,30,8,Naviera_000118
9002788,Buque_002788,Colombia,1998,1246,94,39,18,Naviera_001954
9002789,Buque_002789,Malta,2002,23272,193,34,8,Naviera_007972
9002790,Buque_002790,Noruega,2007,4821,195,40,7,Naviera_004302
9002791,Buque_002791,Colombia,1993,13917,268,33,18,Naviera_005758
9002792,Buque_002792,Estados Unidos,1998,3639,392,48,18,Naviera_008715
9002793,Buque_002793,Dinamarca,2011,16951,225,56,15,Naviera_008885
9002794,Buque_002794,Espana,1986,3717,100,42,14,Naviera_006617
9002795,Buque_002795,Hong Kong,2012,10731,117,32,7,Naviera_003587
9002796,Buque_002796,Brasil,2012,4755,226,47,11,Naviera_000695
9002797,Buque_002797,Liberia,1988,2712,312,55,13,Naviera_005441
9002798,Buque_002798,Grecia,1990,2634,104,29,12,Naviera_008563
9002799,Buque_002799,Bahamas,2010,8138,231,56,19,Naviera_008985
9002800,Buque_002800,Bahamas,1990,21677,62,12,9,Naviera_008361
9002801,Buque_002801,Colombia,1991,5862,55,24,16,Naviera_007581
9002802,Buque_002802,Peru,1990,8386,169,47,14,Naviera_009260
9002803,Buque_002803,Espana,2012,19679,179,59,8,Naviera_000884
9002804,Buque_002804,Hong Kong,2017,16298,193,48,5,Naviera_004512
9002805,Buque_002805,China,1988,14421,243,46,8,Naviera_001179
9002806,Buque_002806,Islas Marshall,2023,10738,152,13,11,Naviera_008860
9002807,Buque_002807,Bahamas,1992,16362,203,20,11,Naviera_008255
9002808,Buque_002808,Colombia,2010,18146,170,28,19,Naviera_004806
9002809,Buque_002809,Bahamas,1992,13804,217,42,6,Naviera_008681
9002810,Buque_002810,Dinamarca,1994,5300,392,22,7,Naviera_004756
9002811,Buque_002811,Bahamas,2012,8695,364,58,8,Naviera_000923
9002812,Buque_002812,Malta,1980,15642,364,47,17,Naviera_009630
9002813,Buque_002813,Chile,1990,19496,241,45,18,Naviera_007056
9002814,Buque_002814,Colombia,2012,5302,147,57,13,Naviera_007393
9002815,Buque_002815,Peru,1985,12235,85,49,6,Naviera_000940
9002816,Buque_002816,Bahamas,2024,4911,56,46,5,Naviera_009104
9002817,Buque_002817,Singapur,2016,2131,373,49,11,Naviera_007469
9002818,Buque_002818,Brasil,2009,22456,182,37,8,Naviera_003151
9002819,Buque_002819,Peru,2005,15328,59,44,18,Naviera_005094
9002820,Buque_002820,Singapur,1993,5334,151,18,18,Naviera_000225
9002821,Buque_002821,China,2025,12991,62,23,16,Naviera_006601
9002822,Buque_002822,Grecia,2002,6377,310,12,5,Naviera_007540
9002823,Buque_002823,Alemania,1981,17574,304,42,18,Naviera_004673
9002824,Buque_002824,Noruega,2012,5647,357,19,18,Naviera_004298
9002825,Buque_002825,Japon,2011,4111,75,46,6,Naviera_008019
9002826,Buque_002826,Peru,2002,21426,258,35,11,Naviera_002725
9002827,Buque_002827,Peru,2020,13710,302,35,14,Naviera_001400
9002828,Buque_002828,Colombia,1987,19837,388,46,13,Naviera_008842
9002829,Buque_002829,Islas Marshall,1982,6092,240,55,12,Naviera_000421
9002830,Buque_002830,Grecia,1982,14677,271,43,6,Naviera_006918
9002831,Buque_002831,Hong Kong,2006,20032,318,15,7,Naviera_003175
9002832,Buque_002832,Panama,1981,22378,61,34,8,Naviera_005184
9002833,Buque_002833,Chile,1984,15606,70,47,7,Naviera_000389
9002834,Buque_002834,Espana,2007,14981,107,26,12,Naviera_009985
9002835,Buque_002835,Brasil,2000,3397,236,14,19,Naviera_003180
9002836,Buque_002836,Espana,2008,8494,78,32,8,Naviera_008761
9002837,Buque_002837,Islas Marshall,2018,20225,53,53,13,Naviera_009129
9002838,Buque_002838,Islas Marshall,2016,17123,98,10,16,Naviera_009716
9002839,Buque_002839,Liberia,2000,557,326,59,12,Naviera_001470
9002840,Buque_002840,Reino Unido,2010,8319,331,15,7,Naviera_003156
9002841,Buque_002841,Mexico,2011,16438,339,13,15,Naviera_003571
9002842,Buque_002842,Alemania,1981,911,108,15,8,Naviera_002287
9002843,Buque_002843,Peru,2006,16454,231,12,5,Naviera_009938
9002844,Buque_002844,Singapur,2017,8656,321,18,8,Naviera_008127
9002845,Buque_002845,Brasil,1995,13917,207,41,13,Naviera_003165
9002846,Buque_002846,Reino Unido,1988,10182,215,19,18,Naviera_006221
9002847,Buque_002847,Peru,2014,2294,148,55,15,Naviera_009647
9002848,Buque_002848,Bahamas,2001,4384,305,13,8,Naviera_001353
9002849,Buque_002849,Islas Marshall,1999,7253,305,55,14,Naviera_008654
9002850,Buque_002850,Malta,1999,3888,351,49,8,Naviera_002706
9002851,Buque_002851,Brasil,2022,1228,188,21,7,Naviera_002012
9002852,Buque_002852,Alemania,1982,23730,359,18,9,Naviera_008159
9002853,Buque_002853,Liberia,1985,10743,91,50,10,Naviera_002546
9002854,Buque_002854,Malta,1992,17983,80,20,10,Naviera_009822
9002855,Buque_002855,Mexico,1986,1334,274,57,18,Naviera_006599
9002856,Buque_002856,Bahamas,2012,6065,148,34,6,Naviera_002301
9002857,Buque_002857,Mexico,1997,13349,266,26,8,Naviera_001354
9002858,Buque_002858,Colombia,1986,9471,368,28,18,Naviera_008331
9002859,Buque_002859,Peru,1990,20535,226,28,18,Naviera_005425
9002860,Buque_002860,Malta,2015,8303,317,54,16,Naviera_005504
9002861,Buque_002861,Islas Marshall,1995,11783,113,43,11,Naviera_002147
9002862,Buque_002862,Islas Marshall,2016,10948,110,26,9,Naviera_006858
9002863,Buque_002863,Espana,1992,17202,277,38,13,Naviera_008373
9002864,Buque_002864,Hong Kong,1991,6325,241,42,6,Naviera_001439
9002865,Buque_002865,Malta,2017,22835,126,29,11,Naviera_000059
9002866,Buque_002866,Panama,1995,18821,304,10,10,Naviera_005996
9002867,Buque_002867,Hong Kong,1994,18647,244,22,12,Naviera_000257
9002868,Buque_002868,Islas Marshall,2006,651,263,20,19,Naviera_002694
9002869,Buque_002869,Singapur,1992,14507,290,31,10,Naviera_005320
9002870,Buque_002870,Brasil,2020,19383,73,20,13,Naviera_008250
9002871,Buque_002871,Chile,1997,15998,162,31,14,Naviera_008240
9002872,Buque_002872,Chile,2016,6228,67,51,15,Naviera_000722
9002873,Buque_002873,Hong Kong,2004,5404,224,51,5,Naviera_009918
9002874,Buque_002874,Bahamas,2008,10834,188,40,18,Naviera_002263
9002875,Buque_002875,Islas Marshall,2010,7109,391,12,11,Naviera_006862
9002876,Buque_002876,China,2018,18683,83,30,13,Naviera_005117
9002877,Buque_002877,Bahamas,1999,14378,180,34,18,Naviera_004948
9002878,Buque_002878,Brasil,1982,10703,63,32,10,Naviera_008567
9002879,Buque_002879,Chile,2010,8524,325,12,11,Naviera_005412
9002880,Buque_002880,Islas Marshall,2006,18515,65,49,10,Naviera_005957
9002881,Buque_002881,Panama,2013,11009,119,28,14,Naviera_003632
9002882,Buque_002882,Chile,2020,23484,328,59,13,Naviera_005416
9002883,Buque_002883,Malta,1998,6306,216,17,7,Naviera_006553
9002884,Buque_002884,Estados Unidos,2000,16954,73,59,15,Naviera_007654
9002885,Buque_002885,Noruega,2002,2095,150,36,15,Naviera_007740
9002886,Buque_002886,Malta,2024,10277,169,36,6,Naviera_006087
9002887,Buque_002887,Mexico,2024,10239,216,16,12,Naviera_006834
9002888,Buque_002888,Singapur,1980,23526,377,11,5,Naviera_009218
9002889,Buque_002889,Reino Unido,1992,23875,203,11,9,Naviera_009196
9002890,Buque_002890,Singapur,2009,3132,125,26,7,Naviera_003051
9002891,Buque_002891,Grecia,2022,7296,190,39,13,Naviera_002134
9002892,Buque_002892,Hong Kong,2025,22140,69,59,6,Naviera_000624
9002893,Buque_002893,Ecuador,1986,18265,56,21,8,Naviera_001750
9002894,Buque_002894,Mexico,2004,2511,132,47,15,Naviera_007572
9002895,Buque_002895,Grecia,1987,10613,352,23,7,Naviera_001392
9002896,Buque_002896,Reino Unido,1996,6168,312,17,6,Naviera_004549
9002897,Buque_002897,Singapur,2008,15564,130,23,7,Naviera_004846
9002898,Buque_002898,Liberia,1992,8441,377,57,18,Naviera_002926
9002899,Buque_002899,Brasil,2019,17388,192,57,5,Naviera_007405
9002900,Buque_002900,Mexico,2010,14345,90,17,17,Naviera_001388
9002901,Buque_002901,Islas Marshall,2019,1199,125,43,5,Naviera_009364
9002902,Buque_002902,Japon,2009,1017,311,56,11,Naviera_005522
9002903,Buque_002903,Mexico,1998,7091,222,18,12,Naviera_001046
9002904,Buque_002904,Chile,2018,23257,247,29,14,Naviera_005813
9002905,Buque_002905,Ecuador,2004,14623,332,20,13,Naviera_003284
9002906,Buque_002906,Ecuador,2024,17399,363,49,6,Naviera_009040
9002907,Buque_002907,Bahamas,1980,11304,320,30,10,Naviera_007878
9002908,Buque_002908,Espana,2007,8933,351,46,19,Naviera_009661
9002909,Buque_002909,Malta,1986,6462,110,37,10,Naviera_004391
9002910,Buque_002910,Brasil,1989,8403,132,47,15,Naviera_009445
9002911,Buque_002911,Ecuador,2005,22569,167,35,9,Naviera_000174
9002912,Buque_002912,Noruega,1989,14052,123,37,8,Naviera_009745
9002913,Buque_002913,Estados Unidos,1998,2034,136,53,9,Naviera_001993
9002914,Buque_002914,Espana,2010,3459,72,35,15,Naviera_003358
9002915,Buque_002915,Malta,2019,12799,315,55,19,Naviera_005448
9002916,Buque_002916,Panama,1985,15402,65,47,17,Naviera_000330
9002917,Buque_002917,China,1981,11829,193,46,18,Naviera_001861
9002918,Buque_002918,Bahamas,2017,9787,234,30,6,Naviera_008517
9002919,Buque_002919,Noruega,1990,18848,277,25,7,Naviera_005475
9002920,Buque_002920,Malta,2014,20777,358,12,7,Naviera_003720
9002921,Buque_002921,Bahamas,2019,5884,353,30,10,Naviera_002245
9002922,Buque_002922,China,2019,16589,233,55,18,Naviera_003129
9002923,Buque_002923,Islas Marshall,2020,15278,163,28,6,Naviera_000503
9002924,Buque_002924,Espana,2021,23722,259,37,19,Naviera_008024
9002925,Buque_002925,Malta,1990,16838,178,30,10,Naviera_004271
9002926,Buque_002926,Panama,2011,7154,104,27,8,Naviera_005815
9002927,Buque_002927,Japon,1981,19936,122,22,10,Naviera_001247
9002928,Buque_002928,Grecia,2002,11296,54,30,13,Naviera_000422
9002929,Buque_002929,Mexico,1986,11263,68,30,10,Naviera_004034
9002930,Buque_002930,Grecia,2002,6934,183,36,19,Naviera_007230
9002931,Buque_002931,Hong Kong,2018,17185,72,58,16,Naviera_004987
9002932,Buque_002932,Singapur,2025,14401,257,29,18,Naviera_002469
9002933,Buque_002933,Grecia,1999,19425,243,17,7,Naviera_009762
9002934,Buque_002934,Peru,2004,16729,208,29,6,Naviera_008072
9002935,Buque_002935,Grecia,1994,3470,73,21,13,Naviera_005020
9002936,Buque_002936,Islas Marshall,1991,11828,388,39,16,Naviera_005583
9002937,Buque_002937,Noruega,1991,1611,381,35,9,Naviera_006498
9002938,Buque_002938,Brasil,2016,17231,151,41,15,Naviera_009003
9002939,Buque_002939,Estados Unidos,2019,10081,262,15,12,Naviera_006628
9002940,Buque_002940,Panama,1999,19554,260,56,16,Naviera_001645
9002941,Buque_002941,Bahamas,2001,21185,385,36,13,Naviera_006646
9002942,Buque_002942,Reino Unido,2021,21500,234,24,16,Naviera_009258
9002943,Buque_002943,Chile,2002,21799,295,29,13,Naviera_006686
9002944,Buque_002944,Mexico,2007,7036,329,24,19,Naviera_008556
9002945,Buque_002945,Grecia,1980,23203,223,14,9,Naviera_005772
9002946,Buque_002946,Dinamarca,2018,23521,372,58,14,Naviera_001147
9002947,Buque_002947,Brasil,1992,21102,146,37,10,Naviera_007132
9002948,Buque_002948,Mexico,1994,4524,358,47,7,Naviera_009608
9002949,Buque_002949,Peru,1997,17794,152,19,5,Naviera_006592
9002950,Buque_002950,Liberia,2022,2753,281,40,13,Naviera_004462
9002951,Buque_002951,Colombia,1986,6363,394,50,7,Naviera_000743
9002952,Buque_002952,Chile,1980,12041,94,47,9,Naviera_006869
9002953,Buque_002953,Dinamarca,2019,9273,130,33,17,Naviera_002351
9002954,Buque_002954,Grecia,2002,16203,61,17,19,Naviera_008988
9002955,Buque_002955,Reino Unido,2017,17249,143,46,12,Naviera_007202
9002956,Buque_002956,Hong Kong,2014,8932,125,30,11,Naviera_000991
9002957,Buque_002957,Espana,2013,23712,117,17,6,Naviera_003546
9002958,Buque_002958,Panama,2001,23776,90,12,7,Naviera_004306
9002959,Buque_002959,Noruega,1989,23845,177,17,6,Naviera_005863
9002960,Buque_002960,Colombia,2017,5310,174,26,7,Naviera_006909
9002961,Buque_002961,China,2001,23008,69,29,8,Naviera_009143
9002962,Buque_002962,Reino Unido,2009,23723,89,22,9,Naviera_007694
9002963,Buque_002963,China,1986,10877,89,34,18,Naviera_003488
9002964,Buque_002964,Grecia,2013,12792,107,21,7,Naviera_001392
9002965,Buque_002965,Japon,1981,17287,76,12,7,Naviera_003254
9002966,Buque_002966,Japon,2018,14528,237,30,9,Naviera_007431
9002967,Buque_002967,Grecia,2019,8406,387,15,5,Naviera_009862
9002968,Buque_002968,Singapur,2015,14603,182,19,14,Naviera_000923
9002969,Buque_002969,Chile,1995,23947,322,21,10,Naviera_006083
9002970,Buque_002970,Noruega,1989,15697,262,25,10,Naviera_005462
9002971,Buque_002971,Alemania,1988,19659,177,46,18,Naviera_008632
9002972,Buque_002972,Bahamas,2020,3718,212,45,9,Naviera_008181
9002973,Buque_002973,Estados Unidos,2004,12221,256,25,11,Naviera_008464
9002974,Buque_002974,Islas Marshall,1990,13267,227,13,7,Naviera_000421
9002975,Buque_002975,Chile,1997,21247,206,40,6,Naviera_007032
9002976,Buque_002976,Panama,2025,21058,201,20,14,Naviera_002437
9002977,Buque_002977,Singapur,2020,19756,380,47,9,Naviera_009036
9002978,Buque_002978,Alemania,1999,691,85,56,6,Naviera_000128
9002979,Buque_002979,Reino Unido,2023,5344,211,20,10,Naviera_001153
9002980,Buque_002980,Dinamarca,1981,18104,211,59,16,Naviera_000929
9002981,Buque_002981,Bahamas,2009,21991,119,42,12,Naviera_009522
9002982,Buque_002982,Ecuador,1981,11605,198,40,18,Naviera_009690
9002983,Buque_002983,Islas Marshall,1983,19348,270,28,8,Naviera_001006
9002984,Buque_002984,Malta,2010,3203,235,31,7,Naviera_005232
9002985,Buque_002985,Reino Unido,1996,7352,397,15,7,Naviera_003525
9002986,Buque_002986,Colombia,1992,21097,67,34,8,Naviera_009536
9002987,Buque_002987,Grecia,2012,13686,399,57,18,Naviera_003775
9002988,Buque_002988,Espana,1994,1734,306,54,15,Naviera_008607
9002989,Buque_002989,Malta,1997,20766,135,58,10,Naviera_004716
9002990,Buque_002990,Alemania,1988,4788,311,23,18,Naviera_006485
9002991,Buque_002991,Hong Kong,1997,23825,118,11,7,Naviera_001857
9002992,Buque_002992,Singapur,2022,10754,353,41,5,Naviera_005375
9002993,Buque_002993,Bahamas,1982,13343,102,24,18,Naviera_009618
9002994,Buque_002994,Singapur,1989,4597,303,52,7,Naviera_006272
9002995,Buque_002995,Islas Marshall,2001,682,336,42,17,Naviera_002455
9002996,Buque_002996,Brasil,1980,15071,219,21,19,Naviera_003200
9002997,Buque_002997,Ecuador,2015,20534,371,51,8,Naviera_000975
9002998,Buque_002998,Mexico,1988,15908,225,57,6,Naviera_002490
9002999,Buque_002999,Peru,1988,19656,246,22,11,Naviera_009946
9003000,Buque_003000,Liberia,1984,4780,277,32,12,Naviera_007091
9003001,Buque_003001,Brasil,2010,10926,173,16,19,Naviera_009164
9003002,Buque_003002,Liberia,2010,3128,313,23,12,Naviera_001274
9003003,Buque_003003,China,1995,15276,164,29,17,Naviera_009516
9003004,Buque_003004,Mexico,1982,3828,147,53,13,Naviera_003062
9003005,Buque_003005,Singapur,2019,13499,149,52,13,Naviera_005189
9003006,Buque_003006,Singapur,2025,2386,234,12,18,Naviera_000404
9003007,Buque_003007,Alemania,2014,14730,220,52,9,Naviera_000024
9003008,Buque_003008,Reino Unido,1989,1401,281,47,18,Naviera_006131
9003009,Buque_003009,Estados Unidos,1984,11305,206,50,9,Naviera_006861
9003010,Buque_003010,Espana,2002,2542,111,14,5,Naviera_006807
9003011,Buque_003011,Malta,2011,2702,80,11,11,Naviera_004097
9003012,Buque_003012,Singapur,2006,14424,197,34,14,Naviera_000798
9003013,Buque_003013,Espana,1999,2011,140,13,9,Naviera_000880
9003014,Buque_003014,Islas Marshall,2012,22121,67,48,6,Naviera_000995
9003015,Buque_003015,Ecuador,2017,6187,66,44,10,Naviera_007902
9003016,Buque_003016,Peru,1987,15483,125,42,18,Naviera_001368
9003017,Buque_003017,Chile,2015,12730,304,55,16,Naviera_000228
9003018,Buque_003018,Colombia,2001,3970,358,47,9,Naviera_006574
9003019,Buque_003019,Bahamas,2018,1759,330,39,18,Naviera_002675
9003020,Buque_003020,Peru,2012,23764,301,10,8,Naviera_008324
9003021,Buque_003021,Chile,2008,16421,307,13,15,Naviera_001997
9003022,Buque_003022,Ecuador,2009,5452,396,39,7,Naviera_002863
9003023,Buque_003023,Grecia,1992,16423,130,17,15,Naviera_006126
9003024,Buque_003024,Peru,2018,19718,127,11,13,Naviera_000282
9003025,Buque_003025,Singapur,2013,12498,117,17,11,Naviera_004505
9003026,Buque_003026,Islas Marshall,2017,22096,117,25,12,Naviera_005093
9003027,Buque_003027,Islas Marshall,2014,17487,104,54,15,Naviera_005573
9003028,Buque_003028,Chile,2024,8652,254,49,18,Naviera_004216
9003029,Buque_003029,Alemania,1991,14855,85,42,6,Naviera_007526
9003030,Buque_003030,Colombia,1981,8271,196,23,11,Naviera_002171
9003031,Buque_003031,China,2024,12541,71,50,5,Naviera_000716
9003032,Buque_003032,Alemania,2015,5213,308,26,6,Naviera_006201
9003033,Buque_003033,Colombia,2016,11795,216,14,17,Naviera_006396
9003034,Buque_003034,Chile,1989,1173,107,34,17,Naviera_007458
9003035,Buque_003035,Brasil,2025,20983,156,53,8,Naviera_002351
9003036,Buque_003036,Japon,2002,23259,317,56,10,Naviera_000358
9003037,Buque_003037,Grecia,1995,17773,89,19,7,Naviera_000054
9003038,Buque_003038,Dinamarca,1989,8329,65,29,18,Naviera_001419
9003039,Buque_003039,Islas Marshall,1981,11317,212,46,8,Naviera_008901
9003040,Buque_003040,Reino Unido,2024,10528,276,35,13,Naviera_009821
9003041,Buque_003041,Estados Unidos,2001,3456,350,51,13,Naviera_003082
9003042,Buque_003042,Panama,1994,5062,125,53,17,Naviera_003755
9003043,Buque_003043,Peru,1988,19716,344,14,16,Naviera_009202
9003044,Buque_003044,Singapur,2003,18188,247,40,9,Naviera_008335
9003045,Buque_003045,Islas Marshall,1983,12956,147,46,10,Naviera_001783
9003046,Buque_003046,Panama,2020,9327,71,23,18,Naviera_008714
9003047,Buque_003047,Espana,2000,5173,226,31,8,Naviera_003428
9003048,Buque_003048,Bahamas,2021,9601,299,35,14,Naviera_003665
9003049,Buque_003049,Colombia,2012,5384,129,26,16,Naviera_000934
9003050,Buque_003050,Grecia,1981,2693,388,39,5,Naviera_000927
9003051,Buque_003051,Malta,1984,16685,177,47,15,Naviera_007222
9003052,Buque_003052,China,2001,1538,103,26,15,Naviera_003315
9003053,Buque_003053,Japon,2006,23010,186,40,7,Naviera_001091
9003054,Buque_003054,Bahamas,2021,15457,121,49,15,Naviera_006925
9003055,Buque_003055,Japon,2015,7405,166,59,5,Naviera_000883
9003056,Buque_003056,Alemania,2022,17033,281,56,6,Naviera_004076
9003057,Buque_003057,Brasil,2013,2582,292,36,6,Naviera_006190
9003058,Buque_003058,Ecuador,1999,22673,251,47,9,Naviera_006672
9003059,Buque_003059,Mexico,2003,15401,329,21,7,Naviera_001156
9003060,Buque_003060,Mexico,2014,3767,249,23,9,Naviera_003521
9003061,Buque_003061,Liberia,1990,6177,280,40,12,Naviera_001548
9003062,Buque_003062,Alemania,2010,20843,246,53,6,Naviera_005709
9003063,Buque_003063,Reino Unido,2021,13844,116,47,14,Naviera_000360
9003064,Buque_003064,Bahamas,1994,5559,212,55,9,Naviera_009019
9003065,Buque_003065,Espana,2003,12637,111,54,12,Naviera_006377
9003066,Buque_003066,Chile,2021,3057,279,21,16,Naviera_005825
9003067,Buque_003067,Espana,2004,19952,152,55,9,Naviera_003611
9003068,Buque_003068,China,1981,10669,210,15,6,Naviera_000285
9003069,Buque_003069,Bahamas,2023,13398,240,44,14,Naviera_005478
9003070,Buque_003070,Noruega,2019,8093,234,28,12,Naviera_002531
9003071,Buque_003071,Brasil,2009,21910,68,55,17,Naviera_001092
9003072,Buque_003072,Colombia,1987,9126,148,22,16,Naviera_005951
9003073,Buque_003073,Liberia,2016,8326,132,44,10,Naviera_000941
9003074,Buque_003074,Brasil,2002,6518,112,40,13,Naviera_003650
9003075,Buque_003075,Reino Unido,2001,9462,385,44,9,Naviera_002698
9003076,Buque_003076,Chile,2009,20378,381,45,15,Naviera_001459
9003077,Buque_003077,Ecuador,1983,13506,353,59,5,Naviera_005973
9003078,Buque_003078,Espana,2005,6874,348,39,19,Naviera_005649
9003079,Buque_003079,Noruega,2000,21009,60,22,19,Naviera_009581
9003080,Buque_003080,Brasil,2017,17319,197,28,17,Naviera_003313
9003081,Buque_003081,Dinamarca,1995,14820,225,28,11,Naviera_002647
9003082,Buque_003082,Noruega,2008,8757,350,33,10,Naviera_001315
9003083,Buque_003083,Japon,2001,19840,127,50,17,Naviera_004082
9003084,Buque_003084,Chile,1995,15661,285,10,10,Naviera_008771
9003085,Buque_003085,Chile,1986,20600,144,57,9,Naviera_000215
9003086,Buque_003086,Liberia,1990,18450,351,22,18,Naviera_000935
9003087,Buque_003087,Estados Unidos,2023,17547,230,20,5,Naviera_001631
9003088,Buque_003088,Alemania,2013,23678,182,25,17,Naviera_007942
9003089,Buque_003089,Reino Unido,2017,8594,248,31,17,Naviera_006749
9003090,Buque_003090,Noruega,1993,22589,91,23,13,Naviera_008265
9003091,Buque_003091,Espana,1986,23854,306,42,18,Naviera_008654
9003092,Buque_003092,Mexico,2013,17169,371,41,19,Naviera_003989
9003093,Buque_003093,Panama,1989,6137,213,30,7,Naviera_002084
9003094,Buque_003094,Islas Marshall,2009,14136,378,24,18,Naviera_003425
9003095,Buque_003095,Brasil,1985,21185,267,36,10,Naviera_009207
9003096,Buque_003096,Hong Kong,2000,16417,93,29,18,Naviera_009385
9003097,Buque_003097,Noruega,2020,16245,245,56,5,Naviera_003979
9003098,Buque_003098,Espana,1981,8314,204,41,14,Naviera_009673
9003099,Buque_003099,Mexico,1980,21854,335,51,10,Naviera_006587
9003100,Buque_003100,Chile,2006,11294,317,39,15,Naviera_004217
9003101,Buque_003101,Brasil,1986,3674,63,44,7,Naviera_004001
9003102,Buque_003102,Japon,2000,12721,188,30,16,Naviera_002509
9003103,Buque_003103,Mexico,1980,18398,373,10,9,Naviera_007152
9003104,Buque_003104,Japon,2007,22803,341,38,9,Naviera_009400
9003105,Buque_003105,Reino Unido,1985,1751,258,30,15,Naviera_008872
9003106,Buque_003106,Noruega,2004,21017,180,29,5,Naviera_000126
9003107,Buque_003107,Alemania,2022,15408,103,58,11,Naviera_006933
9003108,Buque_003108,Malta,1989,13611,82,47,15,Naviera_004076
9003109,Buque_003109,China,2016,16085,73,14,11,Naviera_005910
9003110,Buque_003110,Colombia,2007,23394,223,33,12,Naviera_001570
9003111,Buque_003111,Estados Unidos,1987,13305,328,53,14,Naviera_001152
9003112,Buque_003112,Liberia,1998,13011,271,35,5,Naviera_003418
9003113,Buque_003113,Reino Unido,1986,10606,59,16,18,Naviera_004480
9003114,Buque_003114,Peru,2002,19687,187,44,12,Naviera_004018
9003115,Buque_003115,Mexico,2007,20847,198,19,5,Naviera_003325
9003116,Buque_003116,Panama,1989,16027,276,38,7,Naviera_006372
9003117,Buque_003117,Colombia,2005,9621,396,30,10,Naviera_003497
9003118,Buque_003118,Noruega,2000,21728,134,21,17,Naviera_005737
9003119,Buque_003119,Brasil,1990,17260,172,43,5,Naviera_002480
9003120,Buque_003120,Espana,1992,1609,70,11,18,Naviera_000115
9003121,Buque_003121,Panama,1988,20797,330,58,10,Naviera_005738
9003122,Buque_003122,Espana,1988,6981,338,57,16,Naviera_009833
9003123,Buque_003123,Bahamas,1990,13086,384,33,9,Naviera_000299
9003124,Buque_003124,Alemania,1992,11391,272,44,17,Naviera_000423
9003125,Buque_003125,Estados Unidos,2024,3746,63,26,5,Naviera_009072
9003126,Buque_003126,Panama,1980,23348,312,49,12,Naviera_009009
9003127,Buque_003127,Panama,2022,21920,395,44,5,Naviera_005516
9003128,Buque_003128,Noruega,1983,7445,397,26,8,Naviera_004971
9003129,Buque_003129,Liberia,1997,11829,74,29,8,Naviera_005735
9003130,Buque_003130,Malta,2020,927,305,51,14,Naviera_000712
9003131,Buque_003131,Ecuador,2019,7366,257,25,17,Naviera_009075
9003132,Buque_003132,Dinamarca,2014,23582,231,15,15,Naviera_005530
9003133,Buque_003133,Liberia,2023,22848,86,28,11,Naviera_001882
9003134,Buque_003134,Malta,2018,5854,327,47,17,Naviera_007180
9003135,Buque_003135,Bahamas,2014,18332,279,37,11,Naviera_007631
9003136,Buque_003136,Estados Unidos,2011,540,258,39,14,Naviera_007926
9003137,Buque_003137,Singapur,1997,14511,311,39,6,Naviera_008304
9003138,Buque_003138,Hong Kong,2008,9274,278,35,15,Naviera_002350
9003139,Buque_003139,China,1997,10954,59,19,15,Naviera_006440
9003140,Buque_003140,Alemania,2008,15566,250,22,5,Naviera_000083
9003141,Buque_003141,Liberia,1995,19199,105,24,18,Naviera_008721
9003142,Buque_003142,Ecuador,1982,9389,110,36,6,Naviera_003088
9003143,Buque_003143,Peru,1999,3394,179,52,9,Naviera_004582
9003144,Buque_003144,Liberia,2002,14793,186,42,15,Naviera_002899
9003145,Buque_003145,Grecia,1990,14627,392,52,11,Naviera_006863
9003146,Buque_003146,Bahamas,1989,16731,243,13,17,Naviera_002948
9003147,Buque_003147,Estados Unidos,1996,18828,144,10,6,Naviera_001169
9003148,Buque_003148,Hong Kong,2002,6520,151,27,13,Naviera_008551
9003149,Buque_003149,Singapur,2004,14178,369,20,14,Naviera_007563
9003150,Buque_003150,Liberia,1982,8662,73,20,10,Naviera_006202
9003151,Buque_003151,Ecuador,1990,18223,330,48,9,Naviera_005991
9003152,Buque_003152,Chile,2011,16177,347,59,10,Naviera_005298
9003153,Buque_003153,Brasil,1989,12414,222,32,17,Naviera_009050
9003154,Buque_003154,Colombia,1986,2542,271,31,11,Naviera_000920
9003155,Buque_003155,Mexico,2003,22791,377,59,14,Naviera_004812
9003156,Buque_003156,Colombia,2016,6889,130,56,17,Naviera_009914
9003157,Buque_003157,Bahamas,2021,4603,178,34,18,Naviera_009531
9003158,Buque_003158,Panama,1988,10509,394,48,13,Naviera_009703
9003159,Buque_003159,Panama,2012,718,398,51,18,Naviera_001163
9003160,Buque_003160,Dinamarca,2003,9342,133,17,10,Naviera_000049
9003161,Buque_003161,Noruega,1987,12202,335,52,17,Naviera_006146
9003162,Buque_003162,Malta,2019,21264,172,32,9,Naviera_003014
9003163,Buque_003163,Espana,2016,4827,96,15,12,Naviera_003047
9003164,Buque_003164,Mexico,2010,15522,308,27,18,Naviera_002849
9003165,Buque_003165,Grecia,1997,1018,288,50,7,Naviera_000178
9003166,Buque_003166,Bahamas,2011,6176,376,16,17,Naviera_002405
9003167,Buque_003167,China,1996,19846,66,52,15,Naviera_001801
9003168,Buque_003168,Islas Marshall,2011,10190,323,52,6,Naviera_003446
9003169,Buque_003169,Bahamas,1981,4930,139,29,16,Naviera_000999
9003170,Buque_003170,Ecuador,1999,1601,215,31,9,Naviera_002538
9003171,Buque_003171,Colombia,2005,18904,182,58,9,Naviera_003785
9003172,Buque_003172,Malta,2000,9479,151,58,18,Naviera_001242
9003173,Buque_003173,Malta,1992,12741,359,44,11,Naviera_002283
9003174,Buque_003174,Islas Marshall,2013,12486,190,11,15,Naviera_006914
9003175,Buque_003175,Japon,1984,19191,240,14,16,Naviera_008800
9003176,Buque_003176,Colombia,2000,5922,153,28,15,Naviera_006154
9003177,Buque_003177,Japon,2001,10589,104,19,15,Naviera_001728
9003178,Buque_003178,Estados Unidos,2011,1475,328,42,11,Naviera_008966
9003179,Buque_003179,Ecuador,2007,12263,300,59,11,Naviera_008128
9003180,Buque_003180,Japon,2022,6854,394,58,7,Naviera_001966
9003181,Buque_003181,Peru,2009,10179,57,41,15,Naviera_004926
9003182,Buque_003182,Dinamarca,2003,5033,350,10,8,Naviera_007102
9003183,Buque_003183,Bahamas,2015,5461,332,36,7,Naviera_000729
9003184,Buque_003184,Malta,2008,13707,95,14,10,Naviera_001979
9003185,Buque_003185,Estados Unidos,2004,5972,251,19,7,Naviera_000248
9003186,Buque_003186,China,1995,17077,208,30,6,Naviera_003272
9003187,Buque_003187,Noruega,1986,4047,92,44,18,Naviera_007733
9003188,Buque_003188,Grecia,1984,20392,166,34,12,Naviera_003403
9003189,Buque_003189,Colombia,1997,14162,105,46,7,Naviera_004547
9003190,Buque_003190,Chile,1999,14426,73,47,19,Naviera_002375
9003191,Buque_003191,Noruega,1994,1198,396,47,8,Naviera_001475
9003192,Buque_003192,Espana,2020,2776,126,51,5,Naviera_009829
9003193,Buque_003193,China,1989,14368,164,15,13,Naviera_001167
9003194,Buque_003194,Colombia,2002,13568,188,53,8,Naviera_007991
9003195,Buque_003195,Hong Kong,2011,18625,208,58,10,Naviera_000873
9003196,Buque_003196,Noruega,2025,12028,278,27,10,Naviera_007945
9003197,Buque_003197,Japon,2006,21452,256,29,15,Naviera_003695
9003198,Buque_003198,Panama,2021,1419,173,16,19,Naviera_001298
9003199,Buque_003199,Liberia,2017,10448,204,54,11,Naviera_006789
9003200,Buque_003200,Alemania,2022,23708,372,36,8,Naviera_001691
9003201,Buque_003201,Estados Unidos,1980,14846,176,59,19,Naviera_006389
9003202,Buque_003202,Estados Unidos,1999,8035,380,35,18,Naviera_000355
9003203,Buque_003203,Estados Unidos,2017,7905,226,46,15,Naviera_008612
9003204,Buque_003204,Hong Kong,2023,10255,177,13,7,Naviera_005344
9003205,Buque_003205,Noruega,1993,17140,70,20,11,Naviera_007621
9003206,Buque_003206,Peru,1996,23565,371,50,17,Naviera_007300
9003207,Buque_003207,Liberia,2013,12345,376,26,19,Naviera_008744
9003208,Buque_003208,Estados Unidos,2009,15832,124,37,10,Naviera_008967
9003209,Buque_003209,Grecia,2015,776,192,33,19,Naviera_001665
9003210,Buque_003210,Mexico,2018,13244,277,29,5,Naviera_007830
9003211,Buque_003211,Islas Marshall,1983,17118,149,32,16,Naviera_003757
9003212,Buque_003212,Noruega,1988,20805,135,19,11,Naviera_001083
9003213,Buque_003213,Singapur,2014,19709,214,53,7,Naviera_006539
9003214,Buque_003214,Estados Unidos,1986,14420,342,32,13,Naviera_009782
9003215,Buque_003215,Colombia,1998,21649,169,49,9,Naviera_003463
9003216,Buque_003216,Islas Marshall,1990,14648,384,22,12,Naviera_003187
9003217,Buque_003217,Estados Unidos,2000,6822,391,56,15,Naviera_000065
9003218,Buque_003218,Mexico,1986,22921,355,20,10,Naviera_009456
9003219,Buque_003219,Hong Kong,2010,2815,345,25,13,Naviera_000648
9003220,Buque_003220,Espana,2004,11628,55,17,16,Naviera_002710
9003221,Buque_003221,Ecuador,2004,21138,72,46,12,Naviera_006444
9003222,Buque_003222,Bahamas,1992,4631,362,31,11,Naviera_002220
9003223,Buque_003223,Malta,2009,20538,211,22,19,Naviera_008933
9003224,Buque_003224,Malta,1985,11005,249,25,9,Naviera_005392
9003225,Buque_003225,Singapur,2022,5588,93,30,19,Naviera_002208
9003226,Buque_003226,Colombia,2013,23002,134,47,11,Naviera_009824
9003227,Buque_003227,Chile,1987,17526,155,23,5,Naviera_006905
9003228,Buque_003228,Colombia,2025,12557,208,32,11,Naviera_006548
9003229,Buque_003229,Liberia,1981,7118,230,27,14,Naviera_000491
9003230,Buque_003230,Japon,2018,23830,144,20,15,Naviera_000920
9003231,Buque_003231,Japon,2021,6945,175,50,9,Naviera_007598
9003232,Buque_003232,Malta,1987,1301,138,45,9,Naviera_000312
9003233,Buque_003233,Islas Marshall,2019,15638,238,52,10,Naviera_004108
9003234,Buque_003234,Singapur,1980,20141,386,35,5,Naviera_009096
9003235,Buque_003235,Noruega,2019,13094,189,38,17,Naviera_005961
9003236,Buque_003236,Peru,2000,19378,135,36,16,Naviera_001336
9003237,Buque_003237,Peru,1987,3432,320,56,12,Naviera_004625
9003238,Buque_003238,Islas Marshall,1985,18255,324,40,19,Naviera_005323
9003239,Buque_003239,Reino Unido,2022,7484,263,37,15,Naviera_000229
9003240,Buque_003240,Bahamas,2024,4912,398,14,7,Naviera_003517
9003241,Buque_003241,Islas Marshall,1994,11263,158,53,7,Naviera_001653
9003242,Buque_003242,Noruega,1987,11037,239,33,18,Naviera_007407
9003243,Buque_003243,Singapur,1988,10669,87,22,13,Naviera_006135
9003244,Buque_003244,China,2010,1081,172,50,13,Naviera_005395
9003245,Buque_003245,Liberia,2018,1120,237,29,10,Naviera_006150
9003246,Buque_003246,Dinamarca,1993,12146,393,10,7,Naviera_002183
9003247,Buque_003247,Islas Marshall,2003,20953,191,10,18,Naviera_002277
9003248,Buque_003248,Espana,2003,20574,165,29,17,Naviera_004170
9003249,Buque_003249,Ecuador,2007,13954,100,41,8,Naviera_009232
9003250,Buque_003250,Brasil,2022,13585,394,34,6,Naviera_005534
9003251,Buque_003251,Grecia,2016,13821,384,37,18,Naviera_002867
9003252,Buque_003252,Brasil,2000,2886,391,51,19,Naviera_007224
9003253,Buque_003253,Noruega,1985,13115,294,28,17,Naviera_008679
9003254,Buque_003254,Malta,2007,15973,220,24,17,Naviera_006006
9003255,Buque_003255,Brasil,1997,3689,340,18,19,Naviera_006509
9003256,Buque_003256,Noruega,2004,4663,328,17,13,Naviera_009208
9003257,Buque_003257,Colombia,1988,23784,299,58,16,Naviera_009237
9003258,Buque_003258,Ecuador,2010,4656,312,29,8,Naviera_006888
9003259,Buque_003259,Espana,2006,14342,310,25,7,Naviera_009643
9003260,Buque_003260,Estados Unidos,1984,16875,294,35,17,Naviera_005167
9003261,Buque_003261,Reino Unido,2018,1886,83,52,18,Naviera_005571
9003262,Buque_003262,Estados Unidos,1994,17913,271,43,13,Naviera_003015
9003263,Buque_003263,Dinamarca,2022,6718,309,16,7,Naviera_003152
9003264,Buque_003264,Malta,2025,10403,71,43,15,Naviera_008601
9003265,Buque_003265,Ecuador,2024,9779,336,39,13,Naviera_003809
9003266,Buque_003266,Japon,2010,21272,141,37,8,Naviera_007680
9003267,Buque_003267,Ecuador,2002,13242,275,31,7,Naviera_003508
9003268,Buque_003268,Singapur,1986,22913,266,33,17,Naviera_003381
9003269,Buque_003269,Espana,2020,6339,202,53,5,Naviera_005709
9003270,Buque_003270,Panama,1987,7798,351,17,13,Naviera_005443
9003271,Buque_003271,Alemania,2014,18195,207,44,7,Naviera_009251
9003272,Buque_003272,Noruega,1991,13210,281,27,13,Naviera_002022
9003273,Buque_003273,Ecuador,2009,9859,296,24,5,Naviera_006214
9003274,Buque_003274,Noruega,1994,5547,161,41,6,Naviera_004739
9003275,Buque_003275,Brasil,2023,8521,190,57,16,Naviera_000869
9003276,Buque_003276,Chile,1997,6865,219,17,9,Naviera_009762
9003277,Buque_003277,Grecia,2013,6977,274,36,9,Naviera_002483
9003278,Buque_003278,Mexico,2011,12462,113,22,17,Naviera_007889
9003279,Buque_003279,Peru,1988,22033,279,52,10,Naviera_003564
9003280,Buque_003280,Panama,1984,12834,333,15,10,Naviera_000146
9003281,Buque_003281,Mexico,1986,6838,294,50,15,Naviera_007894
9003282,Buque_003282,Estados Unidos,2009,17064,314,19,8,Naviera_004198
9003283,Buque_003283,Ecuador,1997,8581,194,14,7,Naviera_003175
9003284,Buque_003284,Malta,1998,675,240,18,19,Naviera_004329
9003285,Buque_003285,Brasil,1980,3174,226,34,19,Naviera_001284
9003286,Buque_003286,Islas Marshall,1985,23088,198,49,10,Naviera_001742
9003287,Buque_003287,Noruega,1991,8129,330,20,8,Naviera_000700
9003288,Buque_003288,Malta,2001,2393,177,43,6,Naviera_005259
9003289,Buque_003289,Dinamarca,2000,5711,311,30,18,Naviera_007009
9003290,Buque_003290,Hong Kong,1995,10757,351,27,12,Naviera_002676
9003291,Buque_003291,Dinamarca,1997,22470,54,37,5,Naviera_003439
9003292,Buque_003292,Noruega,1999,10783,267,41,19,Naviera_008426
9003293,Buque_003293,Mexico,2021,11572,385,25,15,Naviera_005778
9003294,Buque_003294,China,1992,20560,263,35,16,Naviera_007106
9003295,Buque_003295,Noruega,2012,1694,341,14,6,Naviera_005499
9003296,Buque_003296,Reino Unido,2003,19979,321,35,5,Naviera_000522
9003297,Buque_003297,Islas Marshall,2022,19260,77,39,6,Naviera_003919
9003298,Buque_003298,Espana,2003,21602,140,58,5,Naviera_001597
9003299,Buque_003299,Malta,1990,9772,320,52,12,Naviera_009352
9003300,Buque_003300,Bahamas,2010,2679,148,53,13,Naviera_006859
9003301,Buque_003301,Alemania,2008,22347,250,34,15,Naviera_006844
9003302,Buque_003302,China,2002,7211,190,28,11,Naviera_005087
9003303,Buque_003303,Dinamarca,1999,10689,249,51,13,Naviera_006644
9003304,Buque_003304,Estados Unidos,2009,6888,82,40,9,Naviera_000248
9003305,Buque_003305,Islas Marshall,1993,5930,223,39,8,Naviera_007554
9003306,Buque_003306,Ecuador,2003,9725,78,14,7,Naviera_007946
9003307,Buque_003307,Chile,1992,6516,57,16,14,Naviera_005736
9003308,Buque_003308,China,2016,12733,150,37,7,Naviera_002588
9003309,Buque_003309,Singapur,1998,11221,330,46,8,Naviera_008840
9003310,Buque_003310,Hong Kong,2017,14920,283,44,11,Naviera_006969
9003311,Buque_003311,Estados Unidos,2001,6959,103,37,12,Naviera_009094
9003312,Buque_003312,Espana,1992,9127,170,13,11,Naviera_005639
9003313,Buque_003313,Brasil,2015,1209,232,16,6,Naviera_009855
9003314,Buque_003314,Malta,1985,12514,208,23,19,Naviera_009550
9003315,Buque_003315,Bahamas,2001,1383,316,37,17,Naviera_008596
9003316,Buque_003316,Singapur,1999,13211,174,24,16,Naviera_009567
9003317,Buque_003317,Chile,1985,5307,235,23,15,Naviera_006917
9003318,Buque_003318,Panama,1997,3089,131,18,14,Naviera_001512
9003319,Buque_003319,Chile,2004,21893,375,13,9,Naviera_005097
9003320,Buque_003320,Alemania,1999,1601,389,21,7,Naviera_006343
9003321,Buque_003321,Grecia,1984,1020,338,41,12,Naviera_008207
9003322,Buque_003322,Japon,1995,4954,198,32,9,Naviera_000226
9003323,Buque_003323,Singapur,2017,9002,137,31,14,Naviera_009190
9003324,Buque_003324,Dinamarca,2021,5397,108,56,6,Naviera_002004
9003325,Buque_003325,Panama,1985,21589,189,16,13,Naviera_008323
9003326,Buque_003326,Reino Unido,2013,722,240,26,10,Naviera_004652
9003327,Buque_003327,Singapur,1995,8007,252,11,12,Naviera_001103
9003328,Buque_003328,China,1996,18366,183,30,6,Naviera_002961
9003329,Buque_003329,Brasil,1994,1229,175,17,15,Naviera_006227
9003330,Buque_003330,Espana,1990,7356,382,13,17,Naviera_005863
9003331,Buque_003331,Brasil,2012,11580,236,36,9,Naviera_005538
9003332,Buque_003332,Liberia,1990,8523,356,38,8,Naviera_009982
9003333,Buque_003333,Chile,1986,23365,135,27,19,Naviera_000429
9003334,Buque_003334,Chile,1983,11138,218,29,8,Naviera_002941
9003335,Buque_003335,Chile,1980,11617,120,54,12,Naviera_004968
9003336,Buque_003336,Estados Unidos,1996,3602,79,27,19,Naviera_009738
9003337,Buque_003337,Panama,1990,11714,271,34,14,Naviera_003331
9003338,Buque_003338,Chile,2007,4648,243,20,12,Naviera_000233
9003339,Buque_003339,Espana,1996,2943,384,46,8,Naviera_006995
9003340,Buque_003340,Bahamas,2012,11288,308,43,14,Naviera_002591
9003341,Buque_003341,Singapur,2023,4182,86,41,14,Naviera_009174
9003342,Buque_003342,Japon,2010,5412,334,29,13,Naviera_001493
9003343,Buque_003343,Ecuador,1998,2870,128,36,6,Naviera_000417
9003344,Buque_003344,Grecia,1995,3585,300,35,18,Naviera_001700
9003345,Buque_003345,Singapur,2024,8982,377,39,19,Naviera_003454
9003346,Buque_003346,Islas Marshall,2014,6302,127,16,6,Naviera_004256
9003347,Buque_003347,Hong Kong,2015,20489,260,21,7,Naviera_005081
9003348,Buque_003348,Espana,2003,12823,100,54,15,Naviera_001524
9003349,Buque_003349,Grecia,1999,1736,321,28,14,Naviera_004333
9003350,Buque_003350,Grecia,2020,21861,245,42,17,Naviera_009908
9003351,Buque_003351,Japon,2010,22076,313,50,7,Naviera_008848
9003352,Buque_003352,Estados Unidos,2006,23896,211,12,16,Naviera_001277
9003353,Buque_003353,Estados Unidos,2000,12834,178,29,17,Naviera_004217
9003354,Buque_003354,Singapur,2013,23281,208,23,11,Naviera_007177
9003355,Buque_003355,Bahamas,1990,17329,79,38,7,Naviera_001993
9003356,Buque_003356,Hong Kong,1991,930,52,12,8,Naviera_002314
9003357,Buque_003357,Malta,1988,23368,140,55,5,Naviera_004006
9003358,Buque_003358,Dinamarca,2016,3542,379,54,15,Naviera_007372
9003359,Buque_003359,Japon,1989,2785,345,30,9,Naviera_000081
9003360,Buque_003360,Islas Marshall,1988,4018,264,35,19,Naviera_007856
9003361,Buque_003361,Chile,2017,14604,77,43,10,Naviera_009478
9003362,Buque_003362,Singapur,2021,18835,206,36,7,Naviera_004302
9003363,Buque_003363,Liberia,1997,21420,357,50,14,Naviera_005980
9003364,Buque_003364,Ecuador,1990,20317,399,35,15,Naviera_008858
9003365,Buque_003365,Liberia,2024,6491,377,30,18,Naviera_008695
9003366,Buque_003366,Singapur,2008,15673,261,37,19,Naviera_001923
9003367,Buque_003367,Ecuador,2004,22146,396,11,14,Naviera_003745
9003368,Buque_003368,Espana,1999,3786,132,16,13,Naviera_000504
9003369,Buque_003369,Estados Unidos,2000,9401,214,15,19,Naviera_009884
9003370,Buque_003370,Reino Unido,1982,19131,214,25,10,Naviera_005040
9003371,Buque_003371,Ecuador,2022,528,50,49,19,Naviera_000171
9003372,Buque_003372,Espana,2014,18968,315,33,7,Naviera_002146
9003373,Buque_003373,Islas Marshall,2014,13775,193,32,7,Naviera_009323
9003374,Buque_003374,Chile,1986,15347,94,22,17,Naviera_001524
9003375,Buque_003375,Chile,1993,16458,159,49,13,Naviera_000736
9003376,Buque_003376,Noruega,1994,20685,391,52,6,Naviera_004470
9003377,Buque_003377,Grecia,2019,10544,280,59,11,Naviera_004984
9003378,Buque_003378,Alemania,1996,6224,111,58,16,Naviera_006190
9003379,Buque_003379,Grecia,2025,23240,264,35,5,Naviera_006271
9003380,Buque_003380,Espana,2015,21038,315,35,7,Naviera_007388
9003381,Buque_003381,Panama,1982,22778,164,21,16,Naviera_008984
9003382,Buque_003382,Japon,1987,17400,355,14,6,Naviera_005641
9003383,Buque_003383,Chile,2009,17763,350,20,19,Naviera_007548
9003384,Buque_003384,Noruega,1986,1986,121,35,5,Naviera_009614
9003385,Buque_003385,Colombia,2025,20216,186,19,6,Naviera_009501
9003386,Buque_003386,Espana,1993,11513,68,45,19,Naviera_004444
9003387,Buque_003387,Reino Unido,2020,7049,125,44,11,Naviera_005377
9003388,Buque_003388,China,1989,15019,160,17,9,Naviera_004562
9003389,Buque_003389,Peru,2000,17401,50,43,11,Naviera_002696
9003390,Buque_003390,Singapur,1997,2805,287,41,9,Naviera_006676
9003391,Buque_003391,Bahamas,1997,17220,118,57,16,Naviera_004701
9003392,Buque_003392,Liberia,1980,18564,220,47,17,Naviera_001792
9003393,Buque_003393,China,2012,3173,204,51,17,Naviera_003201
9003394,Buque_003394,Bahamas,1986,16851,306,15,8,Naviera_000423
9003395,Buque_003395,Noruega,2010,4529,355,23,10,Naviera_006019
9003396,Buque_003396,Reino Unido,1992,3878,155,17,16,Naviera_006845
9003397,Buque_003397,Singapur,2012,8470,379,22,5,Naviera_001865
9003398,Buque_003398,Bahamas,2018,15585,391,38,17,Naviera_009596
9003399,Buque_003399,Singapur,2023,3021,367,31,5,Naviera_007921
9003400,Buque_003400,Ecuador,2024,6592,213,57,10,Naviera_005864
9003401,Buque_003401,Alemania,2004,21314,205,47,18,Naviera_003319
9003402,Buque_003402,Malta,1994,13773,226,47,12,Naviera_000923
9003403,Buque_003403,Malta,2001,8520,347,49,18,Naviera_008714
9003404,Buque_003404,Liberia,1988,23005,247,15,11,Naviera_009413
9003405,Buque_003405,Ecuador,1987,12966,383,10,15,Naviera_007178
9003406,Buque_003406,Liberia,2011,1682,169,25,16,Naviera_008943
9003407,Buque_003407,Espana,2018,23326,360,55,17,Naviera_009821
9003408,Buque_003408,Ecuador,1980,1202,208,51,9,Naviera_007604
9003409,Buque_003409,Japon,1980,14840,141,44,6,Naviera_009035
9003410,Buque_003410,Liberia,1985,4130,329,22,18,Naviera_009026
9003411,Buque_003411,Grecia,2006,15418,238,44,16,Naviera_003099
9003412,Buque_003412,Brasil,2001,13787,206,56,9,Naviera_000339
9003413,Buque_003413,Grecia,1984,22343,156,29,17,Naviera_004138
9003414,Buque_003414,Islas Marshall,2019,22768,261,11,7,Naviera_006731
9003415,Buque_003415,Alemania,1984,21985,218,28,17,Naviera_003184
9003416,Buque_003416,Brasil,2016,13809,54,14,15,Naviera_002485
9003417,Buque_003417,Bahamas,2024,17533,224,11,19,Naviera_003581
9003418,Buque_003418,Estados Unidos,1985,18855,174,53,16,Naviera_004364
9003419,Buque_003419,Grecia,1984,8702,141,12,11,Naviera_002516
9003420,Buque_003420,Ecuador,1990,4398,346,35,14,Naviera_000099
9003421,Buque_003421,Malta,2014,10741,333,15,6,Naviera_007953
9003422,Buque_003422,Colombia,1992,8740,310,11,9,Naviera_006334
9003423,Buque_003423,Grecia,2004,12537,221,31,6,Naviera_005917
9003424,Buque_003424,Liberia,2007,16658,389,30,12,Naviera_004439
9003425,Buque_003425,Bahamas,1998,3556,341,10,12,Naviera_004458
9003426,Buque_003426,Chile,2015,2704,394,23,7,Naviera_005659
9003427,Buque_003427,Espana,1998,10618,241,15,7,Naviera_000352
9003428,Buque_003428,Estados Unidos,2007,6880,82,39,14,Naviera_006482
9003429,Buque_003429,Estados Unidos,2012,20489,212,33,16,Naviera_003443
9003430,Buque_003430,Brasil,2023,4035,258,19,12,Naviera_005929
9003431,Buque_003431,Chile,2013,7169,247,58,16,Naviera_007064
9003432,Buque_003432,Estados Unidos,2025,19527,344,43,7,Naviera_006124
9003433,Buque_003433,Mexico,2001,507,323,53,10,Naviera_004430
9003434,Buque_003434,Peru,1988,14149,217,24,5,Naviera_009584
9003435,Buque_003435,Chile,1984,13303,310,45,15,Naviera_009157
9003436,Buque_003436,Noruega,2019,1474,353,19,6,Naviera_007230
9003437,Buque_003437,Malta,1998,9118,255,58,10,Naviera_004190
9003438,Buque_003438,Espana,1998,16088,358,37,15,Naviera_000524
9003439,Buque_003439,Islas Marshall,1990,13597,155,47,16,Naviera_007000
9003440,Buque_003440,Bahamas,2009,21889,162,18,8,Naviera_001252
9003441,Buque_003441,Grecia,2025,18619,257,57,17,Naviera_002667
9003442,Buque_003442,Singapur,1985,7376,181,54,14,Naviera_003569
9003443,Buque_003443,Chile,1994,2214,225,46,5,Naviera_006656
9003444,Buque_003444,Ecuador,2024,1178,71,23,15,Naviera_002052
9003445,Buque_003445,Islas Marshall,1985,17802,103,39,7,Naviera_006992
9003446,Buque_003446,Japon,1981,15424,218,16,6,Naviera_008123
9003447,Buque_003447,Ecuador,1987,22128,184,56,17,Naviera_002062
9003448,Buque_003448,Espana,1987,17430,280,16,15,Naviera_000134
9003449,Buque_003449,Islas Marshall,2012,20069,385,49,16,Naviera_002453
9003450,Buque_003450,Mexico,1995,8745,195,11,16,Naviera_008340
9003451,Buque_003451,Japon,1986,14545,308,57,7,Naviera_005225
9003452,Buque_003452,Hong Kong,1981,15234,118,40,5,Naviera_008084
9003453,Buque_003453,Dinamarca,2002,15637,255,28,19,Naviera_009773
9003454,Buque_003454,Malta,1992,8126,252,29,19,Naviera_006228
9003455,Buque_003455,China,1990,23005,372,41,7,Naviera_002414
9003456,Buque_003456,Colombia,1998,16845,366,48,16,Naviera_005781
9003457,Buque_003457,Hong Kong,2020,12597,391,17,9,Naviera_005642
9003458,Buque_003458,Dinamarca,1983,14646,211,48,17,Naviera_005888
9003459,Buque_003459,Chile,2011,1691,202,41,5,Naviera_005371
9003460,Buque_003460,Peru,1998,19307,59,43,18,Naviera_008399
9003461,Buque_003461,Noruega,2008,21607,189,15,9,Naviera_007916
9003462,Buque_003462,Panama,1989,20039,345,15,8,Naviera_009202
9003463,Buque_003463,Alemania,1995,21801,237,38,11,Naviera_002610
9003464,Buque_003464,Brasil,1981,13832,252,35,15,Naviera_003135
9003465,Buque_003465,Estados Unidos,2012,4906,245,13,12,Naviera_004318
9003466,Buque_003466,China,2014,12038,213,48,17,Naviera_002668
9003467,Buque_003467,Colombia,1999,5591,167,15,8,Naviera_004713
9003468,Buque_003468,Malta,2006,7268,86,19,19,Naviera_006142
9003469,Buque_003469,Noruega,2009,17542,155,18,7,Naviera_006454
9003470,Buque_003470,Singapur,2019,3626,369,58,18,Naviera_002757
9003471,Buque_003471,Panama,1986,9480,279,33,17,Naviera_009862
9003472,Buque_003472,Hong Kong,1986,21645,346,28,14,Naviera_004388
9003473,Buque_003473,Liberia,1996,21072,55,54,15,Naviera_002646
9003474,Buque_003474,Alemania,2017,2439,249,54,13,Naviera_009064
9003475,Buque_003475,Espana,2017,4799,269,15,11,Naviera_008282
9003476,Buque_003476,Liberia,2007,6101,172,27,12,Naviera_005146
9003477,Buque_003477,Chile,2006,6224,86,20,12,Naviera_000065
9003478,Buque_003478,Brasil,2005,20682,109,59,12,Naviera_003606
9003479,Buque_003479,Chile,1998,23908,77,46,8,Naviera_006518
9003480,Buque_003480,Malta,2022,7871,235,10,13,Naviera_003257
9003481,Buque_003481,Estados Unidos,2019,20980,367,30,8,Naviera_002822
9003482,Buque_003482,Liberia,2010,18200,234,43,5,Naviera_006227
9003483,Buque_003483,Grecia,1997,4079,161,47,5,Naviera_004591
9003484,Buque_003484,Peru,1995,17103,211,29,16,Naviera_003148
9003485,Buque_003485,Bahamas,2005,15632,148,29,19,Naviera_001253
9003486,Buque_003486,Espana,1999,6979,296,38,7,Naviera_007807
9003487,Buque_003487,Liberia,2021,18895,349,57,9,Naviera_004189
9003488,Buque_003488,Estados Unidos,1995,4036,327,43,11,Naviera_001484
9003489,Buque_003489,Grecia,1987,14531,209,17,8,Naviera_003141
9003490,Buque_003490,Alemania,1996,9302,98,31,19,Naviera_009023
9003491,Buque_003491,Islas Marshall,2017,20129,156,30,7,Naviera_008768
9003492,Buque_003492,Panama,2012,20960,266,24,17,Naviera_006911
9003493,Buque_003493,Malta,2022,1807,366,40,10,Naviera_001854
9003494,Buque_003494,Colombia,1996,23723,106,34,14,Naviera_006234
9003495,Buque_003495,Bahamas,2003,16794,76,23,13,Naviera_005761
9003496,Buque_003496,Brasil,2014,21235,255,57,17,Naviera_009794
9003497,Buque_003497,Grecia,2021,4696,258,26,12,Naviera_006667
9003498,Buque_003498,Colombia,1982,14608,286,36,13,Naviera_008256
9003499,Buque_003499,Peru,1992,3130,351,52,17,Naviera_006362
9003500,Buque_003500,Islas Marshall,2003,5482,169,37,12,Naviera_008703
9003501,Buque_003501,Estados Unidos,2015,5689,322,47,5,Naviera_006213
9003502,Buque_003502,Noruega,2009,7145,363,51,7,Naviera_002162
9003503,Buque_003503,Malta,2017,5488,372,12,10,Naviera_005031
9003504,Buque_003504,Mexico,2003,16546,229,32,13,Naviera_006523
9003505,Buque_003505,Alemania,2000,3602,63,16,17,Naviera_005686
9003506,Buque_003506,Colombia,1995,19400,303,44,19,Naviera_000544
9003507,Buque_003507,Espana,2005,8208,123,42,17,Naviera_004747
9003508,Buque_003508,Brasil,2014,20108,309,38,12,Naviera_003475
9003509,Buque_003509,Islas Marshall,2016,22235,300,42,8,Naviera_001875
9003510,Buque_003510,Peru,1987,19620,175,46,5,Naviera_006707
9003511,Buque_003511,Malta,2019,14246,285,42,9,Naviera_008001
9003512,Buque_003512,Estados Unidos,2006,18320,101,10,12,Naviera_009023
9003513,Buque_003513,Hong Kong,2012,933,313,45,10,Naviera_007258
9003514,Buque_003514,Noruega,2017,12526,295,29,11,Naviera_004728
9003515,Buque_003515,Panama,1999,17601,251,17,18,Naviera_001518
9003516,Buque_003516,Dinamarca,1987,11440,240,31,14,Naviera_003476
9003517,Buque_003517,Mexico,2015,12991,274,16,18,Naviera_007682
9003518,Buque_003518,Islas Marshall,2013,15015,267,23,18,Naviera_000767
9003519,Buque_003519,China,1997,6750,239,32,16,Naviera_009814
9003520,Buque_003520,Liberia,1994,15838,147,33,16,Naviera_000177
9003521,Buque_003521,Noruega,1993,15885,365,30,12,Naviera_006149
9003522,Buque_003522,Bahamas,1986,14714,379,18,12,Naviera_001223
9003523,Buque_003523,Estados Unidos,2014,3239,381,37,12,Naviera_006226
9003524,Buque_003524,Japon,2024,14442,205,33,5,Naviera_001773
9003525,Buque_003525,Islas Marshall,2023,19566,335,17,5,Naviera_002216
9003526,Buque_003526,Mexico,2009,2656,279,51,13,Naviera_007905
9003527,Buque_003527,Chile,1992,12014,375,34,5,Naviera_003345
9003528,Buque_003528,Mexico,2007,13243,323,38,6,Naviera_005175
9003529,Buque_003529,Espana,2020,5939,329,20,12,Naviera_004612
9003530,Buque_003530,Islas Marshall,1982,15994,63,54,19,Naviera_002966
9003531,Buque_003531,Noruega,2020,21739,198,31,14,Naviera_001800
9003532,Buque_003532,Grecia,2009,15055,198,13,6,Naviera_007233
9003533,Buque_003533,Estados Unidos,1996,19242,175,27,18,Naviera_000012
9003534,Buque_003534,Islas Marshall,2009,15188,240,35,6,Naviera_000050
9003535,Buque_003535,Ecuador,1987,23270,285,59,16,Naviera_008649
9003536,Buque_003536,Grecia,1997,9465,146,35,11,Naviera_005735
9003537,Buque_003537,Espana,2005,634,244,49,10,Naviera_009762
9003538,Buque_003538,Brasil,2002,5977,206,56,13,Naviera_004359
9003539,Buque_003539,Reino Unido,1991,961,388,57,7,Naviera_000638
9003540,Buque_003540,Peru,1986,6998,246,59,9,Naviera_006180
9003541,Buque_003541,Islas Marshall,2007,18922,65,53,17,Naviera_001919
9003542,Buque_003542,Colombia,1990,8872,97,24,18,Naviera_005288
9003543,Buque_003543,Malta,1997,11393,275,48,11,Naviera_007632
9003544,Buque_003544,Liberia,2017,23065,287,55,15,Naviera_003341
9003545,Buque_003545,Peru,2014,20755,123,28,14,Naviera_001533
9003546,Buque_003546,Colombia,2010,10633,362,45,12,Naviera_000132
9003547,Buque_003547,Liberia,1986,22278,387,25,5,Naviera_004790
9003548,Buque_003548,Colombia,2014,4167,390,28,11,Naviera_000897
9003549,Buque_003549,Noruega,1980,19170,225,50,17,Naviera_008434
9003550,Buque_003550,Chile,1983,4114,211,45,5,Naviera_001441
9003551,Buque_003551,Liberia,1995,16358,256,46,5,Naviera_008764
9003552,Buque_003552,Grecia,2019,899,174,24,11,Naviera_002744
9003553,Buque_003553,Chile,1980,7243,346,42,18,Naviera_005777
9003554,Buque_003554,Hong Kong,2001,20570,298,35,19,Naviera_005984
9003555,Buque_003555,Brasil,2017,11408,316,31,12,Naviera_002504
9003556,Buque_003556,Islas Marshall,2014,4444,399,10,8,Naviera_006375
9003557,Buque_003557,Malta,2022,17065,326,40,19,Naviera_009584
9003558,Buque_003558,Liberia,1989,1163,198,27,14,Naviera_009400
9003559,Buque_003559,Hong Kong,2007,5283,339,11,13,Naviera_006723
9003560,Buque_003560,Colombia,1980,21250,167,50,7,Naviera_007076
9003561,Buque_003561,Noruega,2022,23285,350,12,19,Naviera_007982
9003562,Buque_003562,Hong Kong,1998,3078,303,57,19,Naviera_008511
9003563,Buque_003563,Reino Unido,1990,10860,185,46,16,Naviera_002509
9003564,Buque_003564,Malta,1982,13418,382,40,12,Naviera_002865
9003565,Buque_003565,Peru,2007,20177,51,11,11,Naviera_008350
9003566,Buque_003566,Peru,2024,1458,112,28,13,Naviera_000373
9003567,Buque_003567,China,2004,14740,275,44,13,Naviera_007339
9003568,Buque_003568,Hong Kong,1982,11483,352,23,5,Naviera_002334
9003569,Buque_003569,Grecia,2008,7749,321,32,5,Naviera_000662
9003570,Buque_003570,Espana,2001,23786,54,26,7,Naviera_007545
9003571,Buque_003571,Liberia,1981,14229,269,36,6,Naviera_001731
9003572,Buque_003572,Malta,2021,8637,79,18,10,Naviera_006487
9003573,Buque_003573,Mexico,2003,16436,87,50,6,Naviera_005212
9003574,Buque_003574,Grecia,1997,14020,324,42,9,Naviera_009189
9003575,Buque_003575,Espana,1981,15891,273,31,10,Naviera_008850
9003576,Buque_003576,China,1984,1766,65,55,7,Naviera_007061
9003577,Buque_003577,Hong Kong,1993,7344,75,43,16,Naviera_007747
9003578,Buque_003578,Japon,1992,19480,68,14,11,Naviera_001257
9003579,Buque_003579,Dinamarca,2009,9589,212,16,19,Naviera_001670
9003580,Buque_003580,Peru,2013,17142,398,49,8,Naviera_001500
9003581,Buque_003581,Bahamas,1987,16805,263,50,6,Naviera_005888
9003582,Buque_003582,Alemania,2011,2217,56,37,5,Naviera_002617
9003583,Buque_003583,Alemania,1984,18728,287,40,19,Naviera_003267
9003584,Buque_003584,Mexico,1986,1813,122,27,10,Naviera_000377
9003585,Buque_003585,Hong Kong,1999,23172,200,31,17,Naviera_009167
9003586,Buque_003586,Bahamas,1991,3152,224,13,11,Naviera_003660
9003587,Buque_003587,Japon,2018,19335,304,15,12,Naviera_008066
9003588,Buque_003588,Dinamarca,2001,23336,187,12,8,Naviera_004672
9003589,Buque_003589,Singapur,2022,989,263,32,12,Naviera_007513
9003590,Buque_003590,Mexico,2010,6175,53,10,18,Naviera_003196
9003591,Buque_003591,Mexico,1983,7218,131,20,17,Naviera_008009
9003592,Buque_003592,Mexico,2013,16987,149,47,15,Naviera_006583
9003593,Buque_003593,Liberia,2011,3164,108,43,14,Naviera_008036
9003594,Buque_003594,Malta,1988,19914,387,25,16,Naviera_001726
9003595,Buque_003595,Grecia,1983,4271,102,20,6,Naviera_009527
9003596,Buque_003596,Bahamas,1980,11322,81,32,13,Naviera_008475
9003597,Buque_003597,Estados Unidos,2004,3951,362,36,10,Naviera_007500
9003598,Buque_003598,Peru,2000,10053,238,52,10,Naviera_006445
9003599,Buque_003599,Ecuador,2022,9174,167,55,7,Naviera_001275
9003600,Buque_003600,Brasil,2011,10043,103,17,16,Naviera_004409
9003601,Buque_003601,Grecia,1986,6761,239,14,13,Naviera_009867
9003602,Buque_003602,Peru,2010,2560,354,39,18,Naviera_006702
9003603,Buque_003603,Grecia,2007,13658,360,26,12,Naviera_001613
9003604,Buque_003604,Japon,1986,7419,256,29,18,Naviera_005730
9003605,Buque_003605,Estados Unidos,2011,7333,116,30,16,Naviera_002562
9003606,Buque_003606,Estados Unidos,2017,4420,140,50,5,Naviera_003200
9003607,Buque_003607,Panama,1998,9129,345,37,14,Naviera_003986
9003608,Buque_003608,Dinamarca,2010,3554,349,27,7,Naviera_006450
9003609,Buque_003609,Dinamarca,2007,20976,172,45,5,Naviera_009265
9003610,Buque_003610,Panama,1998,21214,218,39,7,Naviera_004962
9003611,Buque_003611,Liberia,2002,3469,373,10,5,Naviera_007481
9003612,Buque_003612,Reino Unido,2013,18171,200,29,17,Naviera_001216
9003613,Buque_003613,Espana,1991,13102,394,10,11,Naviera_007060
9003614,Buque_003614,Liberia,1993,6465,63,22,19,Naviera_009647
9003615,Buque_003615,Espana,1981,21707,218,51,11,Naviera_000925
9003616,Buque_003616,Dinamarca,1995,23260,155,36,5,Naviera_002918
9003617,Buque_003617,Malta,1999,23025,161,44,13,Naviera_005396
9003618,Buque_003618,Estados Unidos,2006,11813,302,48,19,Naviera_009948
9003619,Buque_003619,Reino Unido,2010,19811,61,13,12,Naviera_007367
9003620,Buque_003620,Colombia,1994,9239,87,23,13,Naviera_006834
9003621,Buque_003621,China,1986,3591,273,57,15,Naviera_002711
9003622,Buque_003622,Chile,1998,18739,127,52,13,Naviera_005756
9003623,Buque_003623,Hong Kong,2000,22471,182,30,18,Naviera_000716
9003624,Buque_003624,Reino Unido,1996,9313,203,16,14,Naviera_003702
9003625,Buque_003625,Hong Kong,2008,6709,129,52,7,Naviera_005035
9003626,Buque_003626,Reino Unido,1980,8924,94,44,15,Naviera_004867
9003627,Buque_003627,Japon,1988,20184,222,13,10,Naviera_004291
9003628,Buque_003628,Japon,1988,17065,74,38,12,Naviera_007144
9003629,Buque_003629,Singapur,2016,2854,233,11,16,Naviera_002576
9003630,Buque_003630,Japon,2000,4652,256,42,6,Naviera_006940
9003631,Buque_003631,Espana,1993,14394,354,59,6,Naviera_005194
9003632,Buque_003632,Chile,2017,4915,192,46,7,Naviera_006102
9003633,Buque_003633,Estados Unidos,1998,9596,215,28,18,Naviera_007168
9003634,Buque_003634,Islas Marshall,2001,2032,220,59,15,Naviera_006661
9003635,Buque_003635,Peru,2013,23172,397,37,16,Naviera_006967
9003636,Buque_003636,Islas Marshall,2023,17832,276,19,10,Naviera_006780
9003637,Buque_003637,Liberia,1997,19285,53,19,11,Naviera_002539
9003638,Buque_003638,Dinamarca,1985,12558,105,34,14,Naviera_006120
9003639,Buque_003639,Mexico,2019,7531,138,39,10,Naviera_002117
9003640,Buque_003640,Alemania,1989,18361,134,41,10,Naviera_008480
9003641,Buque_003641,Malta,1984,11262,231,41,9,Naviera_006784
9003642,Buque_003642,Hong Kong,1985,10266,116,20,14,Naviera_006684
9003643,Buque_003643,Panama,1985,3391,222,46,18,Naviera_001408
9003644,Buque_003644,Reino Unido,2012,18867,141,14,17,Naviera_004162
9003645,Buque_003645,Liberia,2011,14648,61,18,13,Naviera_000398
9003646,Buque_003646,Malta,2023,19826,298,28,14,Naviera_001084
9003647,Buque_003647,Japon,1984,6364,378,42,11,Naviera_005743
9003648,Buque_003648,China,2004,7946,133,58,10,Naviera_001053
9003649,Buque_003649,Colombia,1985,7691,151,43,11,Naviera_003424
9003650,Buque_003650,Ecuador,1990,13651,143,49,16,Naviera_003936
9003651,Buque_003651,Liberia,2004,18061,125,50,6,Naviera_007013
9003652,Buque_003652,Chile,1995,19619,385,52,19,Naviera_003849
9003653,Buque_003653,Colombia,2010,7202,203,41,8,Naviera_004364
9003654,Buque_003654,Colombia,1983,2929,181,10,18,Naviera_002996
9003655,Buque_003655,Hong Kong,2023,3916,309,22,17,Naviera_008192
9003656,Buque_003656,Reino Unido,2024,18229,328,42,11,Naviera_006994
9003657,Buque_003657,Espana,1980,5123,245,21,10,Naviera_005389
9003658,Buque_003658,Grecia,1991,16559,247,20,16,Naviera_005453
9003659,Buque_003659,Chile,2016,18136,101,34,14,Naviera_003425
9003660,Buque_003660,Noruega,2024,19023,333,10,15,Naviera_005714
9003661,Buque_003661,Mexico,2014,23907,248,30,8,Naviera_002964
9003662,Buque_003662,Japon,2008,23940,74,52,13,Naviera_006564
9003663,Buque_003663,Dinamarca,1984,6541,135,25,14,Naviera_009182
9003664,Buque_003664,Peru,1994,1633,357,16,14,Naviera_007026
9003665,Buque_003665,Peru,2006,6878,364,50,15,Naviera_001133
9003666,Buque_003666,Liberia,1986,6818,311,56,5,Naviera_007427
9003667,Buque_003667,Malta,1981,5078,232,44,8,Naviera_002515
9003668,Buque_003668,Mexico,2019,18963,235,46,19,Naviera_005285
9003669,Buque_003669,Singapur,2001,21539,279,54,13,Naviera_000984
9003670,Buque_003670,Peru,2010,1192,347,37,19,Naviera_005339
9003671,Buque_003671,Hong Kong,1999,7830,175,25,14,Naviera_000696
9003672,Buque_003672,Panama,1987,2469,178,31,7,Naviera_000028
9003673,Buque_003673,Hong Kong,2005,6046,140,45,9,Naviera_008100
9003674,Buque_003674,Panama,1995,8202,103,39,19,Naviera_003520
9003675,Buque_003675,Japon,2017,8656,288,22,9,Naviera_002717
9003676,Buque_003676,Chile,1982,8927,68,46,15,Naviera_005509
9003677,Buque_003677,Bahamas,2016,16895,82,18,10,Naviera_005569
9003678,Buque_003678,Peru,2024,7421,162,33,12,Naviera_002831
9003679,Buque_003679,Brasil,1993,22833,349,14,12,Naviera_006413
9003680,Buque_003680,Brasil,1992,17466,244,42,18,Naviera_008779
9003681,Buque_003681,Alemania,2024,16884,183,31,5,Naviera_009177
9003682,Buque_003682,Reino Unido,2003,3868,196,16,14,Naviera_000933
9003683,Buque_003683,Dinamarca,1980,12251,300,50,8,Naviera_003390
9003684,Buque_003684,Bahamas,2025,4166,66,23,17,Naviera_008539
9003685,Buque_003685,Dinamarca,2018,11674,313,54,9,Naviera_009730
9003686,Buque_003686,Ecuador,2001,13814,239,46,12,Naviera_004112
9003687,Buque_003687,Reino Unido,1985,11765,257,17,17,Naviera_004300
9003688,Buque_003688,Malta,2015,11865,394,42,6,Naviera_006663
9003689,Buque_003689,Japon,1984,2623,190,49,18,Naviera_001728
9003690,Buque_003690,Espana,2016,2128,299,44,8,Naviera_008806
9003691,Buque_003691,Singapur,1986,17351,326,22,5,Naviera_002746
9003692,Buque_003692,Japon,2009,5590,205,29,19,Naviera_007957
9003693,Buque_003693,Alemania,2015,11636,197,22,7,Naviera_005213
9003694,Buque_003694,Brasil,2002,5168,153,10,6,Naviera_001761
9003695,Buque_003695,Panama,1993,4556,204,21,6,Naviera_004830
9003696,Buque_003696,Grecia,2003,6492,299,36,14,Naviera_001897
9003697,Buque_003697,Bahamas,1982,21810,54,46,8,Naviera_006755
9003698,Buque_003698,Estados Unidos,2013,21890,332,50,7,Naviera_001301
9003699,Buque_003699,Reino Unido,2001,16760,255,51,15,Naviera_007728
9003700,Buque_003700,Alemania,1990,3494,117,49,14,Naviera_007076
9003701,Buque_003701,Estados Unidos,1989,21187,202,20,19,Naviera_007443
9003702,Buque_003702,Colombia,1985,22939,129,38,19,Naviera_005417
9003703,Buque_003703,Brasil,1986,23257,297,11,9,Naviera_001300
9003704,Buque_003704,Liberia,2013,23874,299,46,6,Naviera_005133
9003705,Buque_003705,Estados Unidos,2011,6245,293,10,11,Naviera_000322
9003706,Buque_003706,Mexico,2010,14977,192,17,14,Naviera_006311
9003707,Buque_003707,Mexico,1998,23837,278,14,14,Naviera_001407
9003708,Buque_003708,Alemania,2015,18617,159,56,13,Naviera_000022
9003709,Buque_003709,Panama,1986,3389,313,45,7,Naviera_003544
9003710,Buque_003710,China,2004,15085,79,30,11,Naviera_003928
9003711,Buque_003711,Hong Kong,2002,14000,240,44,12,Naviera_000119
9003712,Buque_003712,Chile,1996,5391,118,24,16,Naviera_002064
9003713,Buque_003713,Liberia,1983,19340,51,34,7,Naviera_006335
9003714,Buque_003714,Malta,1990,21091,324,36,8,Naviera_000139
9003715,Buque_003715,Chile,1994,21006,297,29,16,Naviera_008387
9003716,Buque_003716,Noruega,1987,14995,172,18,6,Naviera_008892
9003717,Buque_003717,Panama,1997,3564,53,19,7,Naviera_009707
9003718,Buque_003718,Ecuador,2008,13452,296,15,8,Naviera_001198
9003719,Buque_003719,Mexico,2006,569,208,44,15,Naviera_000908
9003720,Buque_003720,Bahamas,2010,21656,340,49,18,Naviera_002543
9003721,Buque_003721,Malta,1992,5195,101,18,17,Naviera_008814
9003722,Buque_003722,Hong Kong,1981,17493,152,15,12,Naviera_006259
9003723,Buque_003723,Chile,2019,2226,58,49,6,Naviera_008464
9003724,Buque_003724,Bahamas,1980,7292,306,27,19,Naviera_004552
9003725,Buque_003725,Singapur,2006,14279,112,15,12,Naviera_000982
9003726,Buque_003726,Panama,2025,3659,188,59,10,Naviera_009865
9003727,Buque_003727,Espana,1987,18980,146,57,13,Naviera_004331
9003728,Buque_003728,Colombia,1997,14166,89,44,14,Naviera_004527
9003729,Buque_003729,Liberia,1997,16075,343,53,8,Naviera_007454
9003730,Buque_003730,Ecuador,2017,7222,166,10,12,Naviera_004617
9003731,Buque_003731,Grecia,2015,3693,121,34,5,Naviera_000336
9003732,Buque_003732,Panama,2022,2022,50,38,11,Naviera_000012
9003733,Buque_003733,Peru,1997,4041,284,50,9,Naviera_009484
9003734,Buque_003734,China,1997,3754,171,49,12,Naviera_000402
9003735,Buque_003735,Dinamarca,1996,10210,177,53,11,Naviera_008832
9003736,Buque_003736,Colombia,2012,3680,167,55,17,Naviera_004898
9003737,Buque_003737,Brasil,2023,4218,256,39,5,Naviera_004447
9003738,Buque_003738,Ecuador,1985,2154,269,18,11,Naviera_008327
9003739,Buque_003739,Estados Unidos,2011,1032,72,25,7,Naviera_002485
9003740,Buque_003740,Alemania,2000,7961,114,15,9,Naviera_007842
9003741,Buque_003741,China,2025,8003,186,28,15,Naviera_008965
9003742,Buque_003742,Singapur,2001,15912,251,22,6,Naviera_004984
9003743,Buque_003743,Singapur,1985,3112,203,34,12,Naviera_007754
9003744,Buque_003744,Dinamarca,2025,15771,191,35,8,Naviera_004795
9003745,Buque_003745,Grecia,2016,11437,212,59,6,Naviera_002212
9003746,Buque_003746,Estados Unidos,2010,16156,178,33,10,Naviera_006950
9003747,Buque_003747,Hong Kong,1990,23107,81,28,7,Naviera_004399
9003748,Buque_003748,Estados Unidos,1999,5755,274,37,9,Naviera_003608
9003749,Buque_003749,Brasil,2004,10114,130,12,12,Naviera_004877
9003750,Buque_003750,Colombia,1996,6842,115,52,7,Naviera_007627
9003751,Buque_003751,Brasil,1985,7783,211,44,8,Naviera_002426
9003752,Buque_003752,Panama,2001,22066,136,41,13,Naviera_007810
9003753,Buque_003753,Panama,2008,3606,245,14,15,Naviera_004713
9003754,Buque_003754,Panama,1984,20176,205,26,18,Naviera_002649
9003755,Buque_003755,Hong Kong,2000,13239,167,35,9,Naviera_004076
9003756,Buque_003756,Singapur,1994,15407,198,56,12,Naviera_000421
9003757,Buque_003757,Estados Unidos,1993,2238,180,16,11,Naviera_000386
9003758,Buque_003758,Panama,2015,13648,313,48,9,Naviera_000163
9003759,Buque_003759,Dinamarca,1988,7735,295,11,8,Naviera_009323
9003760,Buque_003760,Noruega,1998,21965,251,38,18,Naviera_009430
9003761,Buque_003761,Ecuador,2021,2288,242,27,11,Naviera_003573
9003762,Buque_003762,Ecuador,2018,10989,384,14,17,Naviera_007129
9003763,Buque_003763,Chile,1987,9272,322,24,19,Naviera_001043
9003764,Buque_003764,Liberia,2012,8030,336,24,19,Naviera_009935
9003765,Buque_003765,Reino Unido,2006,13315,395,12,11,Naviera_004588
9003766,Buque_003766,Malta,1995,15807,177,37,10,Naviera_006484
9003767,Buque_003767,Mexico,1989,15275,263,14,7,Naviera_002897
9003768,Buque_003768,Panama,2002,10200,175,30,17,Naviera_009864
9003769,Buque_003769,Brasil,2002,23246,342,18,8,Naviera_001216
9003770,Buque_003770,Estados Unidos,1981,2044,265,54,17,Naviera_004438
9003771,Buque_003771,Noruega,1987,10384,221,17,5,Naviera_002685
9003772,Buque_003772,Mexico,2024,3026,70,43,6,Naviera_005063
9003773,Buque_003773,Alemania,2008,15456,368,50,5,Naviera_009492
9003774,Buque_003774,China,2004,14295,266,13,6,Naviera_005596
9003775,Buque_003775,Noruega,2009,10835,181,25,19,Naviera_009852
9003776,Buque_003776,Peru,1986,15757,81,33,12,Naviera_006767
9003777,Buque_003777,Alemania,2014,1359,382,42,16,Naviera_003471
9003778,Buque_003778,Reino Unido,1983,6049,256,42,8,Naviera_008532
9003779,Buque_003779,Colombia,1997,15507,252,43,17,Naviera_005539
9003780,Buque_003780,Chile,2004,21973,95,12,19,Naviera_003170
9003781,Buque_003781,Japon,1990,19715,117,40,6,Naviera_004830
9003782,Buque_003782,Mexico,1982,7755,176,24,7,Naviera_007167
9003783,Buque_003783,Colombia,1984,18613,258,58,6,Naviera_005833
9003784,Buque_003784,Ecuador,2020,22663,316,12,12,Naviera_002013
9003785,Buque_003785,Chile,2023,22847,260,29,16,Naviera_008883
9003786,Buque_003786,Brasil,2012,12018,252,12,17,Naviera_003676
9003787,Buque_003787,Ecuador,1983,1812,85,58,18,Naviera_009710
9003788,Buque_003788,Estados Unidos,1992,4608,222,14,12,Naviera_006293
9003789,Buque_003789,Liberia,2018,786,124,38,11,Naviera_000311
9003790,Buque_003790,Singapur,2024,13316,238,22,15,Naviera_003949
9003791,Buque_003791,China,2005,7159,104,30,14,Naviera_005175
9003792,Buque_003792,Ecuador,1997,2170,134,48,16,Naviera_008796
9003793,Buque_003793,Espana,1986,8272,259,49,16,Naviera_004361
9003794,Buque_003794,Liberia,1991,2076,322,37,18,Naviera_001922
9003795,Buque_003795,Reino Unido,2009,18956,330,54,8,Naviera_009514
9003796,Buque_003796,Liberia,2025,2653,197,42,16,Naviera_007730
9003797,Buque_003797,Grecia,2018,6302,256,22,8,Naviera_005883
9003798,Buque_003798,Ecuador,2021,17576,212,31,7,Naviera_006063
9003799,Buque_003799,Noruega,2013,9321,257,41,15,Naviera_000905
9003800,Buque_003800,China,2013,524,96,18,17,Naviera_008267
9003801,Buque_003801,Chile,2009,5821,181,37,10,Naviera_001291
9003802,Buque_003802,Colombia,1998,6800,355,36,17,Naviera_008466
9003803,Buque_003803,Espana,1987,4636,84,24,9,Naviera_009834
9003804,Buque_003804,Colombia,1986,11884,363,26,17,Naviera_004683
9003805,Buque_003805,Hong Kong,2025,951,62,20,11,Naviera_000806
9003806,Buque_003806,Peru,2011,16680,194,31,12,Naviera_009203
9003807,Buque_003807,Japon,1989,9352,157,21,19,Naviera_009428
9003808,Buque_003808,Dinamarca,2022,22514,66,21,11,Naviera_003939
9003809,Buque_003809,Grecia,1992,22723,392,26,5,Naviera_007609
9003810,Buque_003810,Espana,1982,14504,299,25,12,Naviera_008983
9003811,Buque_003811,China,2009,7547,334,57,16,Naviera_007827
9003812,Buque_003812,Espana,1987,6059,378,12,9,Naviera_003145
9003813,Buque_003813,Panama,1999,12083,116,58,9,Naviera_006904
9003814,Buque_003814,Bahamas,2020,13584,168,37,11,Naviera_006413
9003815,Buque_003815,Reino Unido,1987,8635,214,38,18,Naviera_009868
9003816,Buque_003816,China,2002,11902,380,52,16,Naviera_006554
9003817,Buque_003817,Chile,1997,21624,262,30,12,Naviera_007480
9003818,Buque_003818,Chile,2018,20606,237,31,11,Naviera_008050
9003819,Buque_003819,Dinamarca,1990,3592,212,50,16,Naviera_001748
9003820,Buque_003820,Estados Unidos,2010,20075,145,29,19,Naviera_000664
9003821,Buque_003821,Dinamarca,1992,4472,148,16,11,Naviera_001212
9003822,Buque_003822,Dinamarca,2022,15675,203,45,18,Naviera_001979
9003823,Buque_003823,Malta,1991,4269,188,13,6,Naviera_000366
9003824,Buque_003824,Colombia,2012,15236,151,57,6,Naviera_002859
9003825,Buque_003825,Brasil,1993,4276,342,58,9,Naviera_006635
9003826,Buque_003826,Islas Marshall,2018,12351,55,47,17,Naviera_003785
9003827,Buque_003827,Hong Kong,2021,14448,369,47,11,Naviera_008538
9003828,Buque_003828,Liberia,2018,9642,183,55,14,Naviera_001579
9003829,Buque_003829,Liberia,2014,4428,362,38,5,Naviera_002001
9003830,Buque_003830,Singapur,2003,13652,148,57,10,Naviera_000981
9003831,Buque_003831,Dinamarca,1980,17377,230,13,18,Naviera_008361
9003832,Buque_003832,Dinamarca,1996,19608,191,26,14,Naviera_009941
9003833,Buque_003833,Bahamas,1998,14918,56,41,15,Naviera_002265
9003834,Buque_003834,Colombia,1984,22511,311,12,19,Naviera_007913
9003835,Buque_003835,Chile,2020,15441,307,14,18,Naviera_005407
9003836,Buque_003836,Singapur,1984,19632,355,13,16,Naviera_001382
9003837,Buque_003837,Panama,2009,13863,233,36,9,Naviera_000274
9003838,Buque_003838,Mexico,2002,22998,64,33,11,Naviera_007663
9003839,Buque_003839,Chile,2019,6114,356,41,16,Naviera_007810
9003840,Buque_003840,Noruega,1982,16932,282,52,11,Naviera_005511
9003841,Buque_003841,Espana,2009,20926,360,45,12,Naviera_007981
9003842,Buque_003842,Singapur,1988,10806,201,48,17,Naviera_002770
9003843,Buque_003843,Noruega,1991,21556,301,36,9,Naviera_005566
9003844,Buque_003844,Espana,1991,2568,354,10,14,Naviera_004783
9003845,Buque_003845,Panama,1981,6616,265,44,14,Naviera_001245
9003846,Buque_003846,Noruega,1989,19559,358,36,6,Naviera_004946
9003847,Buque_003847,Chile,2002,3247,224,46,7,Naviera_006415
9003848,Buque_003848,Singapur,1992,7342,326,43,15,Naviera_003461
9003849,Buque_003849,Liberia,2022,21180,289,39,17,Naviera_005568
9003850,Buque_003850,Grecia,1990,4379,82,31,5,Naviera_006754
9003851,Buque_003851,Bahamas,2008,20166,117,58,9,Naviera_005593
9003852,Buque_003852,Liberia,2018,18510,195,43,15,Naviera_009565
9003853,Buque_003853,Chile,1985,20898,286,51,13,Naviera_001952
9003854,Buque_003854,Chile,2021,4657,244,33,18,Naviera_004031
9003855,Buque_003855,Panama,2019,3277,240,13,17,Naviera_007972
9003856,Buque_003856,Ecuador,2008,19858,399,44,9,Naviera_004500
9003857,Buque_003857,Espana,1996,12258,192,28,14,Naviera_006463
9003858,Buque_003858,Chile,2002,20802,307,27,6,Naviera_004437
9003859,Buque_003859,Brasil,2005,22087,283,21,5,Naviera_005512
9003860,Buque_003860,China,2014,22573,119,29,17,Naviera_001393
9003861,Buque_003861,Hong Kong,2011,9301,273,17,9,Naviera_002547
9003862,Buque_003862,Singapur,2003,20352,150,39,16,Naviera_002642
9003863,Buque_003863,Japon,2018,7169,177,28,7,Naviera_004638
9003864,Buque_003864,Japon,1991,17511,367,50,9,Naviera_006453
9003865,Buque_003865,Dinamarca,2018,8870,179,27,10,Naviera_008369
9003866,Buque_003866,Brasil,2002,21526,174,13,12,Naviera_000921
9003867,Buque_003867,Malta,2001,17974,292,16,19,Naviera_002216
9003868,Buque_003868,Chile,2020,12173,376,39,5,Naviera_007854
9003869,Buque_003869,Panama,2022,8359,188,51,10,Naviera_002380
9003870,Buque_003870,Bahamas,2001,15879,71,48,18,Naviera_001530
9003871,Buque_003871,Chile,2015,3731,239,25,5,Naviera_004407
9003872,Buque_003872,Malta,2009,4893,203,38,13,Naviera_008923
9003873,Buque_003873,Peru,1985,21399,396,34,18,Naviera_005428
9003874,Buque_003874,Bahamas,2011,13684,259,52,5,Naviera_001463
9003875,Buque_003875,Islas Marshall,2008,898,220,38,19,Naviera_008468
9003876,Buque_003876,Dinamarca,2005,20855,82,13,19,Naviera_002076
9003877,Buque_003877,Japon,2006,16522,283,28,8,Naviera_002960
9003878,Buque_003878,Liberia,1993,19104,170,29,12,Naviera_001166
9003879,Buque_003879,Peru,2006,4691,383,12,12,Naviera_001625
9003880,Buque_003880,Panama,2016,23946,89,54,17,Naviera_000385
9003881,Buque_003881,Malta,1995,1147,153,27,10,Naviera_005406
9003882,Buque_003882,Singapur,1989,17287,164,58,12,Naviera_003187
9003883,Buque_003883,Chile,2021,14250,228,41,6,Naviera_008373
9003884,Buque_003884,Panama,2015,3397,207,47,8,Naviera_006750
9003885,Buque_003885,Hong Kong,1994,10326,225,33,6,Naviera_006109
9003886,Buque_003886,Espana,1986,22591,101,36,9,Naviera_009854
9003887,Buque_003887,Colombia,1991,3861,208,34,6,Naviera_000131
9003888,Buque_003888,Islas Marshall,1994,11806,233,20,12,Naviera_008178
9003889,Buque_003889,Ecuador,2010,1659,81,37,13,Naviera_005300
9003890,Buque_003890,Liberia,2019,23088,85,15,13,Naviera_001903
9003891,Buque_003891,Hong Kong,2009,736,322,36,15,Naviera_009059
9003892,Buque_003892,Ecuador,2000,12679,281,48,16,Naviera_005358
9003893,Buque_003893,Grecia,2002,16646,135,17,12,Naviera_006819
9003894,Buque_003894,Colombia,1988,13681,300,38,17,Naviera_008084
9003895,Buque_003895,Chile,1998,11273,106,53,8,Naviera_000489
9003896,Buque_003896,Panama,1986,16156,181,15,12,Naviera_001764
9003897,Buque_003897,Chile,1986,4255,392,38,16,Naviera_008377
9003898,Buque_003898,Grecia,2000,18637,206,19,19,Naviera_002454
9003899,Buque_003899,Panama,2010,21173,151,41,12,Naviera_004626
9003900,Buque_003900,Peru,1998,23660,165,39,5,Naviera_002254
9003901,Buque_003901,Singapur,1980,3336,353,56,8,Naviera_000175
9003902,Buque_003902,Reino Unido,2001,21045,115,35,16,Naviera_004638
9003903,Buque_003903,Islas Marshall,1988,6666,273,29,7,Naviera_003240
9003904,Buque_003904,Brasil,2004,912,226,38,5,Naviera_000441
9003905,Buque_003905,China,2018,22298,269,18,9,Naviera_003665
9003906,Buque_003906,Liberia,2014,18498,146,58,13,Naviera_002563
9003907,Buque_003907,Japon,1983,14966,237,13,12,Naviera_002739
9003908,Buque_003908,Singapur,1980,8033,112,18,6,Naviera_000945
9003909,Buque_003909,Chile,2023,6575,306,23,19,Naviera_006972
9003910,Buque_003910,Ecuador,2003,21515,146,35,11,Naviera_000063
9003911,Buque_003911,Singapur,2002,7070,82,32,17,Naviera_008827
9003912,Buque_003912,Singapur,2018,4988,106,53,10,Naviera_003254
9003913,Buque_003913,Chile,2013,23074,259,54,8,Naviera_008816
9003914,Buque_003914,Liberia,2009,13395,105,33,8,Naviera_002814
9003915,Buque_003915,Peru,2003,20012,293,10,19,Naviera_008572
9003916,Buque_003916,Brasil,2025,16135,163,42,18,Naviera_006057
9003917,Buque_003917,Espana,2018,19755,217,23,10,Naviera_008705
9003918,Buque_003918,Brasil,1990,588,312,56,15,Naviera_009830
9003919,Buque_003919,Reino Unido,2020,17864,290,29,13,Naviera_007806
9003920,Buque_003920,Malta,2008,11157,273,25,18,Naviera_001950
9003921,Buque_003921,Hong Kong,1995,3555,232,41,14,Naviera_003780
9003922,Buque_003922,Dinamarca,1991,12341,61,11,18,Naviera_008292
9003923,Buque_003923,Chile,2008,1076,284,11,9,Naviera_007326
9003924,Buque_003924,Islas Marshall,2011,15350,327,21,11,Naviera_000068
9003925,Buque_003925,Espana,1994,17205,250,21,13,Naviera_005161
9003926,Buque_003926,Dinamarca,2015,15451,289,57,8,Naviera_009199
9003927,Buque_003927,Mexico,2016,3250,359,30,16,Naviera_001918
9003928,Buque_003928,Noruega,2016,17900,76,11,8,Naviera_006317
9003929,Buque_003929,Mexico,1985,9213,352,21,6,Naviera_003639
9003930,Buque_003930,Chile,2022,10580,70,21,15,Naviera_009003
9003931,Buque_003931,Reino Unido,2004,2212,184,14,10,Naviera_000223
9003932,Buque_003932,Bahamas,2015,6110,96,11,6,Naviera_001373
9003933,Buque_003933,Peru,1991,1372,87,28,8,Naviera_000864
9003934,Buque_003934,Ecuador,1983,17381,110,43,13,Naviera_006446
9003935,Buque_003935,Bahamas,1982,23282,347,11,9,Naviera_009877
9003936,Buque_003936,Ecuador,2015,21866,306,27,8,Naviera_000322
9003937,Buque_003937,Malta,2024,20061,187,25,18,Naviera_000995
9003938,Buque_003938,Brasil,1982,5712,212,11,8,Naviera_004334
9003939,Buque_003939,Espana,1992,15654,317,36,10,Naviera_001920
9003940,Buque_003940,Noruega,2015,17837,294,14,12,Naviera_000092
9003941,Buque_003941,Panama,2019,1407,126,58,14,Naviera_002806
9003942,Buque_003942,Islas Marshall,2000,18104,189,39,7,Naviera_006879
9003943,Buque_003943,Liberia,1985,5522,231,21,5,Naviera_001364
9003944,Buque_003944,Alemania,2016,10550,213,37,15,Naviera_002718
9003945,Buque_003945,China,2004,11338,273,12,16,Naviera_002572
9003946,Buque_003946,Reino Unido,2019,3389,176,47,19,Naviera_009561
9003947,Buque_003947,Mexico,1981,18765,247,41,6,Naviera_002867
9003948,Buque_003948,Japon,2022,4483,323,22,18,Naviera_001283
9003949,Buque_003949,Peru,2024,2889,310,56,18,Naviera_003845
9003950,Buque_003950,Peru,1983,10172,366,57,16,Naviera_000444
9003951,Buque_003951,Islas Marshall,1992,4761,292,10,6,Naviera_002053
9003952,Buque_003952,Chile,2004,23537,107,43,14,Naviera_003157
9003953,Buque_003953,Malta,2007,5864,132,31,6,Naviera_009663
9003954,Buque_003954,Noruega,1984,6227,258,11,14,Naviera_008895
9003955,Buque_003955,Singapur,2014,1918,280,31,6,Naviera_001834
9003956,Buque_003956,Colombia,2017,18386,133,23,10,Naviera_003894
9003957,Buque_003957,Estados Unidos,2011,4813,284,57,18,Naviera_008435
9003958,Buque_003958,Islas Marshall,2001,9531,175,48,14,Naviera_008768
9003959,Buque_003959,Panama,1984,10579,333,58,11,Naviera_004017
9003960,Buque_003960,Liberia,1982,15125,134,55,13,Naviera_003467
9003961,Buque_003961,Panama,2000,9245,200,57,15,Naviera_002735
9003962,Buque_003962,Hong Kong,2024,8017,188,28,10,Naviera_002299
9003963,Buque_003963,Dinamarca,2002,941,94,27,13,Naviera_001929
9003964,Buque_003964,Reino Unido,1982,6127,206,38,16,Naviera_009936
9003965,Buque_003965,Islas Marshall,1983,11996,350,21,6,Naviera_008756
9003966,Buque_003966,Singapur,1983,7270,154,12,15,Naviera_001289
9003967,Buque_003967,Colombia,2000,7706,94,50,13,Naviera_009111
9003968,Buque_003968,Malta,1995,6871,381,47,7,Naviera_004459
9003969,Buque_003969,Estados Unidos,2016,932,64,45,12,Naviera_000761
9003970,Buque_003970,Singapur,1997,20890,370,26,8,Naviera_005534
9003971,Buque_003971,Singapur,2005,22318,379,55,8,Naviera_001581
9003972,Buque_003972,Japon,1998,9374,265,13,8,Naviera_001563
9003973,Buque_003973,Reino Unido,2022,16332,357,48,13,Naviera_003853
9003974,Buque_003974,Hong Kong,1984,11663,291,31,17,Naviera_003624
9003975,Buque_003975,Peru,1996,928,110,38,13,Naviera_005500
9003976,Buque_003976,Malta,2025,10422,183,43,6,Naviera_009487
9003977,Buque_003977,Chile,2008,14954,198,16,18,Naviera_005462
9003978,Buque_003978,Dinamarca,2010,23149,296,22,17,Naviera_003486
9003979,Buque_003979,Liberia,1991,18238,130,25,9,Naviera_004830
9003980,Buque_003980,Singapur,2025,8826,85,29,12,Naviera_002004
9003981,Buque_003981,Islas Marshall,2023,2129,249,14,5,Naviera_004199
9003982,Buque_003982,Noruega,2009,18586,287,11,5,Naviera_003155
9003983,Buque_003983,Japon,2013,9078,234,45,18,Naviera_008571
9003984,Buque_003984,Reino Unido,2023,19472,189,44,9,Naviera_005908
9003985,Buque_003985,Peru,2006,2969,291,55,11,Naviera_002712
9003986,Buque_003986,Singapur,1981,18870,272,51,16,Naviera_007232
9003987,Buque_003987,Singapur,1992,18516,374,33,17,Naviera_001275
9003988,Buque_003988,Noruega,1994,14780,202,45,11,Naviera_004523
9003989,Buque_003989,Liberia,1980,17947,260,20,13,Naviera_005299
9003990,Buque_003990,Peru,1990,2525,275,19,6,Naviera_004338
9003991,Buque_003991,Malta,2007,6453,321,45,12,Naviera_007848
9003992,Buque_003992,Mexico,2019,3229,104,56,10,Naviera_008877
9003993,Buque_003993,Islas Marshall,1991,15564,169,51,11,Naviera_002043
9003994,Buque_003994,Ecuador,1994,10060,139,46,12,Naviera_004177
9003995,Buque_003995,Malta,2012,21440,203,59,12,Naviera_008557
9003996,Buque_003996,Mexico,1998,22214,204,24,19,Naviera_000909
9003997,Buque_003997,Colombia,1998,21792,189,38,13,Naviera_000631
9003998,Buque_003998,Liberia,1988,10473,267,19,5,Naviera_004904
9003999,Buque_003999,Colombia,2021,23258,188,24,9,Naviera_007330
9004000,Buque_004000,Brasil,1981,15136,240,19,10,Naviera_008997
9004001,Buque_004001,Chile,2016,6032,105,39,19,Naviera_005556
9004002,Buque_004002,Liberia,1997,5719,97,24,10,Naviera_003931
9004003,Buque_004003,Noruega,1987,5752,187,55,12,Naviera_004327
9004004,Buque_004004,Grecia,1999,20858,185,57,18,Naviera_006819
9004005,Buque_004005,Liberia,1999,9242,284,47,14,Naviera_003703
9004006,Buque_004006,Grecia,1992,4467,388,39,12,Naviera_003297
9004007,Buque_004007,Noruega,1984,14300,271,41,5,Naviera_003080
9004008,Buque_004008,Colombia,1994,13624,342,40,19,Naviera_000263
9004009,Buque_004009,Espana,2002,8339,238,10,19,Naviera_008492
9004010,Buque_004010,Singapur,2001,11013,275,18,15,Naviera_006646
9004011,Buque_004011,Espana,2019,11111,156,17,15,Naviera_009017
9004012,Buque_004012,Grecia,1994,5169,356,27,11,Naviera_002156
9004013,Buque_004013,Japon,2001,18773,61,48,7,Naviera_005972
9004014,Buque_004014,Reino Unido,1997,8616,311,36,19,Naviera_005317
9004015,Buque_004015,Dinamarca,1986,8797,396,23,15,Naviera_009626
9004016,Buque_004016,Brasil,1994,18245,272,11,8,Naviera_003463
9004017,Buque_004017,Hong Kong,2005,4547,191,21,5,Naviera_009957
9004018,Buque_004018,Peru,2022,5669,174,49,12,Naviera_004627
9004019,Buque_004019,Dinamarca,2024,18683,140,36,16,Naviera_009285
9004020,Buque_004020,Japon,1990,9309,361,55,7,Naviera_006459
9004021,Buque_004021,Estados Unidos,2021,23076,312,26,12,Naviera_007237
9004022,Buque_004022,Peru,1989,617,230,18,17,Naviera_001297
9004023,Buque_004023,Panama,2020,1589,240,48,15,Naviera_008017
9004024,Buque_004024,Malta,2018,13306,349,29,13,Naviera_008280
9004025,Buque_004025,Hong Kong,1984,681,150,48,15,Naviera_008789
9004026,Buque_004026,Malta,1986,9986,323,59,6,Naviera_009220
9004027,Buque_004027,Malta,2007,22936,361,51,14,Naviera_003846
9004028,Buque_004028,Reino Unido,1997,1071,306,46,18,Naviera_004076
9004029,Buque_004029,Grecia,2011,10494,104,17,19,Naviera_007836
9004030,Buque_004030,Bahamas,1984,20902,293,12,16,Naviera_001214
9004031,Buque_004031,Liberia,2010,17217,141,37,9,Naviera_004564
9004032,Buque_004032,Singapur,1992,18248,214,28,8,Naviera_007237
9004033,Buque_004033,Noruega,2000,20418,365,26,10,Naviera_007556
9004034,Buque_004034,Islas Marshall,2005,1953,253,24,11,Naviera_009031
9004035,Buque_004035,Panama,2010,16130,290,23,6,Naviera_005474
9004036,Buque_004036,Noruega,1991,19428,209,48,15,Naviera_005732
9004037,Buque_004037,Islas Marshall,1998,3923,281,28,18,Naviera_004587
9004038,Buque_004038,Ecuador,1985,19844,250,47,17,Naviera_008081
9004039,Buque_004039,Brasil,2004,20302,113,24,8,Naviera_000027
9004040,Buque_004040,Japon,2019,11238,267,35,15,Naviera_001518
9004041,Buque_004041,Peru,2009,3555,136,33,10,Naviera_004592
9004042,Buque_004042,Espana,1985,17169,284,55,15,Naviera_003616
9004043,Buque_004043,Noruega,2012,21596,338,15,10,Naviera_006742
9004044,Buque_004044,Islas Marshall,2023,9531,225,25,17,Naviera_005514
9004045,Buque_004045,Alemania,2001,7078,106,34,8,Naviera_001712
9004046,Buque_004046,Grecia,1988,18620,378,11,6,Naviera_003871
9004047,Buque_004047,Mexico,2014,11874,255,12,13,Naviera_006830
9004048,Buque_004048,Grecia,2015,9235,153,43,18,Naviera_007189
9004049,Buque_004049,China,1990,9748,214,24,15,Naviera_001003
9004050,Buque_004050,Colombia,1997,17533,156,10,6,Naviera_007715
9004051,Buque_004051,Peru,1984,2596,76,40,14,Naviera_006716
9004052,Buque_004052,Ecuador,1981,15027,290,18,7,Naviera_002500
9004053,Buque_004053,Grecia,2004,23076,294,21,8,Naviera_001802
9004054,Buque_004054,Chile,1999,23760,338,52,6,Naviera_005625
9004055,Buque_004055,Ecuador,2009,18599,99,51,15,Naviera_007701
9004056,Buque_004056,Estados Unidos,2025,11977,122,55,9,Naviera_004005
9004057,Buque_004057,Noruega,2015,3773,252,15,10,Naviera_009452
9004058,Buque_004058,Espana,1996,2601,292,20,11,Naviera_005122
9004059,Buque_004059,Espana,2023,19639,67,18,18,Naviera_001194
9004060,Buque_004060,Peru,1980,1254,208,46,8,Naviera_003446
9004061,Buque_004061,China,1994,10340,115,50,19,Naviera_006781
9004062,Buque_004062,Estados Unidos,1996,23371,334,23,5,Naviera_005702
9004063,Buque_004063,Ecuador,2002,6246,317,22,9,Naviera_004324
9004064,Buque_004064,Espana,1995,1483,210,48,13,Naviera_002941
9004065,Buque_004065,Brasil,1994,809,313,29,9,Naviera_003196
9004066,Buque_004066,Grecia,2019,12467,216,52,5,Naviera_002725
9004067,Buque_004067,Mexico,2011,13714,249,51,14,Naviera_004558
9004068,Buque_004068,Japon,2012,11178,339,55,12,Naviera_003594
9004069,Buque_004069,Grecia,2000,14905,147,42,16,Naviera_000571
9004070,Buque_004070,Chile,1985,3523,214,41,7,Naviera_006632
9004071,Buque_004071,Estados Unidos,1981,5067,279,10,13,Naviera_009550
9004072,Buque_004072,Liberia,1983,17252,133,17,10,Naviera_007532
9004073,Buque_004073,Alemania,1980,12534,67,19,15,Naviera_000779
9004074,Buque_004074,Japon,2000,9720,165,56,5,Naviera_007204
9004075,Buque_004075,Islas Marshall,2005,21373,253,53,16,Naviera_003645
9004076,Buque_004076,Japon,1996,1643,362,21,6,Naviera_000784
9004077,Buque_004077,Islas Marshall,2025,22434,365,40,9,Naviera_000790
9004078,Buque_004078,Grecia,2020,8690,245,40,18,Naviera_006843
9004079,Buque_004079,Colombia,2016,812,91,16,17,Naviera_009451
9004080,Buque_004080,Espana,1998,9641,353,17,11,Naviera_009129
9004081,Buque_004081,Reino Unido,2023,2792,369,45,17,Naviera_003918
9004082,Buque_004082,Mexico,1987,16648,202,53,17,Naviera_006704
9004083,Buque_004083,Liberia,1993,2503,317,51,14,Naviera_001176
9004084,Buque_004084,Peru,2011,2427,262,31,17,Naviera_006686
9004085,Buque_004085,Peru,1997,23677,85,24,15,Naviera_008043
9004086,Buque_004086,Bahamas,1998,1096,222,54,7,Naviera_004918
9004087,Buque_004087,Brasil,1998,2656,366,40,7,Naviera_007119
9004088,Buque_004088,Hong Kong,2025,22090,312,50,7,Naviera_009997
9004089,Buque_004089,China,2000,1722,287,59,8,Naviera_004071
9004090,Buque_004090,Singapur,1991,640,134,56,16,Naviera_001695
9004091,Buque_004091,Brasil,1993,23113,51,17,6,Naviera_006819
9004092,Buque_004092,China,2009,19149,393,57,17,Naviera_009770
9004093,Buque_004093,Islas Marshall,1991,4723,339,46,12,Naviera_005134
9004094,Buque_004094,Reino Unido,2025,6650,310,55,7,Naviera_005190
9004095,Buque_004095,Japon,1998,6160,345,23,15,Naviera_000137
9004096,Buque_004096,Alemania,2006,14110,258,43,9,Naviera_008610
9004097,Buque_004097,Estados Unidos,2011,10069,259,34,11,Naviera_004841
9004098,Buque_004098,Chile,1996,5433,211,41,8,Naviera_003489
9004099,Buque_004099,Dinamarca,2017,21948,136,36,18,Naviera_005438
9004100,Buque_004100,Dinamarca,1983,12454,374,13,12,Naviera_002724
9004101,Buque_004101,Dinamarca,2006,15591,309,26,11,Naviera_003496
9004102,Buque_004102,Islas Marshall,2021,20770,237,37,6,Naviera_002753
9004103,Buque_004103,Reino Unido,2011,8270,163,27,12,Naviera_004244
9004104,Buque_004104,Malta,1981,15388,376,32,19,Naviera_006054
9004105,Buque_004105,Noruega,2021,10417,189,47,11,Naviera_007696
9004106,Buque_004106,Ecuador,1988,5986,85,14,6,Naviera_004900
9004107,Buque_004107,Espana,2006,10730,330,15,8,Naviera_004239
9004108,Buque_004108,Dinamarca,2004,6470,244,52,19,Naviera_004240
9004109,Buque_004109,Hong Kong,2011,2269,226,34,16,Naviera_006261
9004110,Buque_004110,Reino Unido,2023,18857,258,16,12,Naviera_006800
9004111,Buque_004111,Estados Unidos,2021,16847,89,39,9,Naviera_004175
9004112,Buque_004112,Singapur,2008,7521,318,35,19,Naviera_003157
9004113,Buque_004113,Grecia,2019,10767,181,45,9,Naviera_007249
9004114,Buque_004114,Japon,2016,3273,56,11,14,Naviera_003205
9004115,Buque_004115,Liberia,2016,999,261,34,13,Naviera_003433
9004116,Buque_004116,Islas Marshall,2018,2984,313,42,6,Naviera_006349
9004117,Buque_004117,Panama,1987,10438,254,56,13,Naviera_004979
9004118,Buque_004118,Ecuador,1980,18719,94,37,14,Naviera_002650
9004119,Buque_004119,Panama,1999,10429,148,23,6,Naviera_000538
9004120,Buque_004120,Dinamarca,2016,20838,266,24,18,Naviera_008085
9004121,Buque_004121,Peru,1993,10898,323,19,15,Naviera_000874
9004122,Buque_004122,Ecuador,1992,20772,131,41,12,Naviera_003003
9004123,Buque_004123,Noruega,2001,3998,201,59,15,Naviera_000760
9004124,Buque_004124,Liberia,1998,13222,342,44,10,Naviera_005304
9004125,Buque_004125,Ecuador,2024,1262,180,59,19,Naviera_005400
9004126,Buque_004126,Colombia,2016,5072,145,53,19,Naviera_005095
9004127,Buque_004127,Ecuador,1997,16700,151,56,8,Naviera_009908
9004128,Buque_004128,Chile,2016,22523,274,17,8,Naviera_007895
9004129,Buque_004129,Reino Unido,1989,13864,160,21,19,Naviera_004724
9004130,Buque_004130,Estados Unidos,2005,18887,173,24,19,Naviera_003357
9004131,Buque_004131,Bahamas,1993,15552,248,19,8,Naviera_001160
9004132,Buque_004132,Mexico,1995,13766,171,34,18,Naviera_002335
9004133,Buque_004133,Ecuador,1989,13879,110,45,7,Naviera_008575
9004134,Buque_004134,Islas Marshall,1984,20996,78,51,10,Naviera_008253
9004135,Buque_004135,Hong Kong,1985,562,223,10,7,Naviera_009146
9004136,Buque_004136,Noruega,2025,13317,179,20,6,Naviera_005362
9004137,Buque_004137,Mexico,1981,7959,360,44,8,Naviera_003705
9004138,Buque_004138,Hong Kong,1996,3782,234,45,19,Naviera_006142
9004139,Buque_004139,Islas Marshall,2015,18726,178,39,17,Naviera_002004
9004140,Buque_004140,Japon,2000,6437,296,59,10,Naviera_008073
9004141,Buque_004141,China,1989,4917,248,12,6,Naviera_003767
9004142,Buque_004142,Brasil,2000,12415,326,40,10,Naviera_000401
9004143,Buque_004143,Mexico,2000,23638,299,25,11,Naviera_005562
9004144,Buque_004144,Dinamarca,2002,21632,219,14,11,Naviera_007819
9004145,Buque_004145,Japon,1981,11418,254,41,9,Naviera_006917
9004146,Buque_004146,Bahamas,1992,2650,160,29,10,Naviera_008638
9004147,Buque_004147,Estados Unidos,2021,5915,298,32,15,Naviera_008484
9004148,Buque_004148,Liberia,1999,11011,129,59,14,Naviera_004201
9004149,Buque_004149,Japon,2005,13443,313,34,14,Naviera_009171
9004150,Buque_004150,Mexico,1984,1909,389,13,14,Naviera_003030
9004151,Buque_004151,Singapur,1983,2714,320,45,6,Naviera_003768
9004152,Buque_004152,Liberia,2023,15342,65,55,5,Naviera_006576
9004153,Buque_004153,Panama,1992,4850,190,18,7,Naviera_007923
9004154,Buque_004154,Japon,2003,13374,192,44,7,Naviera_007375
9004155,Buque_004155,Dinamarca,1996,4387,174,22,16,Naviera_007531
9004156,Buque_004156,Bahamas,1990,21188,101,35,6,Naviera_009506
9004157,Buque_004157,Liberia,2006,4525,114,42,5,Naviera_003162
9004158,Buque_004158,Bahamas,2000,3910,75,19,9,Naviera_003378
9004159,Buque_004159,Panama,2003,3159,137,24,14,Naviera_005172
9004160,Buque_004160,Peru,1986,14520,98,10,11,Naviera_001282
9004161,Buque_004161,Estados Unidos,2012,20317,58,17,14,Naviera_004090
9004162,Buque_004162,Brasil,2014,4463,319,15,9,Naviera_006601
9004163,Buque_004163,Chile,2000,10568,325,23,6,Naviera_006566
9004164,Buque_004164,Chile,1998,5856,286,34,14,Naviera_003432
9004165,Buque_004165,Dinamarca,1993,6898,57,37,19,Naviera_005935
9004166,Buque_004166,Malta,2015,15326,188,37,16,Naviera_002427
9004167,Buque_004167,Japon,2019,7292,365,29,7,Naviera_008248
9004168,Buque_004168,Dinamarca,1994,4548,141,30,15,Naviera_006449
9004169,Buque_004169,Alemania,2017,7243,70,29,15,Naviera_007177
9004170,Buque_004170,Panama,2005,12161,133,15,16,Naviera_002003
9004171,Buque_004171,Singapur,1990,12259,99,53,14,Naviera_000366
9004172,Buque_004172,Hong Kong,2002,17821,279,22,11,Naviera_007833
9004173,Buque_004173,China,2001,832,283,28,15,Naviera_003509
9004174,Buque_004174,Singapur,1993,4036,277,13,13,Naviera_004835
9004175,Buque_004175,Colombia,1993,9885,261,56,19,Naviera_008010
9004176,Buque_004176,Islas Marshall,1992,5056,323,24,10,Naviera_001429
9004177,Buque_004177,Singapur,2025,3496,181,28,7,Naviera_000738
9004178,Buque_004178,Singapur,2019,5207,167,53,19,Naviera_001619
9004179,Buque_004179,Colombia,1983,2755,347,35,7,Naviera_003177
9004180,Buque_004180,Dinamarca,2010,4594,196,50,9,Naviera_003835
9004181,Buque_004181,Chile,1985,20020,260,27,15,Naviera_002538
9004182,Buque_004182,Colombia,1981,4278,56,34,6,Naviera_002785
9004183,Buque_004183,Alemania,1986,8985,57,44,5,Naviera_009288
9004184,Buque_004184,Japon,2024,3311,307,35,17,Naviera_001370
9004185,Buque_004185,Japon,1994,18589,54,41,13,Naviera_006480
9004186,Buque_004186,Alemania,2007,15948,150,50,15,Naviera_008942
9004187,Buque_004187,Reino Unido,2016,3496,130,39,12,Naviera_001588
9004188,Buque_004188,Colombia,2018,15800,303,14,14,Naviera_003599
9004189,Buque_004189,Estados Unidos,1990,3404,387,15,9,Naviera_000962
9004190,Buque_004190,Reino Unido,1993,22700,345,52,9,Naviera_001500
9004191,Buque_004191,Dinamarca,2021,8966,303,57,19,Naviera_001173
9004192,Buque_004192,Singapur,1995,5005,114,55,8,Naviera_004124
9004193,Buque_004193,Bahamas,1994,16134,210,13,18,Naviera_000180
9004194,Buque_004194,Espana,1983,5398,247,21,7,Naviera_001147
9004195,Buque_004195,Noruega,1987,19846,302,14,18,Naviera_008515
9004196,Buque_004196,Noruega,1996,3003,236,34,6,Naviera_000911
9004197,Buque_004197,Colombia,2003,5875,321,42,8,Naviera_004747
9004198,Buque_004198,Alemania,2001,5362,399,38,7,Naviera_009096
9004199,Buque_004199,Estados Unidos,1997,20985,307,48,10,Naviera_003115
9004200,Buque_004200,Espana,2020,22508,161,54,15,Naviera_008013
9004201,Buque_004201,Estados Unidos,1984,4438,330,59,12,Naviera_003410
9004202,Buque_004202,Reino Unido,2021,9672,160,37,17,Naviera_003225
9004203,Buque_004203,Islas Marshall,2013,9971,307,42,17,Naviera_004728
9004204,Buque_004204,Grecia,2023,1450,254,21,15,Naviera_004938
9004205,Buque_004205,Hong Kong,1997,9473,103,58,11,Naviera_005623
9004206,Buque_004206,Japon,2009,18240,255,38,16,Naviera_008033
9004207,Buque_004207,Noruega,2009,13301,171,56,14,Naviera_008981
9004208,Buque_004208,Singapur,1980,17586,162,29,11,Naviera_009601
9004209,Buque_004209,Peru,2011,7878,53,16,13,Naviera_004718
9004210,Buque_004210,Peru,2009,11701,340,44,16,Naviera_006045
9004211,Buque_004211,Islas Marshall,2021,2908,357,33,11,Naviera_003698
9004212,Buque_004212,Japon,2007,3591,288,23,10,Naviera_005090
9004213,Buque_004213,Brasil,2003,21612,241,36,12,Naviera_001117
9004214,Buque_004214,Mexico,2018,5128,323,42,14,Naviera_007618
9004215,Buque_004215,Espana,2002,593,143,54,18,Naviera_004681
9004216,Buque_004216,Alemania,2002,2171,306,37,19,Naviera_006668
9004217,Buque_004217,Hong Kong,1996,720,184,18,16,Naviera_001783
9004218,Buque_004218,Grecia,2012,18949,211,56,18,Naviera_001702
9004219,Buque_004219,Noruega,2000,7789,378,12,8,Naviera_000577
9004220,Buque_004220,Islas Marshall,2014,2106,250,18,14,Naviera_004671
9004221,Buque_004221,Bahamas,1989,19412,359,34,8,Naviera_009855
9004222,Buque_004222,Grecia,2007,15286,195,33,11,Naviera_000410
9004223,Buque_004223,Panama,2013,13459,247,31,19,Naviera_006174
9004224,Buque_004224,Liberia,1986,10927,165,53,19,Naviera_003815
9004225,Buque_004225,Malta,2001,3738,87,18,8,Naviera_006393
9004226,Buque_004226,Liberia,2012,1153,279,24,6,Naviera_002558
9004227,Buque_004227,Hong Kong,1980,23112,76,47,13,Naviera_007089
9004228,Buque_004228,China,1995,20955,387,47,9,Naviera_002046
9004229,Buque_004229,Alemania,2024,14072,230,21,5,Naviera_007372
9004230,Buque_004230,Islas Marshall,1996,2789,234,57,7,Naviera_005071
9004231,Buque_004231,Liberia,2014,10420,348,42,9,Naviera_006782
9004232,Buque_004232,Brasil,2017,21409,98,11,8,Naviera_005904
9004233,Buque_004233,Estados Unidos,1990,11801,177,58,12,Naviera_001564
9004234,Buque_004234,Panama,1981,18351,347,23,14,Naviera_004361
9004235,Buque_004235,Estados Unidos,1985,10485,327,38,11,Naviera_008719
9004236,Buque_004236,Dinamarca,2018,2949,58,29,9,Naviera_002146
9004237,Buque_004237,Peru,2015,9214,259,51,16,Naviera_006708
9004238,Buque_004238,Colombia,1994,16200,83,31,16,Naviera_002801
9004239,Buque_004239,Grecia,2018,16036,62,20,6,Naviera_002626
9004240,Buque_004240,Mexico,2015,13073,60,13,9,Naviera_000114
9004241,Buque_004241,Estados Unidos,2016,3648,162,36,10,Naviera_005345
9004242,Buque_004242,Grecia,1992,21849,351,45,7,Naviera_005776
9004243,Buque_004243,Reino Unido,1990,20481,143,59,5,Naviera_004565
9004244,Buque_004244,Panama,2007,12915,373,57,18,Naviera_001671
9004245,Buque_004245,Chile,2001,22899,374,52,10,Naviera_007176
9004246,Buque_004246,Alemania,2020,16540,370,41,15,Naviera_006956
9004247,Buque_004247,Islas Marshall,2007,1156,157,16,19,Naviera_004634
9004248,Buque_004248,Grecia,2009,10789,210,38,19,Naviera_003795
9004249,Buque_004249,Grecia,1993,16258,368,14,9,Naviera_006048
9004250,Buque_004250,Liberia,1990,21641,125,11,8,Naviera_007495
9004251,Buque_004251,Hong Kong,1992,13086,93,24,7,Naviera_001395
9004252,Buque_004252,Chile,1980,22432,202,17,13,Naviera_004567
9004253,Buque_004253,Chile,2024,15226,128,27,5,Naviera_003877
9004254,Buque_004254,Singapur,1998,14955,343,53,12,Naviera_002802
9004255,Buque_004255,Chile,2008,19610,354,43,15,Naviera_002857
9004256,Buque_004256,Noruega,2000,18647,80,25,16,Naviera_001549
9004257,Buque_004257,Noruega,2021,9800,143,15,8,Naviera_004169
9004258,Buque_004258,Ecuador,1988,12054,334,57,16,Naviera_000331
9004259,Buque_004259,Colombia,2014,2072,290,45,19,Naviera_006145
9004260,Buque_004260,Liberia,2025,20575,139,37,9,Naviera_005185
9004261,Buque_004261,Hong Kong,2025,12481,389,14,18,Naviera_002361
9004262,Buque_004262,Grecia,2012,4771,355,53,12,Naviera_005339
9004263,Buque_004263,Panama,2003,7856,174,45,5,Naviera_008302
9004264,Buque_004264,Peru,1992,17359,276,54,7,Naviera_003801
9004265,Buque_004265,Japon,1986,18088,349,35,16,Naviera_008571
9004266,Buque_004266,Reino Unido,2004,14411,52,20,8,Naviera_001626
9004267,Buque_004267,Noruega,2023,17074,239,54,10,Naviera_002465
9004268,Buque_004268,Alemania,1984,19301,162,18,19,Naviera_006711
9004269,Buque_004269,Panama,1994,4048,51,15,5,Naviera_009705
9004270,Buque_004270,Espana,1990,23236,189,38,18,Naviera_009811
9004271,Buque_004271,Panama,2003,21706,166,32,5,Naviera_001322
9004272,Buque_004272,Peru,2019,8528,317,28,5,Naviera_001939
9004273,Buque_004273,Bahamas,2003,17004,383,23,15,Naviera_007702
9004274,Buque_004274,Dinamarca,2014,12919,54,27,15,Naviera_007443
9004275,Buque_004275,Chile,1982,9776,171,28,17,Naviera_002284
9004276,Buque_004276,Colombia,1989,18386,83,32,5,Naviera_008194
9004277,Buque_004277,Liberia,2015,14789,288,25,10,Naviera_008881
9004278,Buque_004278,Brasil,2005,19194,54,50,18,Naviera_002012
9004279,Buque_004279,Ecuador,1985,9067,139,17,19,Naviera_005944
9004280,Buque_004280,Alemania,1998,1556,183,25,16,Naviera_006732
9004281,Buque_004281,Peru,2016,19248,387,10,8,Naviera_003688
9004282,Buque_004282,Peru,2025,2888,332,44,8,Naviera_008277
9004283,Buque_004283,Singapur,1995,10760,72,51,12,Naviera_005923
9004284,Buque_004284,Panama,2015,8356,203,51,19,Naviera_001848
9004285,Buque_004285,Estados Unidos,2016,8829,174,59,11,Naviera_002661
9004286,Buque_004286,Liberia,2001,8867,205,41,6,Naviera_003616
9004287,Buque_004287,Singapur,1986,16998,367,21,5,Naviera_003250
9004288,Buque_004288,Japon,2009,18018,159,33,5,Naviera_007279
9004289,Buque_004289,Peru,1998,23024,351,44,9,Naviera_003803
9004290,Buque_004290,Brasil,1993,2700,250,24,16,Naviera_006586
9004291,Buque_004291,Estados Unidos,1988,8933,204,57,13,Naviera_004709
9004292,Buque_004292,Brasil,1994,18288,251,55,10,Naviera_001409
9004293,Buque_004293,Islas Marshall,2024,23691,390,33,11,Naviera_001197
9004294,Buque_004294,Ecuador,1986,5900,111,37,11,Naviera_001993
9004295,Buque_004295,Peru,1988,1461,291,13,5,Naviera_006266
9004296,Buque_004296,Colombia,1988,21430,376,17,13,Naviera_000434
9004297,Buque_004297,Peru,1984,3792,117,52,17,Naviera_004785
9004298,Buque_004298,Panama,2015,5470,391,15,19,Naviera_004986
9004299,Buque_004299,China,1994,2797,122,34,15,Naviera_003339
9004300,Buque_004300,Estados Unidos,1987,6406,132,36,8,Naviera_007097
9004301,Buque_004301,Noruega,1992,21962,243,54,11,Naviera_004176
9004302,Buque_004302,Alemania,1984,6375,313,30,14,Naviera_008889
9004303,Buque_004303,Brasil,1995,7952,393,41,12,Naviera_002675
9004304,Buque_004304,Mexico,2017,3248,173,57,16,Naviera_003477
9004305,Buque_004305,Estados Unidos,1985,9714,389,49,9,Naviera_005053
9004306,Buque_004306,Hong Kong,2013,9995,137,58,5,Naviera_009630
9004307,Buque_004307,Bahamas,2012,11420,164,45,19,Naviera_009703
9004308,Buque_004308,Grecia,1995,3456,230,37,17,Naviera_009979
9004309,Buque_004309,Malta,2008,17764,241,24,7,Naviera_005939
9004310,Buque_004310,Malta,1994,6005,382,42,13,Naviera_004333
9004311,Buque_004311,Japon,1991,8851,289,14,17,Naviera_005923
9004312,Buque_004312,China,2022,22456,396,53,8,Naviera_001170
9004313,Buque_004313,Mexico,2006,2912,91,36,15,Naviera_000145
9004314,Buque_004314,Panama,2019,4915,58,26,5,Naviera_009556
9004315,Buque_004315,Malta,1997,6474,312,52,15,Naviera_001327
9004316,Buque_004316,Panama,1999,586,164,40,11,Naviera_000791
9004317,Buque_004317,Malta,2019,20348,363,50,11,Naviera_005052
9004318,Buque_004318,Colombia,2023,4964,186,48,18,Naviera_004461
9004319,Buque_004319,Brasil,2012,12184,170,51,11,Naviera_002093
9004320,Buque_004320,Peru,1990,9774,115,34,13,Naviera_004254
9004321,Buque_004321,Alemania,1994,13609,258,13,10,Naviera_004994
9004322,Buque_004322,China,2005,2849,117,57,15,Naviera_003726
9004323,Buque_004323,Singapur,1998,13008,369,41,7,Naviera_000361
9004324,Buque_004324,Estados Unidos,1983,5242,292,35,18,Naviera_009066
9004325,Buque_004325,Malta,2013,22221,272,38,10,Naviera_000857
9004326,Buque_004326,Dinamarca,2023,20026,385,22,11,Naviera_002392
9004327,Buque_004327,Peru,2007,7064,162,28,10,Naviera_008010
9004328,Buque_004328,Alemania,2000,22883,298,35,13,Naviera_002348
9004329,Buque_004329,Chile,1987,23160,278,38,7,Naviera_006318
9004330,Buque_004330,Islas Marshall,2012,13538,277,17,16,Naviera_003275
9004331,Buque_004331,Grecia,2018,19375,73,14,16,Naviera_008450
9004332,Buque_004332,Bahamas,2016,6713,149,17,14,Naviera_001071
9004333,Buque_004333,Noruega,2008,2530,384,24,7,Naviera_005972
9004334,Buque_004334,Mexico,2014,14352,337,54,17,Naviera_009843
9004335,Buque_004335,Espana,1990,17796,58,13,5,Naviera_008213
9004336,Buque_004336,China,1986,5579,324,47,12,Naviera_008397
9004337,Buque_004337,Estados Unidos,1991,11723,270,35,11,Naviera_006502
9004338,Buque_004338,Islas Marshall,2006,7921,93,21,6,Naviera_007689
9004339,Buque_004339,Reino Unido,1997,3944,280,42,18,Naviera_003983
9004340,Buque_004340,Colombia,1999,13176,335,34,15,Naviera_002746
9004341,Buque_004341,Ecuador,1998,2069,324,53,11,Naviera_005501
9004342,Buque_004342,China,2012,8004,102,41,19,Naviera_004943
9004343,Buque_004343,Noruega,2003,13920,69,38,16,Naviera_003891
9004344,Buque_004344,Noruega,2017,17288,289,35,17,Naviera_009495
9004345,Buque_004345,Peru,2009,14500,179,29,15,Naviera_002870
9004346,Buque_004346,Panama,2005,9876,162,19,14,Naviera_003748
9004347,Buque_004347,Malta,2001,2003,223,13,13,Naviera_003756
9004348,Buque_004348,Hong Kong,2005,2104,237,43,17,Naviera_007340
9004349,Buque_004349,Noruega,1985,8527,287,40,16,Naviera_006926
9004350,Buque_004350,Dinamarca,2001,15517,122,33,10,Naviera_001135
9004351,Buque_004351,Mexico,1992,5094,254,20,13,Naviera_005887
9004352,Buque_004352,Alemania,2005,19298,238,51,13,Naviera_004356
9004353,Buque_004353,Brasil,1984,14749,294,57,8,Naviera_008069
9004354,Buque_004354,Bahamas,2013,15004,82,19,18,Naviera_004228
9004355,Buque_004355,Chile,1996,12053,76,55,14,Naviera_006435
9004356,Buque_004356,Colombia,2004,8339,397,47,17,Naviera_009410
9004357,Buque_004357,Japon,1982,18315,130,23,6,Naviera_003376
9004358,Buque_004358,China,1989,10722,251,33,19,Naviera_003299
9004359,Buque_004359,Brasil,1992,22470,79,51,9,Naviera_007784
9004360,Buque_004360,Mexico,2023,19266,54,19,10,Naviera_005213
9004361,Buque_004361,Singapur,2007,19853,394,16,18,Naviera_006989
9004362,Buque_004362,Malta,2010,6519,229,32,19,Naviera_001788
9004363,Buque_004363,Malta,2014,1649,124,38,7,Naviera_002710
9004364,Buque_004364,Mexico,2010,6072,262,40,6,Naviera_001697
9004365,Buque_004365,Ecuador,2015,21591,257,40,19,Naviera_008583
9004366,Buque_004366,Noruega,2011,7514,306,32,7,Naviera_004575
9004367,Buque_004367,Islas Marshall,1991,11156,144,10,8,Naviera_003628
9004368,Buque_004368,Dinamarca,1999,6248,171,32,15,Naviera_000176
9004369,Buque_004369,Alemania,1996,17132,108,56,7,Naviera_002739
9004370,Buque_004370,Japon,1982,13335,205,28,9,Naviera_008226
9004371,Buque_004371,Brasil,1984,17626,288,33,17,Naviera_006915
9004372,Buque_004372,Colombia,2004,4100,392,15,6,Naviera_009606
9004373,Buque_004373,Estados Unidos,1988,6458,77,40,7,Naviera_005080
9004374,Buque_004374,Hong Kong,1985,13255,388,23,12,Naviera_003629
9004375,Buque_004375,Japon,2002,2341,97,36,15,Naviera_005141
9004376,Buque_004376,Dinamarca,2020,18043,65,42,7,Naviera_000216
9004377,Buque_004377,Grecia,2003,23250,156,31,8,Naviera_001590
9004378,Buque_004378,Liberia,1985,9517,224,22,10,Naviera_004525
9004379,Buque_004379,Islas Marshall,1992,11729,147,40,17,Naviera_006660
9004380,Buque_004380,Malta,1996,4667,56,35,13,Naviera_004386
9004381,Buque_004381,Mexico,2019,17759,295,26,10,Naviera_004894
9004382,Buque_004382,Singapur,1992,13224,165,24,18,Naviera_003093
9004383,Buque_004383,Alemania,2016,7561,115,25,10,Naviera_007869
9004384,Buque_004384,China,2019,13171,359,45,17,Naviera_009423
9004385,Buque_004385,Bahamas,2023,1539,350,43,10,Naviera_002536
9004386,Buque_004386,Islas Marshall,2023,7980,188,56,5,Naviera_002486
9004387,Buque_004387,Mexico,2018,21382,62,11,17,Naviera_005257
9004388,Buque_004388,Brasil,1996,21425,106,25,7,Naviera_002408
9004389,Buque_004389,Brasil,1982,6164,203,37,7,Naviera_003540
9004390,Buque_004390,Espana,1987,17803,230,19,18,Naviera_001034
9004391,Buque_004391,Mexico,2002,14844,116,56,14,Naviera_004581
9004392,Buque_004392,Ecuador,1994,11879,219,43,7,Naviera_002005
9004393,Buque_004393,Panama,2025,13153,271,16,12,Naviera_001259
9004394,Buque_004394,Mexico,1997,20324,254,30,5,Naviera_000776
9004395,Buque_004395,Hong Kong,2016,23863,263,56,19,Naviera_002533
9004396,Buque_004396,Alemania,2001,7726,362,28,17,Naviera_004464
9004397,Buque_004397,Dinamarca,2021,9211,264,35,19,Naviera_000874
9004398,Buque_004398,Panama,2025,6134,236,52,8,Naviera_004176
9004399,Buque_004399,Ecuador,1992,19588,105,48,5,Naviera_008560
9004400,Buque_004400,Espana,2005,8235,310,30,18,Naviera_001207
9004401,Buque_004401,Estados Unidos,1997,21951,294,32,9,Naviera_000893
9004402,Buque_004402,Colombia,1985,10211,262,26,11,Naviera_000582
9004403,Buque_004403,Chile,2023,17861,204,30,18,Naviera_003652
9004404,Buque_004404,Panama,1987,8281,343,34,8,Naviera_003359
9004405,Buque_004405,Reino Unido,2007,9824,142,45,16,Naviera_003544
9004406,Buque_004406,Espana,2012,6874,342,47,12,Naviera_001061
9004407,Buque_004407,Singapur,2020,22272,328,22,16,Naviera_000257
9004408,Buque_004408,Panama,2001,14373,350,21,18,Naviera_001745
9004409,Buque_004409,Panama,2013,15783,189,58,19,Naviera_000673
9004410,Buque_004410,Bahamas,2003,7993,190,42,13,Naviera_004095
9004411,Buque_004411,Brasil,1994,6807,123,58,9,Naviera_001519
9004412,Buque_004412,Peru,1982,19486,251,11,19,Naviera_004684
9004413,Buque_004413,Chile,2019,2965,251,43,15,Naviera_009384
9004414,Buque_004414,Peru,1986,11995,112,56,16,Naviera_001345
9004415,Buque_004415,Panama,1992,15217,288,37,19,Naviera_005768
9004416,Buque_004416,Singapur,2020,11081,289,27,15,Naviera_001555
9004417,Buque_004417,China,1985,8438,308,22,16,Naviera_002638
9004418,Buque_004418,Hong Kong,2013,9314,108,42,9,Naviera_008810
9004419,Buque_004419,Dinamarca,2000,17058,218,19,19,Naviera_005599
9004420,Buque_004420,Islas Marshall,1984,7562,221,22,7,Naviera_007093
9004421,Buque_004421,Bahamas,2009,20300,357,47,5,Naviera_008602
9004422,Buque_004422,Colombia,2003,16965,278,34,15,Naviera_001865
9004423,Buque_004423,Hong Kong,1993,3823,161,10,9,Naviera_001410
9004424,Buque_004424,Colombia,2017,21217,367,26,8,Naviera_006038
9004425,Buque_004425,Japon,1984,22041,58,43,16,Naviera_008726
9004426,Buque_004426,Alemania,1980,19105,397,31,10,Naviera_006592
9004427,Buque_004427,Bahamas,2019,18658,288,18,10,Naviera_005379
9004428,Buque_004428,Noruega,2006,6164,107,25,14,Naviera_002485
9004429,Buque_004429,Alemania,1995,8770,361,19,12,Naviera_008789
9004430,Buque_004430,Espana,2017,14972,110,30,5,Naviera_003881
9004431,Buque_004431,Colombia,2009,1191,67,28,6,Naviera_003751
9004432,Buque_004432,Dinamarca,1998,23473,355,20,13,Naviera_009966
9004433,Buque_004433,Grecia,2016,3620,261,16,10,Naviera_009768
9004434,Buque_004434,Grecia,2021,19474,386,14,9,Naviera_009800
9004435,Buque_004435,Colombia,1991,1307,272,43,10,Naviera_007511
9004436,Buque_004436,Panama,1991,11284,267,15,16,Naviera_007572
9004437,Buque_004437,Japon,1991,562,282,20,15,Naviera_002060
9004438,Buque_004438,Brasil,2010,3179,236,26,8,Naviera_005225
9004439,Buque_004439,Bahamas,1984,15629,359,28,11,Naviera_000784
9004440,Buque_004440,Brasil,2025,15899,61,25,17,Naviera_009223
9004441,Buque_004441,Grecia,1993,23880,386,52,9,Naviera_005030
9004442,Buque_004442,Reino Unido,2008,21531,302,15,5,Naviera_005995
9004443,Buque_004443,Malta,2022,11441,165,40,15,Naviera_003605
9004444,Buque_004444,Hong Kong,2013,20493,232,58,10,Naviera_006838
9004445,Buque_004445,Chile,2020,14700,338,46,13,Naviera_004017
9004446,Buque_004446,Singapur,2010,21148,255,44,9,Naviera_003462
9004447,Buque_004447,Brasil,2002,7078,233,46,7,Naviera_000168
9004448,Buque_004448,Estados Unidos,1993,3029,137,38,5,Naviera_007536
9004449,Buque_004449,China,2012,3353,72,15,12,Naviera_007279
9004450,Buque_004450,Peru,2020,12866,229,51,13,Naviera_001630
9004451,Buque_004451,Colombia,1982,4238,377,23,14,Naviera_008376
9004452,Buque_004452,Singapur,1983,9466,288,30,5,Naviera_002505
9004453,Buque_004453,Hong Kong,1988,18897,368,53,8,Naviera_001421
9004454,Buque_004454,Noruega,1992,20976,117,12,6,Naviera_002457
9004455,Buque_004455,Liberia,1990,13697,344,24,7,Naviera_007193
9004456,Buque_004456,Noruega,2005,14717,88,45,18,Naviera_000972
9004457,Buque_004457,Panama,1988,11180,352,35,8,Naviera_006131
9004458,Buque_004458,Hong Kong,2024,8197,60,33,13,Naviera_007186
9004459,Buque_004459,Panama,1981,6423,273,17,10,Naviera_004828
9004460,Buque_004460,Noruega,2011,23628,244,51,15,Naviera_007925
9004461,Buque_004461,Grecia,1992,13569,128,40,17,Naviera_007210
9004462,Buque_004462,Chile,1989,7903,64,58,19,Naviera_002709
9004463,Buque_004463,Estados Unidos,1991,14246,321,16,13,Naviera_007645
9004464,Buque_004464,Liberia,2007,1754,364,19,10,Naviera_006658
9004465,Buque_004465,Japon,1998,6437,174,34,19,Naviera_004515
9004466,Buque_004466,Chile,2013,23410,119,22,16,Naviera_007450
9004467,Buque_004467,Hong Kong,2015,9924,248,12,16,Naviera_009503
9004468,Buque_004468,Estados Unidos,2024,23252,187,54,11,Naviera_001511
9004469,Buque_004469,Japon,2024,3974,74,58,17,Naviera_003387
9004470,Buque_004470,Chile,1987,7173,275,49,14,Naviera_005787
9004471,Buque_004471,Liberia,2021,4610,119,48,17,Naviera_007981
9004472,Buque_004472,China,2013,11138,81,11,17,Naviera_001511
9004473,Buque_004473,Hong Kong,1995,14022,357,20,16,Naviera_002258
9004474,Buque_004474,Peru,2017,9541,116,23,12,Naviera_005976
9004475,Buque_004475,Islas Marshall,2005,22386,332,42,6,Naviera_000269
9004476,Buque_004476,Mexico,2017,16182,89,58,10,Naviera_003638
9004477,Buque_004477,Peru,1997,5468,190,26,5,Naviera_002296
9004478,Buque_004478,Dinamarca,1981,14518,164,47,12,Naviera_002439
9004479,Buque_004479,Malta,1982,17308,274,59,9,Naviera_002130
9004480,Buque_004480,Peru,2008,22783,280,47,10,Naviera_009376
9004481,Buque_004481,Bahamas,1998,960,330,12,8,Naviera_003801
9004482,Buque_004482,Chile,2023,17467,227,56,15,Naviera_002950
9004483,Buque_004483,Singapur,2001,3847,127,45,11,Naviera_008488
9004484,Buque_004484,Dinamarca,2004,18599,274,42,9,Naviera_009653
9004485,Buque_004485,Reino Unido,2016,11185,108,41,12,Naviera_000584
9004486,Buque_004486,Peru,2010,5177,144,10,9,Naviera_008709
9004487,Buque_004487,Japon,2009,13136,208,57,14,Naviera_009009
9004488,Buque_004488,Malta,2009,4854,359,37,17,Naviera_008134
9004489,Buque_004489,Hong Kong,2000,15133,66,43,17,Naviera_008708
9004490,Buque_004490,Japon,2015,2136,70,11,13,Naviera_003719
9004491,Buque_004491,Alemania,2020,13740,167,48,13,Naviera_008126
9004492,Buque_004492,Espana,1984,9081,397,18,14,Naviera_000329
9004493,Buque_004493,Ecuador,1987,23752,237,11,10,Naviera_008929
9004494,Buque_004494,Chile,2023,1157,161,58,8,Naviera_005187
9004495,Buque_004495,Islas Marshall,2007,2512,336,10,12,Naviera_001908
9004496,Buque_004496,Hong Kong,1995,7218,379,35,11,Naviera_006464
9004497,Buque_004497,Grecia,2010,16823,343,35,6,Naviera_006915
9004498,Buque_004498,Brasil,2010,23865,251,13,10,Naviera_009896
9004499,Buque_004499,Colombia,2003,19436,392,58,10,Naviera_007110
9004500,Buque_004500,Peru,1992,21350,165,40,12,Naviera_009818
9004501,Buque_004501,Ecuador,1985,12195,307,19,7,Naviera_004053
9004502,Buque_004502,Grecia,2021,11246,70,35,15,Naviera_003976
9004503,Buque_004503,Liberia,1992,15826,81,44,13,Naviera_001931
9004504,Buque_004504,Espana,2007,8029,61,29,10,Naviera_005359
9004505,Buque_004505,Panama,1990,4683,151,44,8,Naviera_004314
9004506,Buque_004506,Islas Marshall,1992,8071,263,47,18,Naviera_002954
9004507,Buque_004507,Noruega,1992,16397,295,47,8,Naviera_007601
9004508,Buque_004508,Alemania,2008,16864,194,42,10,Naviera_001597
9004509,Buque_004509,Hong Kong,1988,20975,104,35,7,Naviera_001923
9004510,Buque_004510,Singapur,2011,9416,137,23,12,Naviera_001595
9004511,Buque_004511,Ecuador,2005,20898,385,49,8,Naviera_002059
9004512,Buque_004512,Dinamarca,1999,9960,84,44,6,Naviera_009025
9004513,Buque_004513,Alemania,2016,8514,134,16,12,Naviera_000892
9004514,Buque_004514,Singapur,2018,20484,291,10,18,Naviera_006740
9004515,Buque_004515,Estados Unidos,2017,11796,87,33,6,Naviera_004257
9004516,Buque_004516,Dinamarca,2004,13256,308,28,19,Naviera_002431
9004517,Buque_004517,Alemania,2003,20319,345,51,6,Naviera_006860
9004518,Buque_004518,Colombia,1982,23846,363,19,11,Naviera_002277
9004519,Buque_004519,Brasil,2019,6595,207,30,17,Naviera_006969
9004520,Buque_004520,Bahamas,1989,5852,154,37,13,Naviera_005812
9004521,Buque_004521,Estados Unidos,2014,5642,73,31,17,Naviera_009746
9004522,Buque_004522,Colombia,1993,10002,333,21,16,Naviera_001324
9004523,Buque_004523,Islas Marshall,2005,16258,390,27,8,Naviera_007689
9004524,Buque_004524,Espana,2019,8395,214,19,6,Naviera_005804
9004525,Buque_004525,Liberia,1998,9003,126,42,19,Naviera_001109
9004526,Buque_004526,Espana,2021,4583,150,36,13,Naviera_008932
9004527,Buque_004527,Panama,2006,2338,340,58,17,Naviera_002090
9004528,Buque_004528,Reino Unido,2004,7014,308,13,18,Naviera_002001
9004529,Buque_004529,Bahamas,1980,11409,173,48,16,Naviera_008508
9004530,Buque_004530,Bahamas,1985,21952,388,44,10,Naviera_007176
9004531,Buque_004531,Colombia,1999,22901,358,49,19,Naviera_006732
9004532,Buque_004532,Islas Marshall,2021,16619,107,16,8,Naviera_007581
9004533,Buque_004533,Grecia,1983,2974,159,40,11,Naviera_003559
9004534,Buque_004534,Colombia,2004,15591,59,45,10,Naviera_000043
9004535,Buque_004535,Japon,2010,6819,368,34,10,Naviera_005352
9004536,Buque_004536,Colombia,2015,5123,348,44,18,Naviera_002191
9004537,Buque_004537,Malta,2017,21654,284,42,8,Naviera_007421
9004538,Buque_004538,Espana,2019,11678,371,42,19,Naviera_007547
9004539,Buque_004539,Estados Unidos,2025,17431,219,33,6,Naviera_003209
9004540,Buque_004540,Malta,1982,15783,295,15,12,Naviera_006737
9004541,Buque_004541,Dinamarca,2011,14534,68,40,19,Naviera_008278
9004542,Buque_004542,Liberia,2013,12640,98,38,10,Naviera_003106
9004543,Buque_004543,Grecia,2025,8890,353,41,5,Naviera_009798
9004544,Buque_004544,Islas Marshall,1994,3781,218,23,17,Naviera_002556
9004545,Buque_004545,Reino Unido,1981,20455,271,30,15,Naviera_000505
9004546,Buque_004546,Dinamarca,2010,12739,244,35,9,Naviera_009203
9004547,Buque_004547,Espana,2001,4732,141,51,17,Naviera_006038
9004548,Buque_004548,Colombia,1985,3474,299,16,12,Naviera_009724
9004549,Buque_004549,Hong Kong,2020,20322,139,52,19,Naviera_007552
9004550,Buque_004550,Espana,1990,12038,221,35,15,Naviera_002327
9004551,Buque_004551,Estados Unidos,2016,14007,207,24,8,Naviera_003468
9004552,Buque_004552,Panama,2015,13247,160,52,10,Naviera_003506
9004553,Buque_004553,Colombia,1986,20994,173,43,11,Naviera_009395
9004554,Buque_004554,Alemania,2024,19255,93,53,11,Naviera_000035
9004555,Buque_004555,Chile,1982,19519,366,12,14,Naviera_005544
9004556,Buque_004556,Grecia,2016,20999,193,28,19,Naviera_007869
9004557,Buque_004557,Dinamarca,2017,5917,359,54,8,Naviera_005959
9004558,Buque_004558,Singapur,1985,20566,399,32,12,Naviera_009280
9004559,Buque_004559,Alemania,1987,6413,338,16,12,Naviera_008966
9004560,Buque_004560,Panama,1985,3474,160,31,12,Naviera_004176
9004561,Buque_004561,Liberia,1989,19484,68,43,16,Naviera_004508
9004562,Buque_004562,Malta,2015,11223,212,11,15,Naviera_002528
9004563,Buque_004563,Liberia,1985,4296,251,28,12,Naviera_008869
9004564,Buque_004564,Islas Marshall,1989,6006,127,13,12,Naviera_004243
9004565,Buque_004565,Peru,1990,17564,238,18,5,Naviera_009440
9004566,Buque_004566,China,2002,13677,399,30,9,Naviera_002831
9004567,Buque_004567,Hong Kong,1994,16501,277,35,6,Naviera_008508
9004568,Buque_004568,Japon,1985,7088,165,14,15,Naviera_003114
9004569,Buque_004569,Panama,2016,14279,192,29,7,Naviera_008983
9004570,Buque_004570,Japon,1987,16332,157,56,19,Naviera_002679
9004571,Buque_004571,Mexico,2018,13823,80,14,17,Naviera_000765
9004572,Buque_004572,Chile,2006,6873,91,55,5,Naviera_007580
9004573,Buque_004573,Liberia,2006,5276,178,45,16,Naviera_007001
9004574,Buque_004574,Chile,1992,14833,205,16,19,Naviera_005805
9004575,Buque_004575,Alemania,2023,6548,378,35,16,Naviera_006150
9004576,Buque_004576,Malta,2009,5247,150,22,19,Naviera_003555
9004577,Buque_004577,Estados Unidos,2019,20876,357,25,5,Naviera_006197
9004578,Buque_004578,Mexico,2006,5296,241,39,9,Naviera_003641
9004579,Buque_004579,Hong Kong,1980,535,328,22,17,Naviera_003488
9004580,Buque_004580,Brasil,2003,3112,210,25,13,Naviera_002020
9004581,Buque_004581,Panama,2024,10785,88,32,12,Naviera_001649
9004582,Buque_004582,Ecuador,2016,4730,349,49,5,Naviera_001216
9004583,Buque_004583,Japon,1992,3677,74,54,7,Naviera_002368
9004584,Buque_004584,Bahamas,2022,4035,335,40,7,Naviera_005559
9004585,Buque_004585,China,1991,23728,293,30,16,Naviera_004197
9004586,Buque_004586,Espana,1985,20640,93,30,9,Naviera_001488
9004587,Buque_004587,Ecuador,1996,12692,273,27,10,Naviera_003651
9004588,Buque_004588,Hong Kong,1982,18770,360,16,16,Naviera_000464
9004589,Buque_004589,Malta,1995,1053,230,55,12,Naviera_005890
9004590,Buque_004590,Mexico,1990,14683,137,32,12,Naviera_009178
9004591,Buque_004591,Bahamas,2017,12520,364,48,10,Naviera_000083
9004592,Buque_004592,Singapur,2008,22740,96,57,16,Naviera_001562
9004593,Buque_004593,Malta,1993,8851,248,29,19,Naviera_000360
9004594,Buque_004594,Bahamas,1987,7040,389,51,17,Naviera_006090
9004595,Buque_004595,Grecia,2025,13737,254,41,19,Naviera_002239
9004596,Buque_004596,Colombia,2011,21754,225,32,6,Naviera_003149
9004597,Buque_004597,Peru,1982,22320,103,10,6,Naviera_003259
9004598,Buque_004598,Malta,1998,18690,250,26,15,Naviera_005582
9004599,Buque_004599,Grecia,2000,9327,240,58,15,Naviera_002263
9004600,Buque_004600,Panama,2007,23814,202,42,19,Naviera_006653
9004601,Buque_004601,Peru,2009,9549,395,15,16,Naviera_009717
9004602,Buque_004602,China,2006,8031,256,26,17,Naviera_004080
9004603,Buque_004603,Liberia,1986,592,367,53,18,Naviera_001342
9004604,Buque_004604,Liberia,1999,20359,200,43,18,Naviera_006322
9004605,Buque_004605,Noruega,1996,13112,87,50,8,Naviera_006522
9004606,Buque_004606,Hong Kong,1998,8389,378,30,15,Naviera_001465
9004607,Buque_004607,Singapur,2020,9578,53,39,10,Naviera_000724
9004608,Buque_004608,Grecia,2009,22600,288,57,13,Naviera_001303
9004609,Buque_004609,Malta,1999,17923,113,54,16,Naviera_007507
9004610,Buque_004610,Reino Unido,2025,16623,110,50,15,Naviera_009474
9004611,Buque_004611,Brasil,1988,15379,291,59,16,Naviera_005008
9004612,Buque_004612,Brasil,1984,22036,290,35,15,Naviera_007996
9004613,Buque_004613,Estados Unidos,2011,9898,159,35,9,Naviera_001627
9004614,Buque_004614,Hong Kong,2020,15265,156,14,9,Naviera_009490
9004615,Buque_004615,Islas Marshall,2021,14412,257,19,6,Naviera_005862
9004616,Buque_004616,Bahamas,1993,19576,168,27,13,Naviera_005318
9004617,Buque_004617,Mexico,1994,15213,154,52,6,Naviera_002953
9004618,Buque_004618,Bahamas,2008,3818,220,59,15,Naviera_009477
9004619,Buque_004619,Grecia,2006,21951,260,34,11,Naviera_006527
9004620,Buque_004620,Peru,2012,4595,156,49,19,Naviera_009999
9004621,Buque_004621,Noruega,2021,18234,367,28,10,Naviera_009075
9004622,Buque_004622,Hong Kong,2003,22010,206,35,15,Naviera_000511
9004623,Buque_004623,Noruega,1998,23623,61,51,14,Naviera_006051
9004624,Buque_004624,Mexico,2010,15737,392,15,12,Naviera_001590
9004625,Buque_004625,Estados Unidos,2010,8490,247,12,8,Naviera_000967
9004626,Buque_004626,Malta,1981,22700,270,44,18,Naviera_004444
9004627,Buque_004627,Japon,1998,22524,110,59,7,Naviera_003308
9004628,Buque_004628,Singapur,2019,8494,213,28,5,Naviera_004261
9004629,Buque_004629,Hong Kong,1999,1981,268,49,14,Naviera_007610
9004630,Buque_004630,Estados Unidos,1983,6038,165,42,8,Naviera_008245
9004631,Buque_004631,Chile,1993,8881,342,23,13,Naviera_007701
9004632,Buque_004632,Japon,1987,9647,213,25,5,Naviera_002434
9004633,Buque_004633,Espana,2006,8255,366,47,12,Naviera_000832
9004634,Buque_004634,Grecia,1991,9823,291,39,5,Naviera_005986
9004635,Buque_004635,Estados Unidos,1982,12271,154,14,11,Naviera_004695
9004636,Buque_004636,Liberia,1991,22613,246,48,8,Naviera_002173
9004637,Buque_004637,Malta,1995,22396,65,25,16,Naviera_008146
9004638,Buque_004638,Estados Unidos,1982,19490,147,15,9,Naviera_008761
9004639,Buque_004639,Malta,2021,11368,52,39,6,Naviera_001051
9004640,Buque_004640,Noruega,2005,14922,220,24,8,Naviera_002140
9004641,Buque_004641,Grecia,2004,13473,286,37,7,Naviera_001672
9004642,Buque_004642,Ecuador,1999,15493,220,18,15,Naviera_007115
9004643,Buque_004643,Colombia,2004,22581,114,56,7,Naviera_001452
9004644,Buque_004644,Colombia,1990,13971,305,56,6,Naviera_009516
9004645,Buque_004645,Bahamas,2011,3426,374,30,8,Naviera_009148
9004646,Buque_004646,Espana,2006,18056,269,22,7,Naviera_005055
9004647,Buque_004647,Bahamas,2012,3530,371,19,11,Naviera_001178
9004648,Buque_004648,Panama,1989,22554,184,13,13,Naviera_001337
9004649,Buque_004649,Malta,2024,1602,218,20,7,Naviera_005192
9004650,Buque_004650,Panama,2007,2070,219,37,5,Naviera_007222
9004651,Buque_004651,Ecuador,1986,23204,85,14,18,Naviera_001760
9004652,Buque_004652,Mexico,2012,2068,295,34,14,Naviera_009097
9004653,Buque_004653,Bahamas,2025,6636,95,43,15,Naviera_006153
9004654,Buque_004654,Grecia,2004,19785,359,58,11,Naviera_001929
9004655,Buque_004655,Colombia,2016,1879,68,44,14,Naviera_006923
9004656,Buque_004656,Brasil,2025,10320,184,34,19,Naviera_005977
9004657,Buque_004657,Colombia,2006,9610,94,57,7,Naviera_009693
9004658,Buque_004658,Mexico,1988,19358,217,18,9,Naviera_005816
9004659,Buque_004659,Bahamas,1986,15981,101,31,12,Naviera_007748
9004660,Buque_004660,Islas Marshall,2000,571,122,31,12,Naviera_009627
9004661,Buque_004661,Grecia,1988,15115,261,31,15,Naviera_004470
9004662,Buque_004662,Espana,2024,14820,180,57,13,Naviera_007550
9004663,Buque_004663,Reino Unido,1989,16676,92,49,8,Naviera_007941
9004664,Buque_004664,Islas Marshall,2007,14542,50,52,15,Naviera_004446
9004665,Buque_004665,Dinamarca,2003,12812,329,51,12,Naviera_007362
9004666,Buque_004666,Colombia,1987,4802,103,24,12,Naviera_002076
9004667,Buque_004667,Liberia,2002,20133,378,34,5,Naviera_003071
9004668,Buque_004668,Alemania,2023,20840,118,31,7,Naviera_004100
9004669,Buque_004669,Noruega,2020,9291,222,28,9,Naviera_001210
9004670,Buque_004670,Noruega,2013,20768,138,50,11,Naviera_004714
9004671,Buque_004671,Liberia,1988,595,56,55,19,Naviera_003359
9004672,Buque_004672,Chile,2013,5667,109,35,10,Naviera_007961
9004673,Buque_004673,Peru,2002,14380,243,16,11,Naviera_008266
9004674,Buque_004674,Chile,1982,5668,306,26,6,Naviera_008990
9004675,Buque_004675,Colombia,2000,16827,258,10,10,Naviera_005756
9004676,Buque_004676,Bahamas,2002,8844,95,12,9,Naviera_006224
9004677,Buque_004677,Mexico,2005,6797,338,19,6,Naviera_006588
9004678,Buque_004678,Ecuador,1984,2471,187,16,13,Naviera_007034
9004679,Buque_004679,Noruega,2025,6812,54,13,6,Naviera_008112
9004680,Buque_004680,Japon,1983,4916,134,11,15,Naviera_003076
9004681,Buque_004681,Colombia,2018,3396,372,26,13,Naviera_007588
9004682,Buque_004682,Liberia,1984,12090,138,42,15,Naviera_003597
9004683,Buque_004683,Malta,1987,4538,287,27,15,Naviera_006685
9004684,Buque_004684,Estados Unidos,2015,22519,169,38,12,Naviera_003867
9004685,Buque_004685,Alemania,2014,16859,241,19,15,Naviera_004826
9004686,Buque_004686,Malta,2013,11016,203,55,16,Naviera_004020
9004687,Buque_004687,Malta,1986,6589,278,21,19,Naviera_001451
9004688,Buque_004688,Espana,1994,1220,290,23,10,Naviera_001450
9004689,Buque_004689,Reino Unido,2018,4267,319,28,14,Naviera_004087
9004690,Buque_004690,Brasil,1987,18644,390,11,15,Naviera_002720
9004691,Buque_004691,Hong Kong,2021,13008,246,36,8,Naviera_005992
9004692,Buque_004692,Estados Unidos,2000,19747,172,18,15,Naviera_005382
9004693,Buque_004693,Panama,1997,19314,117,46,11,Naviera_009755
9004694,Buque_004694,China,1995,5708,73,55,5,Naviera_007571
9004695,Buque_004695,Singapur,1981,16552,79,11,6,Naviera_009097
9004696,Buque_004696,Reino Unido,1987,23913,329,27,12,Naviera_006696
9004697,Buque_004697,Hong Kong,2016,20620,269,30,6,Naviera_009425
9004698,Buque_004698,Hong Kong,1986,4242,245,56,14,Naviera_005940
9004699,Buque_004699,Islas Marshall,1986,21704,99,50,15,Naviera_002255
9004700,Buque_004700,Dinamarca,2017,21477,127,17,19,Naviera_009076
9004701,Buque_004701,Malta,1994,14203,244,52,13,Naviera_005523
9004702,Buque_004702,Colombia,2019,5035,169,57,18,Naviera_008070
9004703,Buque_004703,Chile,1991,5628,189,56,18,Naviera_001482
9004704,Buque_004704,Alemania,2009,11479,198,19,11,Naviera_005378
9004705,Buque_004705,Dinamarca,2019,20484,271,38,7,Naviera_006339
9004706,Buque_004706,Mexico,1985,16946,389,16,5,Naviera_001002
9004707,Buque_004707,Chile,2010,7240,355,26,11,Naviera_008777
9004708,Buque_004708,Japon,2021,10693,387,24,14,Naviera_000421
9004709,Buque_004709,Japon,2017,11126,171,40,14,Naviera_000215
9004710,Buque_004710,Liberia,2021,21057,78,45,5,Naviera_009749
9004711,Buque_004711,Alemania,1989,9150,347,35,6,Naviera_001540
9004712,Buque_004712,Estados Unidos,1993,3136,360,37,11,Naviera_002444
9004713,Buque_004713,Chile,1987,2095,101,22,14,Naviera_007816
9004714,Buque_004714,Panama,1980,3262,282,58,15,Naviera_008819
9004715,Buque_004715,China,1988,19940,138,29,12,Naviera_004300
9004716,Buque_004716,Noruega,2022,14789,190,47,6,Naviera_008362
9004717,Buque_004717,Liberia,2024,10655,318,27,9,Naviera_009176
9004718,Buque_004718,Dinamarca,2009,23860,160,20,7,Naviera_002438
9004719,Buque_004719,Grecia,2017,20184,351,56,10,Naviera_009583
9004720,Buque_004720,Singapur,1994,23286,99,19,16,Naviera_001291
9004721,Buque_004721,Bahamas,2005,12210,175,49,12,Naviera_008515
9004722,Buque_004722,Mexico,2000,6256,356,31,7,Naviera_009067
9004723,Buque_004723,Dinamarca,1997,15565,171,26,6,Naviera_009073
9004724,Buque_004724,Colombia,1989,13948,353,16,9,Naviera_004740
9004725,Buque_004725,Panama,2017,10782,238,40,7,Naviera_000917
9004726,Buque_004726,Japon,2023,2946,297,22,12,Naviera_003124
9004727,Buque_004727,Estados Unidos,2013,3284,99,29,15,Naviera_002320
9004728,Buque_004728,Japon,2001,749,128,52,6,Naviera_000491
9004729,Buque_004729,Alemania,1998,21721,315,52,18,Naviera_007368
9004730,Buque_004730,Liberia,1993,16471,152,56,19,Naviera_005114
9004731,Buque_004731,Liberia,2020,5480,188,56,18,Naviera_007136
9004732,Buque_004732,Hong Kong,1989,4249,251,10,10,Naviera_006580
9004733,Buque_004733,Colombia,2000,19995,366,23,19,Naviera_008306
9004734,Buque_004734,Peru,2019,15833,362,34,7,Naviera_001000
9004735,Buque_004735,Malta,1981,17240,397,16,6,Naviera_006323
9004736,Buque_004736,Alemania,1985,5633,103,50,12,Naviera_003094
9004737,Buque_004737,Singapur,2005,13971,248,17,7,Naviera_002492
9004738,Buque_004738,Liberia,2017,1083,188,52,5,Naviera_006836
9004739,Buque_004739,Liberia,2024,1129,392,19,10,Naviera_000298
9004740,Buque_004740,Brasil,2020,2584,180,16,10,Naviera_001570
9004741,Buque_004741,Estados Unidos,2009,13619,98,44,9,Naviera_004283
9004742,Buque_004742,Singapur,2017,1185,237,28,14,Naviera_006982
9004743,Buque_004743,Alemania,1996,19215,89,33,15,Naviera_001398
9004744,Buque_004744,Panama,1992,23928,160,27,5,Naviera_007813
9004745,Buque_004745,Noruega,1992,10284,71,59,5,Naviera_002678
9004746,Buque_004746,Brasil,2000,4608,115,10,13,Naviera_008406
9004747,Buque_004747,Dinamarca,1988,8041,103,33,7,Naviera_005680
9004748,Buque_004748,Islas Marshall,2005,20060,232,17,15,Naviera_006783
9004749,Buque_004749,Grecia,2003,1647,224,26,14,Naviera_007870
9004750,Buque_004750,Alemania,2019,14755,331,22,9,Naviera_008732
9004751,Buque_004751,Espana,2012,2505,376,30,13,Naviera_002366
9004752,Buque_004752,Hong Kong,2005,2674,120,14,15,Naviera_006307
9004753,Buque_004753,Grecia,2014,20748,238,11,17,Naviera_007878
9004754,Buque_004754,Alemania,2009,922,386,14,6,Naviera_001020
9004755,Buque_004755,Espana,2020,10254,293,29,6,Naviera_004553
9004756,Buque_004756,Colombia,1994,17679,139,16,8,Naviera_007056
9004757,Buque_004757,Alemania,1996,21643,398,20,17,Naviera_000199
9004758,Buque_004758,Japon,1999,4142,152,19,16,Naviera_004611
9004759,Buque_004759,Singapur,2021,3441,65,56,13,Naviera_002278
9004760,Buque_004760,Bahamas,2001,7290,168,46,10,Naviera_001118
9004761,Buque_004761,Islas Marshall,1996,20679,378,17,14,Naviera_003552
9004762,Buque_004762,Brasil,1992,17662,227,49,13,Naviera_001238
9004763,Buque_004763,Japon,1996,11279,298,42,19,Naviera_002510
9004764,Buque_004764,Malta,2006,16877,335,50,8,Naviera_009849
9004765,Buque_004765,Islas Marshall,2008,18933,324,50,18,Naviera_007095
9004766,Buque_004766,Mexico,2020,14676,342,53,19,Naviera_003892
9004767,Buque_004767,Chile,2004,17138,262,23,7,Naviera_007443
9004768,Buque_004768,Estados Unidos,2006,16639,166,36,18,Naviera_000140
9004769,Buque_004769,Liberia,2006,12612,295,27,14,Naviera_005269
9004770,Buque_004770,Chile,1998,10897,97,29,19,Naviera_000914
9004771,Buque_004771,Dinamarca,2024,6848,248,15,16,Naviera_009933
9004772,Buque_004772,Japon,2019,8996,188,18,6,Naviera_004649
9004773,Buque_004773,Brasil,2019,11893,284,25,18,Naviera_000773
9004774,Buque_004774,Hong Kong,1981,1093,289,59,12,Naviera_001418
9004775,Buque_004775,Peru,2020,5759,357,59,12,Naviera_004201
9004776,Buque_004776,Liberia,2001,21257,60,17,6,Naviera_000637
9004777,Buque_004777,Mexico,2000,6537,149,53,19,Naviera_004716
9004778,Buque_004778,China,2010,16973,390,12,19,Naviera_004247
9004779,Buque_004779,Grecia,2002,14210,262,58,16,Naviera_001783
9004780,Buque_004780,Chile,2024,7012,282,58,11,Naviera_007272
9004781,Buque_004781,China,2005,20445,128,13,16,Naviera_006034
9004782,Buque_004782,China,1981,19690,167,28,12,Naviera_001642
9004783,Buque_004783,Panama,1989,3661,216,35,14,Naviera_007623
9004784,Buque_004784,Mexico,2006,21068,135,45,6,Naviera_009088
9004785,Buque_004785,Reino Unido,1982,3161,77,42,18,Naviera_003308
9004786,Buque_004786,Brasil,2006,5246,163,42,7,Naviera_006927
9004787,Buque_004787,Japon,1998,13440,195,41,11,Naviera_005004
9004788,Buque_004788,Japon,2023,4833,262,33,6,Naviera_004096
9004789,Buque_004789,Panama,2003,18674,198,35,18,Naviera_003656
9004790,Buque_004790,Liberia,2020,12249,320,27,9,Naviera_007118
9004791,Buque_004791,Mexico,1986,20618,272,26,7,Naviera_008330
9004792,Buque_004792,Singapur,2020,19169,116,22,11,Naviera_001910
9004793,Buque_004793,Grecia,1991,21429,390,18,15,Naviera_000608
9004794,Buque_004794,Dinamarca,1994,7166,131,19,17,Naviera_001830
9004795,Buque_004795,Noruega,1999,4136,252,25,6,Naviera_001433
9004796,Buque_004796,Panama,1990,20213,311,27,11,Naviera_006533
9004797,Buque_004797,Estados Unidos,1995,1745,349,15,9,Naviera_009559
9004798,Buque_004798,Grecia,1993,10488,65,29,13,Naviera_001757
9004799,Buque_004799,Malta,1990,1267,168,33,9,Naviera_009182
9004800,Buque_004800,Reino Unido,1982,9355,97,35,16,Naviera_002344
9004801,Buque_004801,Espana,2025,1235,386,33,14,Naviera_006300
9004802,Buque_004802,Dinamarca,1990,17002,251,49,7,Naviera_009351
9004803,Buque_004803,China,2019,3871,266,44,11,Naviera_007130
9004804,Buque_004804,Reino Unido,1982,19928,173,45,10,Naviera_000058
9004805,Buque_004805,Malta,2014,10760,394,38,5,Naviera_009132
9004806,Buque_004806,Bahamas,2016,21397,92,38,18,Naviera_004122
9004807,Buque_004807,Ecuador,1983,20446,178,37,10,Naviera_009969
9004808,Buque_004808,Dinamarca,2023,17559,51,31,9,Naviera_006091
9004809,Buque_004809,Estados Unidos,2001,20184,270,34,5,Naviera_001457
9004810,Buque_004810,Peru,2013,12214,302,57,9,Naviera_002090
9004811,Buque_004811,Panama,2004,15411,386,23,8,Naviera_006736
9004812,Buque_004812,Japon,2001,5654,121,39,12,Naviera_006077
9004813,Buque_004813,Reino Unido,2013,3359,190,41,17,Naviera_005098
9004814,Buque_004814,Malta,2020,19180,173,13,10,Naviera_009973
9004815,Buque_004815,Grecia,2010,22577,376,10,18,Naviera_008538
9004816,Buque_004816,Noruega,2013,10488,307,25,5,Naviera_004885
9004817,Buque_004817,Malta,2002,14771,177,32,18,Naviera_003337
9004818,Buque_004818,China,1987,12205,113,43,13,Naviera_009031
9004819,Buque_004819,Peru,2007,23006,114,29,6,Naviera_001321
9004820,Buque_004820,Colombia,2025,3430,283,12,16,Naviera_006753
9004821,Buque_004821,Chile,2000,2536,250,36,17,Naviera_009481
9004822,Buque_004822,Estados Unidos,2018,13629,289,19,7,Naviera_003912
9004823,Buque_004823,Japon,2006,14391,301,24,10,Naviera_009738
9004824,Buque_004824,Hong Kong,2000,9386,280,58,16,Naviera_005166
9004825,Buque_004825,Reino Unido,2025,6359,143,23,18,Naviera_006714
9004826,Buque_004826,Chile,2006,20968,86,16,13,Naviera_007266
9004827,Buque_004827,Malta,1992,11207,155,32,12,Naviera_006077
9004828,Buque_004828,Estados Unidos,2013,10318,312,24,8,Naviera_006984
9004829,Buque_004829,Bahamas,1985,23847,139,28,16,Naviera_000600
9004830,Buque_004830,Japon,2020,4581,237,54,19,Naviera_001391
9004831,Buque_004831,Noruega,1981,18128,274,54,17,Naviera_006330
9004832,Buque_004832,Estados Unidos,1985,17725,385,12,9,Naviera_001214
9004833,Buque_004833,Bahamas,2014,1154,377,37,14,Naviera_009283
9004834,Buque_004834,Panama,1985,2497,216,51,14,Naviera_002681
9004835,Buque_004835,Grecia,1991,16267,123,35,18,Naviera_002583
9004836,Buque_004836,Panama,2017,22024,274,28,6,Naviera_005520
9004837,Buque_004837,Hong Kong,1982,7760,263,11,14,Naviera_004141
9004838,Buque_004838,Mexico,1990,19002,285,51,15,Naviera_002766
9004839,Buque_004839,Brasil,2009,23573,190,25,5,Naviera_009280
9004840,Buque_004840,Mexico,1992,21903,152,11,18,Naviera_000516
9004841,Buque_004841,Estados Unidos,2003,8205,151,31,8,Naviera_002074
9004842,Buque_004842,Peru,2005,2377,99,11,18,Naviera_004250
9004843,Buque_004843,Chile,2013,13366,135,50,11,Naviera_009697
9004844,Buque_004844,China,1997,3281,140,24,12,Naviera_009426
9004845,Buque_004845,Chile,1993,3181,72,54,19,Naviera_004187
9004846,Buque_004846,Hong Kong,2010,16830,154,49,6,Naviera_008313
9004847,Buque_004847,Malta,2006,2903,389,58,15,Naviera_000110
9004848,Buque_004848,Peru,2008,4447,396,58,16,Naviera_009108
9004849,Buque_004849,Peru,2012,5427,372,37,11,Naviera_003473
9004850,Buque_004850,Reino Unido,2009,23246,331,42,9,Naviera_009871
9004851,Buque_004851,Peru,2012,5501,150,27,15,Naviera_005381
9004852,Buque_004852,Japon,1999,11954,129,53,14,Naviera_006113
9004853,Buque_004853,Grecia,1987,4292,309,36,14,Naviera_002731
9004854,Buque_004854,China,1984,3452,289,26,17,Naviera_008557
9004855,Buque_004855,Espana,2024,18802,178,17,13,Naviera_002449
9004856,Buque_004856,Liberia,2003,8297,78,49,9,Naviera_008449
9004857,Buque_004857,Mexico,1983,16928,326,28,8,Naviera_006920
9004858,Buque_004858,Espana,2021,5681,87,11,10,Naviera_007662
9004859,Buque_004859,Hong Kong,2016,3598,241,17,10,Naviera_002513
9004860,Buque_004860,Brasil,1995,12381,355,46,16,Naviera_000582
9004861,Buque_004861,Noruega,1990,1921,296,47,9,Naviera_004156
9004862,Buque_004862,Estados Unidos,1980,16611,288,55,19,Naviera_002357
9004863,Buque_004863,Estados Unidos,2016,2398,129,41,17,Naviera_000875
9004864,Buque_004864,Noruega,1992,11943,77,56,19,Naviera_003052
9004865,Buque_004865,Japon,1992,14360,83,52,7,Naviera_004574
9004866,Buque_004866,Grecia,2017,19450,334,54,19,Naviera_006333
9004867,Buque_004867,Chile,2020,20866,145,37,6,Naviera_005078
9004868,Buque_004868,Estados Unidos,2004,22821,302,31,12,Naviera_001260
9004869,Buque_004869,Dinamarca,1997,8091,79,10,16,Naviera_003271
9004870,Buque_004870,Espana,1981,21009,76,29,10,Naviera_000030
9004871,Buque_004871,Islas Marshall,1988,21028,54,16,16,Naviera_003711
9004872,Buque_004872,Chile,1991,2635,210,12,9,Naviera_000351
9004873,Buque_004873,Chile,2015,5175,395,19,19,Naviera_002951
9004874,Buque_004874,Liberia,2019,21431,358,13,5,Naviera_000802
9004875,Buque_004875,Mexico,1994,17367,188,22,13,Naviera_003416
9004876,Buque_004876,Peru,1987,11729,133,21,13,Naviera_000376
9004877,Buque_004877,Espana,2012,3841,91,46,15,Naviera_009062
9004878,Buque_004878,Ecuador,1996,7811,292,11,16,Naviera_008640
9004879,Buque_004879,Noruega,2025,8195,230,19,13,Naviera_002846
9004880,Buque_004880,Chile,1995,6301,154,53,16,Naviera_004697
9004881,Buque_004881,Japon,1997,19770,334,17,13,Naviera_003505
9004882,Buque_004882,Japon,2014,22565,233,46,14,Naviera_000237
9004883,Buque_004883,Alemania,2013,21461,131,31,11,Naviera_003773
9004884,Buque_004884,Colombia,1992,14040,191,24,8,Naviera_001007
9004885,Buque_004885,Alemania,1990,15484,206,59,16,Naviera_004402
9004886,Buque_004886,Bahamas,1990,13326,183,32,5,Naviera_006060
9004887,Buque_004887,Reino Unido,1996,11120,285,56,6,Naviera_006431
9004888,Buque_004888,Brasil,1997,15065,84,31,5,Naviera_004148
9004889,Buque_004889,Liberia,2018,8906,370,57,15,Naviera_005816
9004890,Buque_004890,Mexico,1995,21778,239,57,19,Naviera_002245
9004891,Buque_004891,Brasil,2013,2731,241,19,16,Naviera_001336
9004892,Buque_004892,Islas Marshall,1980,7402,266,45,13,Naviera_004594
9004893,Buque_004893,Estados Unidos,2012,17311,101,10,6,Naviera_009395
9004894,Buque_004894,Liberia,2022,9967,379,12,12,Naviera_009359
9004895,Buque_004895,Noruega,1994,5741,228,53,10,Naviera_008697
9004896,Buque_004896,Brasil,2002,19563,380,30,11,Naviera_003448
9004897,Buque_004897,Islas Marshall,2016,4604,342,31,18,Naviera_003411
9004898,Buque_004898,Panama,2006,746,310,42,7,Naviera_009351
9004899,Buque_004899,Bahamas,2019,19346,276,33,13,Naviera_003712
9004900,Buque_004900,China,2006,17939,163,54,13,Naviera_006570
9004901,Buque_004901,Brasil,1989,22169,366,23,18,Naviera_007656
9004902,Buque_004902,Mexico,2024,16702,243,37,5,Naviera_009268
9004903,Buque_004903,Colombia,2021,15900,305,33,14,Naviera_009240
9004904,Buque_004904,Chile,2020,19707,181,57,6,Naviera_008739
9004905,Buque_004905,Alemania,2013,1423,218,14,10,Naviera_002294
9004906,Buque_004906,Alemania,1990,5963,237,22,13,Naviera_004310
9004907,Buque_004907,Mexico,1997,12753,205,45,10,Naviera_004838
9004908,Buque_004908,Hong Kong,2017,7290,222,19,15,Naviera_002360
9004909,Buque_004909,Estados Unidos,1985,14511,165,33,17,Naviera_009289
9004910,Buque_004910,Mexico,2002,16282,182,19,10,Naviera_003723
9004911,Buque_004911,Espana,2018,4518,254,14,17,Naviera_007881
9004912,Buque_004912,Brasil,2008,2431,374,58,7,Naviera_009248
9004913,Buque_004913,Islas Marshall,1996,4545,53,29,10,Naviera_003320
9004914,Buque_004914,Peru,2002,13761,147,35,10,Naviera_002817
9004915,Buque_004915,China,2007,4717,246,55,12,Naviera_000794
9004916,Buque_004916,Singapur,2014,11709,364,20,8,Naviera_009808
9004917,Buque_004917,Dinamarca,1990,4729,248,27,9,Naviera_005405
9004918,Buque_004918,Liberia,1990,3915,335,17,9,Naviera_002337
9004919,Buque_004919,Bahamas,2017,19838,53,50,16,Naviera_002461
9004920,Buque_004920,Bahamas,2019,19086,192,22,17,Naviera_006401
9004921,Buque_004921,Liberia,1999,17180,50,42,8,Naviera_009868
9004922,Buque_004922,Liberia,2016,10542,57,52,12,Naviera_001606
9004923,Buque_004923,Dinamarca,1985,16095,399,32,11,Naviera_000254
9004924,Buque_004924,Colombia,2025,21373,162,50,14,Naviera_007424
9004925,Buque_004925,Singapur,2003,6294,104,38,18,Naviera_007300
9004926,Buque_004926,Bahamas,1983,3470,381,26,18,Naviera_001994
9004927,Buque_004927,Estados Unidos,1998,17686,278,22,6,Naviera_007954
9004928,Buque_004928,Reino Unido,1998,2747,106,57,13,Naviera_007251
9004929,Buque_004929,Singapur,1983,4288,236,49,8,Naviera_009079
9004930,Buque_004930,Islas Marshall,2015,4754,333,43,12,Naviera_009436
9004931,Buque_004931,Alemania,1984,10661,263,56,19,Naviera_001739
9004932,Buque_004932,Noruega,2001,5436,103,58,11,Naviera_007138
9004933,Buque_004933,Noruega,1985,13266,107,41,17,Naviera_004402
9004934,Buque_004934,Noruega,2022,11419,163,50,15,Naviera_003643
9004935,Buque_004935,Alemania,2020,21563,99,57,18,Naviera_003389
9004936,Buque_004936,Alemania,1989,10244,137,20,19,Naviera_005277
9004937,Buque_004937,Noruega,1997,7112,78,37,14,Naviera_002793
9004938,Buque_004938,Mexico,2014,10458,220,38,14,Naviera_007309
9004939,Buque_004939,Reino Unido,2023,17001,321,21,15,Naviera_004944
9004940,Buque_004940,Reino Unido,1988,20820,284,53,15,Naviera_006211
9004941,Buque_004941,Chile,2012,14035,207,20,17,Naviera_003711
9004942,Buque_004942,Grecia,2009,12220,389,31,12,Naviera_001267
9004943,Buque_004943,Japon,2010,16832,304,41,11,Naviera_009296
9004944,Buque_004944,Alemania,2017,16153,98,11,18,Naviera_001438
9004945,Buque_004945,Hong Kong,1998,3048,144,43,10,Naviera_009876
9004946,Buque_004946,Brasil,1998,3189,79,57,10,Naviera_006725
9004947,Buque_004947,Malta,2016,4331,120,13,19,Naviera_003758
9004948,Buque_004948,Hong Kong,2010,4126,322,26,8,Naviera_001372
9004949,Buque_004949,Espana,2023,17027,200,26,11,Naviera_009115
9004950,Buque_004950,Colombia,1986,17070,358,27,9,Naviera_006477
9004951,Buque_004951,Brasil,2023,22176,348,49,14,Naviera_000706
9004952,Buque_004952,Brasil,2003,2264,73,38,5,Naviera_005242
9004953,Buque_004953,Brasil,1984,14562,124,18,6,Naviera_003716
9004954,Buque_004954,Alemania,2002,21896,352,32,12,Naviera_002898
9004955,Buque_004955,Noruega,1996,20355,147,40,6,Naviera_008546
9004956,Buque_004956,Chile,2000,23859,347,55,10,Naviera_001792
9004957,Buque_004957,Estados Unidos,2006,13607,191,38,17,Naviera_003090
9004958,Buque_004958,Mexico,2012,18111,273,59,18,Naviera_008682
9004959,Buque_004959,Brasil,1999,14733,331,14,6,Naviera_009152
9004960,Buque_004960,Islas Marshall,1994,21818,270,13,5,Naviera_008643
9004961,Buque_004961,Hong Kong,1986,13461,217,10,5,Naviera_006173
9004962,Buque_004962,China,2006,3800,388,48,19,Naviera_004340
9004963,Buque_004963,China,2020,18698,273,19,15,Naviera_001144
9004964,Buque_004964,Estados Unidos,1994,7183,300,59,8,Naviera_007512
9004965,Buque_004965,Alemania,2005,11042,246,23,14,Naviera_007139
9004966,Buque_004966,Bahamas,2012,22577,158,53,5,Naviera_002599
9004967,Buque_004967,Peru,2021,13849,155,30,14,Naviera_001376
9004968,Buque_004968,Hong Kong,2009,11684,178,26,8,Naviera_006721
9004969,Buque_004969,Japon,1992,9295,257,47,9,Naviera_001016
9004970,Buque_004970,Malta,1983,3410,124,47,15,Naviera_003996
9004971,Buque_004971,Noruega,2003,14058,304,24,6,Naviera_002522
9004972,Buque_004972,Colombia,1983,18553,261,58,7,Naviera_000829
9004973,Buque_004973,Espana,1986,15496,107,54,7,Naviera_009994
9004974,Buque_004974,Bahamas,2001,15650,109,35,11,Naviera_001173
9004975,Buque_004975,Ecuador,2020,13949,394,11,12,Naviera_007473
9004976,Buque_004976,China,1991,2956,270,36,7,Naviera_008691
9004977,Buque_004977,Chile,1981,5079,88,47,12,Naviera_007310
9004978,Buque_004978,Espana,1981,17536,175,36,14,Naviera_005716
9004979,Buque_004979,Reino Unido,1996,21176,88,45,18,Naviera_000893
9004980,Buque_004980,Estados Unidos,1988,22418,123,31,10,Naviera_006797
9004981,Buque_004981,Bahamas,2022,6389,147,39,13,Naviera_007619
9004982,Buque_004982,Dinamarca,2014,2164,200,20,10,Naviera_003909
9004983,Buque_004983,Reino Unido,2001,16110,338,47,6,Naviera_002683
9004984,Buque_004984,China,2023,12167,80,30,19,Naviera_000614
9004985,Buque_004985,Bahamas,2015,9997,238,45,10,Naviera_007954
9004986,Buque_004986,Noruega,1985,998,122,25,14,Naviera_000771
9004987,Buque_004987,Estados Unidos,1994,20172,53,34,19,Naviera_002999
9004988,Buque_004988,Malta,1997,14507,367,11,19,Naviera_008924
9004989,Buque_004989,Singapur,2008,8197,350,10,7,Naviera_000195
9004990,Buque_004990,Peru,1981,3259,311,44,19,Naviera_003508
9004991,Buque_004991,Espana,2025,19771,103,53,13,Naviera_006120
9004992,Buque_004992,Dinamarca,1998,3637,345,42,5,Naviera_005284
9004993,Buque_004993,Reino Unido,1988,5200,141,16,7,Naviera_009339
9004994,Buque_004994,Islas Marshall,1996,3933,347,12,18,Naviera_003180
9004995,Buque_004995,Hong Kong,1995,2157,387,21,6,Naviera_005663
9004996,Buque_004996,Liberia,2017,13382,102,38,17,Naviera_008122
9004997,Buque_004997,Alemania,1998,23529,322,27,12,Naviera_001533
9004998,Buque_004998,Peru,2009,11035,395,11,17,Naviera_004081
9004999,Buque_004999,Chile,1991,10361,187,17,16,Naviera_000990
9005000,Buque_005000,Espana,1987,17819,275,19,15,Naviera_001266
9005001,Buque_005001,Mexico,2006,23794,394,16,15,Naviera_001483
9005002,Buque_005002,Liberia,2018,23800,247,48,7,Naviera_009014
9005003,Buque_005003,Alemania,1996,10048,139,25,9,Naviera_008798
9005004,Buque_005004,Alemania,2004,18042,85,40,10,Naviera_005589
9005005,Buque_005005,China,1984,14960,261,24,16,Naviera_007901
9005006,Buque_005006,Reino Unido,1994,5754,256,18,12,Naviera_004315
9005007,Buque_005007,Grecia,2016,6612,143,36,5,Naviera_003207
9005008,Buque_005008,Colombia,2023,6162,377,17,9,Naviera_003960
9005009,Buque_005009,Colombia,2017,15620,344,50,12,Naviera_006117
9005010,Buque_005010,Colombia,1995,18659,73,24,15,Naviera_007524
9005011,Buque_005011,Peru,1991,14628,141,21,17,Naviera_009346
9005012,Buque_005012,Islas Marshall,1984,1221,252,12,10,Naviera_001832
9005013,Buque_005013,Peru,2020,4313,207,51,10,Naviera_006611
9005014,Buque_005014,Ecuador,2006,3429,133,54,18,Naviera_008053
9005015,Buque_005015,Alemania,1995,14124,380,48,11,Naviera_004411
9005016,Buque_005016,Espana,2010,2375,77,53,7,Naviera_004588
9005017,Buque_005017,Brasil,1997,6033,205,33,15,Naviera_008071
9005018,Buque_005018,Reino Unido,2013,18276,315,21,17,Naviera_007859
9005019,Buque_005019,Liberia,2009,2491,100,25,7,Naviera_002531
9005020,Buque_005020,Liberia,2011,4296,383,34,8,Naviera_001322
9005021,Buque_005021,Hong Kong,1994,10154,194,32,5,Naviera_003626
9005022,Buque_005022,Mexico,2001,18231,340,43,19,Naviera_000452
9005023,Buque_005023,Singapur,2014,14890,114,26,14,Naviera_005340
9005024,Buque_005024,Colombia,2025,15732,277,44,8,Naviera_001819
9005025,Buque_005025,Mexico,2022,5668,139,25,7,Naviera_009971
9005026,Buque_005026,Malta,2012,1719,135,26,18,Naviera_008199
9005027,Buque_005027,Espana,1995,9810,153,34,7,Naviera_003299
9005028,Buque_005028,Ecuador,1990,17378,192,25,8,Naviera_001382
9005029,Buque_005029,Bahamas,1995,15522,185,17,11,Naviera_008216
9005030,Buque_005030,Panama,2018,12153,120,21,11,Naviera_005989
9005031,Buque_005031,Chile,1988,7552,79,49,15,Naviera_001087
9005032,Buque_005032,Colombia,1998,14720,312,20,6,Naviera_001973
9005033,Buque_005033,Singapur,2008,21274,372,16,19,Naviera_004341
9005034,Buque_005034,Estados Unidos,2013,23984,370,31,7,Naviera_001917
9005035,Buque_005035,Panama,1981,5774,90,25,6,Naviera_007267
9005036,Buque_005036,Alemania,1986,8310,169,24,19,Naviera_004268
9005037,Buque_005037,Panama,2001,23046,171,27,11,Naviera_005785
9005038,Buque_005038,Colombia,2008,15274,355,48,7,Naviera_003149
9005039,Buque_005039,Panama,2000,14701,127,51,8,Naviera_007207
9005040,Buque_005040,Colombia,1992,10081,234,44,15,Naviera_000565
9005041,Buque_005041,Ecuador,1987,3305,62,38,6,Naviera_001075
9005042,Buque_005042,Reino Unido,2009,11077,172,37,8,Naviera_007314
9005043,Buque_005043,Hong Kong,2009,21756,398,41,11,Naviera_009168
9005044,Buque_005044,Ecuador,1987,13701,79,18,12,Naviera_001779
9005045,Buque_005045,Hong Kong,2012,6585,66,52,16,Naviera_001525
9005046,Buque_005046,Noruega,1996,12232,244,30,12,Naviera_006917
9005047,Buque_005047,Panama,1997,13917,145,44,7,Naviera_001484
9005048,Buque_005048,Liberia,2009,22512,355,28,9,Naviera_000989
9005049,Buque_005049,Reino Unido,2002,4915,394,31,18,Naviera_005692
9005050,Buque_005050,Bahamas,1981,14069,222,47,13,Naviera_007998
9005051,Buque_005051,Panama,2012,22483,101,35,19,Naviera_007007
9005052,Buque_005052,Ecuador,2000,9422,150,15,7,Naviera_001614
9005053,Buque_005053,Chile,2003,9692,271,11,8,Naviera_002461
9005054,Buque_005054,Dinamarca,2013,11442,319,51,5,Naviera_003607
9005055,Buque_005055,Bahamas,2006,17198,269,10,9,Naviera_008419
9005056,Buque_005056,Colombia,1981,16473,164,20,11,Naviera_003181
9005057,Buque_005057,Ecuador,1986,16663,358,59,13,Naviera_003617
9005058,Buque_005058,Hong Kong,2016,21451,167,47,18,Naviera_004889
9005059,Buque_005059,Reino Unido,2009,16847,176,28,16,Naviera_009275
9005060,Buque_005060,Estados Unidos,1990,5508,139,43,11,Naviera_004592
9005061,Buque_005061,Noruega,1993,19034,358,13,18,Naviera_008643
9005062,Buque_005062,Colombia,1989,5366,291,14,10,Naviera_001440
9005063,Buque_005063,Liberia,1989,18422,90,43,17,Naviera_007068
9005064,Buque_005064,Estados Unidos,2013,9617,286,41,11,Naviera_007210
9005065,Buque_005065,Reino Unido,1989,19077,244,46,13,Naviera_005632
9005066,Buque_005066,Mexico,2008,12179,115,11,12,Naviera_004019
9005067,Buque_005067,Dinamarca,2024,6669,58,14,17,Naviera_008803
9005068,Buque_005068,Alemania,2010,977,228,55,6,Naviera_002122
9005069,Buque_005069,Estados Unidos,1984,17207,129,52,19,Naviera_008999
9005070,Buque_005070,Reino Unido,1992,7490,147,32,14,Naviera_008794
9005071,Buque_005071,Bahamas,2014,1055,85,51,6,Naviera_003298
9005072,Buque_005072,Chile,1994,17657,95,33,7,Naviera_009698
9005073,Buque_005073,Grecia,2020,10823,158,54,14,Naviera_002274
9005074,Buque_005074,Noruega,2017,3044,121,28,16,Naviera_006862
9005075,Buque_005075,Brasil,1999,19300,339,33,5,Naviera_007470
9005076,Buque_005076,Reino Unido,2021,10167,98,59,19,Naviera_008796
9005077,Buque_005077,China,2001,23817,195,54,5,Naviera_009279
9005078,Buque_005078,Peru,1999,3375,152,16,18,Naviera_001134
9005079,Buque_005079,Malta,2018,21461,175,19,15,Naviera_005681
9005080,Buque_005080,China,2004,23105,353,49,13,Naviera_005362
9005081,Buque_005081,Grecia,2017,2269,240,31,15,Naviera_001289
9005082,Buque_005082,Alemania,1989,13588,93,10,13,Naviera_006908
9005083,Buque_005083,Mexico,1981,6665,218,45,5,Naviera_003123
9005084,Buque_005084,Noruega,1995,6613,86,43,18,Naviera_002060
9005085,Buque_005085,Grecia,1992,11098,279,29,5,Naviera_001578
9005086,Buque_005086,Malta,1999,22108,379,32,16,Naviera_000583
9005087,Buque_005087,Bahamas,1991,13798,205,14,12,Naviera_006213
9005088,Buque_005088,Colombia,2013,2907,391,14,13,Naviera_000374
9005089,Buque_005089,Noruega,2007,23819,104,19,13,Naviera_008935
9005090,Buque_005090,Bahamas,1993,9432,277,49,7,Naviera_008940
9005091,Buque_005091,Dinamarca,2019,8896,198,56,10,Naviera_009609
9005092,Buque_005092,Reino Unido,2007,9985,205,45,18,Naviera_002632
9005093,Buque_005093,Brasil,1987,21513,233,53,16,Naviera_009948
9005094,Buque_005094,China,1998,11025,196,29,5,Naviera_003191
9005095,Buque_005095,Espana,1995,14490,131,18,12,Naviera_005571
9005096,Buque_005096,Bahamas,2011,12602,324,13,5,Naviera_005708
9005097,Buque_005097,Brasil,2022,3176,312,19,5,Naviera_009006
9005098,Buque_005098,Estados Unidos,1984,21183,202,14,15,Naviera_003142
9005099,Buque_005099,Chile,2023,1828,316,18,10,Naviera_004616
9005100,Buque_005100,Chile,1996,14486,317,43,18,Naviera_003014
9005101,Buque_005101,Liberia,1991,22452,157,43,13,Naviera_000332
9005102,Buque_005102,Estados Unidos,1999,8565,229,56,14,Naviera_001121
9005103,Buque_005103,Bahamas,1995,16253,258,44,8,Naviera_005738
9005104,Buque_005104,Singapur,2024,9221,391,48,12,Naviera_009385
9005105,Buque_005105,Grecia,2013,4851,53,33,17,Naviera_002607
9005106,Buque_005106,Grecia,1994,14442,83,51,8,Naviera_009562
9005107,Buque_005107,Colombia,2012,9192,310,34,11,Naviera_008651
9005108,Buque_005108,Mexico,2010,4979,169,22,16,Naviera_004259
9005109,Buque_005109,Bahamas,2024,7915,392,25,12,Naviera_004146
9005110,Buque_005110,Colombia,2006,21372,355,35,7,Naviera_004938
9005111,Buque_005111,Mexico,2005,11482,57,59,18,Naviera_000492
9005112,Buque_005112,Grecia,1994,17743,261,40,17,Naviera_000017
9005113,Buque_005113,Liberia,1980,4089,231,25,18,Naviera_009391
9005114,Buque_005114,Noruega,2021,4486,198,37,16,Naviera_003782
9005115,Buque_005115,Liberia,2016,13324,392,30,11,Naviera_001834
9005116,Buque_005116,Reino Unido,1992,3945,279,23,7,Naviera_002335
9005117,Buque_005117,Singapur,2024,10038,94,16,19,Naviera_009770
9005118,Buque_005118,Estados Unidos,1996,17453,56,31,12,Naviera_005807
9005119,Buque_005119,Singapur,1983,19315,323,43,11,Naviera_006775
9005120,Buque_005120,Noruega,2021,23403,174,34,17,Naviera_006367
9005121,Buque_005121,Mexico,2018,12856,73,34,16,Naviera_004952
9005122,Buque_005122,Dinamarca,2014,23341,345,46,5,Naviera_000587
9005123,Buque_005123,Panama,1982,20656,316,57,5,Naviera_008529
9005124,Buque_005124,Singapur,2000,17186,288,19,12,Naviera_007441
9005125,Buque_005125,Mexico,2019,15018,272,14,12,Naviera_007748
9005126,Buque_005126,Peru,2017,20181,333,38,17,Naviera_004479
9005127,Buque_005127,Hong Kong,2021,11878,73,39,5,Naviera_008234
9005128,Buque_005128,Estados Unidos,2016,14511,389,54,5,Naviera_007749
9005129,Buque_005129,Japon,2005,15068,266,51,19,Naviera_002953
9005130,Buque_005130,Reino Unido,1999,10891,195,12,15,Naviera_003773
9005131,Buque_005131,Estados Unidos,1980,2054,255,41,5,Naviera_004746
9005132,Buque_005132,Alemania,1992,21334,59,20,9,Naviera_006241
9005133,Buque_005133,Estados Unidos,2023,8771,311,48,15,Naviera_009496
9005134,Buque_005134,Mexico,1994,8964,374,58,10,Naviera_008327
9005135,Buque_005135,Panama,2001,16045,289,40,9,Naviera_005913
9005136,Buque_005136,Panama,1980,3652,392,57,14,Naviera_007521
9005137,Buque_005137,Islas Marshall,1980,922,225,48,6,Naviera_008991
9005138,Buque_005138,Bahamas,2018,688,74,42,12,Naviera_003546
9005139,Buque_005139,Colombia,2019,13743,50,55,11,Naviera_007155
9005140,Buque_005140,Ecuador,2006,10803,240,50,9,Naviera_001961
9005141,Buque_005141,Brasil,2004,6725,235,39,9,Naviera_001864
9005142,Buque_005142,Grecia,2022,13612,59,16,14,Naviera_003760
9005143,Buque_005143,Japon,2020,20080,232,11,10,Naviera_006248
9005144,Buque_005144,Grecia,1987,9236,358,11,6,Naviera_002410
9005145,Buque_005145,Noruega,2016,9558,310,46,15,Naviera_005450
9005146,Buque_005146,Malta,2009,22963,228,12,15,Naviera_006126
9005147,Buque_005147,Estados Unidos,2014,23424,82,17,14,Naviera_009947
9005148,Buque_005148,Chile,1989,20993,221,15,12,Naviera_005855
9005149,Buque_005149,Japon,2022,21979,132,43,17,Naviera_005523
9005150,Buque_005150,Bahamas,2023,9264,356,23,17,Naviera_004280
9005151,Buque_005151,Hong Kong,2018,16985,277,46,8,Naviera_007836
9005152,Buque_005152,China,2015,5846,278,43,6,Naviera_004475
9005153,Buque_005153,Liberia,1981,6987,346,11,6,Naviera_004477
9005154,Buque_005154,Panama,1992,22758,56,22,16,Naviera_006436
9005155,Buque_005155,Islas Marshall,2023,22634,236,16,11,Naviera_007607
9005156,Buque_005156,Alemania,1982,5477,367,24,10,Naviera_003076
9005157,Buque_005157,Mexico,2011,10938,286,13,5,Naviera_005350
9005158,Buque_005158,Alemania,2019,19515,364,21,11,Naviera_000061
9005159,Buque_005159,Chile,2000,12690,365,57,9,Naviera_005820
9005160,Buque_005160,Singapur,2019,22905,80,48,19,Naviera_002190
9005161,Buque_005161,Mexico,2001,23363,187,28,17,Naviera_002200
9005162,Buque_005162,Malta,2002,945,170,26,16,Naviera_007316
9005163,Buque_005163,Bahamas,1984,4611,283,19,12,Naviera_008022
9005164,Buque_005164,Estados Unidos,2018,5377,125,43,8,Naviera_007512
9005165,Buque_005165,Singapur,2004,8541,317,21,12,Naviera_001710
9005166,Buque_005166,Mexico,1986,4636,285,12,6,Naviera_006594
9005167,Buque_005167,Malta,2001,8547,136,44,12,Naviera_000270
9005168,Buque_005168,Malta,2025,12492,232,18,10,Naviera_002152
9005169,Buque_005169,Chile,2002,2949,310,33,7,Naviera_009698
9005170,Buque_005170,Noruega,1999,7154,129,30,14,Naviera_006828
9005171,Buque_005171,Dinamarca,1985,7812,232,11,17,Naviera_000008
9005172,Buque_005172,Grecia,2002,13330,293,20,10,Naviera_008237
9005173,Buque_005173,Alemania,2004,19439,164,53,6,Naviera_009816
9005174,Buque_005174,Hong Kong,2013,2672,133,28,15,Naviera_002278
9005175,Buque_005175,Espana,2020,23660,306,42,17,Naviera_006277
9005176,Buque_005176,Noruega,2012,22288,86,48,19,Naviera_003360
9005177,Buque_005177,Peru,2018,17703,212,52,12,Naviera_008932
9005178,Buque_005178,Grecia,2014,16338,159,56,16,Naviera_008292
9005179,Buque_005179,Mexico,2000,13971,307,27,13,Naviera_004449
9005180,Buque_005180,Espana,1983,21665,335,58,15,Naviera_008733
9005181,Buque_005181,Hong Kong,2002,3928,360,45,8,Naviera_001210
9005182,Buque_005182,Islas Marshall,2004,14363,305,28,5,Naviera_003729
9005183,Buque_005183,Colombia,2014,22438,256,37,11,Naviera_009981
9005184,Buque_005184,Peru,2004,13926,139,22,17,Naviera_000162
9005185,Buque_005185,Hong Kong,2001,9008,186,26,11,Naviera_001146
9005186,Buque_005186,Peru,2018,6839,244,39,7,Naviera_006436
9005187,Buque_005187,Ecuador,2025,18944,277,50,8,Naviera_007583
9005188,Buque_005188,Alemania,2011,19393,112,38,18,Naviera_006965
9005189,Buque_005189,Alemania,1983,19577,327,26,18,Naviera_001090
9005190,Buque_005190,Malta,2007,5835,235,18,13,Naviera_008918
9005191,Buque_005191,Alemania,2001,17159,131,35,8,Naviera_009279
9005192,Buque_005192,Panama,2018,18063,233,47,19,Naviera_009425
9005193,Buque_005193,Reino Unido,2011,7220,347,34,19,Naviera_009420
9005194,Buque_005194,Espana,2013,2391,380,49,18,Naviera_000905
9005195,Buque_005195,Estados Unidos,2010,14874,381,44,10,Naviera_003109
9005196,Buque_005196,Brasil,1999,1201,214,38,5,Naviera_003438
9005197,Buque_005197,Grecia,2008,9906,288,25,12,Naviera_002899
9005198,Buque_005198,Colombia,2005,4715,58,54,9,Naviera_000457
9005199,Buque_005199,Brasil,2013,2080,228,13,14,Naviera_008370
9005200,Buque_005200,Bahamas,1981,15912,258,32,15,Naviera_004473
9005201,Buque_005201,Espana,1991,22514,333,55,18,Naviera_000033
9005202,Buque_005202,Mexico,1997,6281,365,26,7,Naviera_009431
9005203,Buque_005203,Bahamas,2024,18443,395,54,6,Naviera_006715
9005204,Buque_005204,Alemania,2023,20645,115,39,11,Naviera_005469
9005205,Buque_005205,Malta,1996,22796,127,37,19,Naviera_001877
9005206,Buque_005206,Estados Unidos,1996,14034,392,55,10,Naviera_003666
9005207,Buque_005207,Singapur,2016,10084,70,22,14,Naviera_002532
9005208,Buque_005208,Alemania,1993,14847,157,37,11,Naviera_000527
9005209,Buque_005209,Japon,1991,17705,345,41,18,Naviera_005329
9005210,Buque_005210,Chile,2017,6256,297,33,19,Naviera_006596
9005211,Buque_005211,Singapur,1987,2106,355,11,10,Naviera_003614
9005212,Buque_005212,Malta,1991,14009,69,23,16,Naviera_009637
9005213,Buque_005213,Panama,2005,4426,218,51,14,Naviera_005148
9005214,Buque_005214,Brasil,2023,18512,387,26,7,Naviera_003363
9005215,Buque_005215,Japon,1997,15559,103,56,14,Naviera_000463
9005216,Buque_005216,Panama,2000,2429,165,40,9,Naviera_000587
9005217,Buque_005217,Alemania,1993,23802,333,30,13,Naviera_005147
9005218,Buque_005218,Bahamas,1998,4197,105,13,9,Naviera_004059
9005219,Buque_005219,Colombia,2013,21367,112,34,18,Naviera_009065
9005220,Buque_005220,Hong Kong,2014,5036,324,32,9,Naviera_005575
9005221,Buque_005221,Ecuador,2025,17565,278,46,7,Naviera_009787
9005222,Buque_005222,Malta,2004,11224,95,18,12,Naviera_006778
9005223,Buque_005223,Colombia,2012,19095,61,31,8,Naviera_009149
9005224,Buque_005224,Alemania,1982,8028,384,38,13,Naviera_005540
9005225,Buque_005225,Brasil,1992,22587,332,15,11,Naviera_003723
9005226,Buque_005226,Islas Marshall,1997,11336,120,32,6,Naviera_002886
9005227,Buque_005227,Brasil,2025,15042,344,57,6,Naviera_006933
9005228,Buque_005228,Alemania,1999,18292,385,39,17,Naviera_003910
9005229,Buque_005229,Islas Marshall,1996,11664,96,20,15,Naviera_007129
9005230,Buque_005230,Mexico,2007,12671,62,57,18,Naviera_003461
9005231,Buque_005231,Japon,1995,3456,231,44,17,Naviera_008277
9005232,Buque_005232,Peru,1985,17781,296,25,9,Naviera_004541
9005233,Buque_005233,Liberia,2004,21212,62,31,5,Naviera_005726
9005234,Buque_005234,Dinamarca,2010,23626,284,31,14,Naviera_000633
9005235,Buque_005235,Dinamarca,1990,7870,160,38,18,Naviera_006702
9005236,Buque_005236,Liberia,1988,12017,241,45,17,Naviera_004503
9005237,Buque_005237,Estados Unidos,2024,22107,297,27,10,Naviera_004953
9005238,Buque_005238,Liberia,2004,6360,256,27,6,Naviera_003353
9005239,Buque_005239,Brasil,2001,18065,290,41,8,Naviera_002106
9005240,Buque_005240,Malta,1990,19519,287,45,9,Naviera_000246
9005241,Buque_005241,Malta,2004,17966,68,54,10,Naviera_008765
9005242,Buque_005242,China,1991,6521,223,34,9,Naviera_003996
9005243,Buque_005243,Reino Unido,2001,3209,294,40,7,Naviera_001051
9005244,Buque_005244,Chile,2008,9980,315,27,9,Naviera_009655
9005245,Buque_005245,Hong Kong,1990,6556,243,45,8,Naviera_004040
9005246,Buque_005246,Islas Marshall,1989,16760,314,49,16,Naviera_008595
9005247,Buque_005247,Alemania,2009,23143,324,55,12,Naviera_007269
9005248,Buque_005248,Liberia,1990,19073,141,55,8,Naviera_006685
9005249,Buque_005249,Reino Unido,2008,2712,108,27,19,Naviera_005266
9005250,Buque_005250,Chile,1984,21669,297,49,5,Naviera_004162
9005251,Buque_005251,Chile,2014,21851,224,50,16,Naviera_008149
9005252,Buque_005252,Colombia,2024,5689,180,51,19,Naviera_002464
9005253,Buque_005253,Chile,2009,16376,374,44,16,Naviera_003870
9005254,Buque_005254,Malta,1988,2444,78,43,19,Naviera_001193
9005255,Buque_005255,Malta,2016,18247,278,32,7,Naviera_006233
9005256,Buque_005256,Mexico,1984,8354,178,27,8,Naviera_007452
9005257,Buque_005257,China,1998,1052,136,11,10,Naviera_003124
9005258,Buque_005258,Reino Unido,2003,8708,261,45,13,Naviera_006348
9005259,Buque_005259,Noruega,2007,20125,135,59,18,Naviera_001106
9005260,Buque_005260,Peru,2008,6916,334,26,9,Naviera_005970
9005261,Buque_005261,Mexico,1984,7791,184,45,10,Naviera_006110
9005262,Buque_005262,Mexico,1991,6430,120,11,7,Naviera_005873
9005263,Buque_005263,Espana,1988,23111,245,50,8,Naviera_001589
9005264,Buque_005264,Reino Unido,1993,18877,91,12,10,Naviera_006384
9005265,Buque_005265,Islas Marshall,1998,18807,111,29,11,Naviera_001904
9005266,Buque_005266,Singapur,1982,11341,263,39,10,Naviera_007035
9005267,Buque_005267,Mexico,1987,13727,55,22,16,Naviera_009395
9005268,Buque_005268,Grecia,1989,13186,201,36,16,Naviera_008965
9005269,Buque_005269,Hong Kong,2022,13580,399,14,13,Naviera_008008
9005270,Buque_005270,Peru,2018,18328,70,35,10,Naviera_001966
9005271,Buque_005271,Grecia,1998,10661,281,46,15,Naviera_000545
9005272,Buque_005272,Espana,2005,16557,339,50,14,Naviera_007655
9005273,Buque_005273,Japon,2002,10439,199,19,8,Naviera_000755
9005274,Buque_005274,Reino Unido,1980,1706,312,31,12,Naviera_003153
9005275,Buque_005275,Singapur,1992,20691,289,20,11,Naviera_001329
9005276,Buque_005276,Bahamas,2019,12619,253,37,14,Naviera_004458
9005277,Buque_005277,Alemania,2004,20403,307,32,6,Naviera_009735
9005278,Buque_005278,Mexico,2010,8583,60,39,14,Naviera_009390
9005279,Buque_005279,Liberia,1987,15689,231,22,6,Naviera_004624
9005280,Buque_005280,Bahamas,2021,6248,219,47,17,Naviera_001207
9005281,Buque_005281,Espana,2014,11999,128,53,8,Naviera_009230
9005282,Buque_005282,Espana,1990,3400,264,16,6,Naviera_003016
9005283,Buque_005283,Dinamarca,1995,18286,345,43,8,Naviera_001735
9005284,Buque_005284,Estados Unidos,2009,7961,324,37,12,Naviera_009301
9005285,Buque_005285,China,2013,19172,289,46,15,Naviera_007043
9005286,Buque_005286,Noruega,2014,8368,82,45,9,Naviera_002492
9005287,Buque_005287,Reino Unido,2005,5085,198,50,8,Naviera_002955
9005288,Buque_005288,Colombia,2014,3916,301,22,19,Naviera_006266
9005289,Buque_005289,Peru,1982,23218,80,14,5,Naviera_006540
9005290,Buque_005290,Colombia,2021,9961,84,52,10,Naviera_008165
9005291,Buque_005291,Alemania,1998,19597,155,13,15,Naviera_005409
9005292,Buque_005292,Grecia,1999,16283,268,42,15,Naviera_007696
9005293,Buque_005293,Espana,1981,18444,395,43,10,Naviera_008298
9005294,Buque_005294,Mexico,2005,1799,257,42,6,Naviera_004852
9005295,Buque_005295,Chile,1993,8625,56,32,16,Naviera_003621
9005296,Buque_005296,Islas Marshall,1986,17157,69,54,14,Naviera_005599
9005297,Buque_005297,Colombia,1987,9400,138,29,18,Naviera_009819
9005298,Buque_005298,Ecuador,1993,16509,309,21,13,Naviera_009163
9005299,Buque_005299,Mexico,2017,6471,297,24,16,Naviera_008849
9005300,Buque_005300,Alemania,1987,1138,166,35,6,Naviera_006751
9005301,Buque_005301,Peru,2023,23297,106,15,12,Naviera_002121
9005302,Buque_005302,Espana,2024,22148,106,18,12,Naviera_008610
9005303,Buque_005303,Mexico,2013,12429,397,14,8,Naviera_004278
9005304,Buque_005304,Colombia,2024,14556,118,32,18,Naviera_004531
9005305,Buque_005305,Islas Marshall,2019,20727,288,54,9,Naviera_006913
9005306,Buque_005306,Ecuador,1995,23776,104,54,6,Naviera_001928
9005307,Buque_005307,Dinamarca,2021,5685,74,41,14,Naviera_005309
9005308,Buque_005308,Hong Kong,1991,7356,143,55,17,Naviera_003331
9005309,Buque_005309,Singapur,2001,3868,262,46,6,Naviera_002922
9005310,Buque_005310,Japon,2013,5370,235,19,10,Naviera_006358
9005311,Buque_005311,Mexico,1988,11748,392,49,14,Naviera_002735
9005312,Buque_005312,Malta,1982,15668,398,41,15,Naviera_004497
9005313,Buque_005313,Singapur,1984,20392,234,47,14,Naviera_002702
9005314,Buque_005314,Liberia,1981,18551,388,58,9,Naviera_009707
9005315,Buque_005315,Islas Marshall,1998,7759,365,52,10,Naviera_000961
9005316,Buque_005316,Bahamas,2008,14015,104,27,19,Naviera_003064
9005317,Buque_005317,Singapur,1987,17474,175,50,9,Naviera_004339
9005318,Buque_005318,Chile,1995,12724,199,54,7,Naviera_007810
9005319,Buque_005319,China,2010,10397,146,17,5,Naviera_003336
9005320,Buque_005320,Islas Marshall,1997,15755,136,35,6,Naviera_000170
9005321,Buque_005321,Islas Marshall,1989,1822,360,56,11,Naviera_007850
9005322,Buque_005322,Reino Unido,1998,6769,393,31,12,Naviera_000246
9005323,Buque_005323,Reino Unido,1990,20707,389,45,17,Naviera_007743
9005324,Buque_005324,Noruega,1998,23107,380,49,14,Naviera_000066
9005325,Buque_005325,Brasil,2012,2853,62,57,7,Naviera_005925
9005326,Buque_005326,Singapur,1984,4810,171,30,18,Naviera_007543
9005327,Buque_005327,Liberia,1991,18552,387,28,14,Naviera_001174
9005328,Buque_005328,Espana,2004,12538,280,40,8,Naviera_005202
9005329,Buque_005329,Islas Marshall,2002,16014,205,53,13,Naviera_006886
9005330,Buque_005330,Singapur,2019,12379,120,19,6,Naviera_007493
9005331,Buque_005331,Japon,2014,8093,394,56,6,Naviera_003929
9005332,Buque_005332,Peru,1993,12685,96,40,17,Naviera_006655
9005333,Buque_005333,Estados Unidos,1992,6010,222,51,19,Naviera_002160
9005334,Buque_005334,Japon,2021,1188,216,33,15,Naviera_008068
9005335,Buque_005335,Noruega,1999,6086,203,24,12,Naviera_006246
9005336,Buque_005336,Dinamarca,1982,22573,164,22,11,Naviera_001580
9005337,Buque_005337,Dinamarca,2019,7908,384,58,19,Naviera_002961
9005338,Buque_005338,Singapur,1995,15635,64,59,18,Naviera_007445
9005339,Buque_005339,Alemania,2015,21879,253,30,7,Naviera_009016
9005340,Buque_005340,Liberia,2017,8618,148,33,16,Naviera_002014
9005341,Buque_005341,Hong Kong,2021,19044,298,15,11,Naviera_006393
9005342,Buque_005342,Espana,1987,19028,218,34,16,Naviera_008543
9005343,Buque_005343,China,1999,20110,312,38,13,Naviera_007594
9005344,Buque_005344,Singapur,1990,6430,358,19,9,Naviera_007824
9005345,Buque_005345,Grecia,1981,12854,345,27,17,Naviera_004347
9005346,Buque_005346,Singapur,1999,791,366,26,13,Naviera_002520
9005347,Buque_005347,Colombia,1984,21733,216,36,7,Naviera_006386
9005348,Buque_005348,Liberia,1980,20652,231,48,14,Naviera_001313
9005349,Buque_005349,Ecuador,2025,5686,217,55,8,Naviera_007290
9005350,Buque_005350,Grecia,2019,19170,377,24,11,Naviera_003163
9005351,Buque_005351,Estados Unidos,2003,5649,290,38,11,Naviera_007092
9005352,Buque_005352,Hong Kong,1986,18328,51,24,16,Naviera_009832
9005353,Buque_005353,Dinamarca,1981,10415,186,24,14,Naviera_000970
9005354,Buque_005354,Malta,2006,7840,356,44,9,Naviera_004593
9005355,Buque_005355,Singapur,2005,23466,54,54,19,Naviera_001577
9005356,Buque_005356,Alemania,2018,13782,223,47,8,Naviera_008039
9005357,Buque_005357,Estados Unidos,1983,21072,68,28,6,Naviera_003466
9005358,Buque_005358,Malta,1982,18935,230,48,18,Naviera_008336
9005359,Buque_005359,Colombia,2015,1708,198,44,15,Naviera_005742
9005360,Buque_005360,Alemania,1991,3737,210,57,6,Naviera_000598
9005361,Buque_005361,Noruega,2002,5233,58,22,8,Naviera_009338
9005362,Buque_005362,Malta,2019,15577,253,22,18,Naviera_000302
9005363,Buque_005363,China,1994,3978,77,36,10,Naviera_005391
9005364,Buque_005364,Espana,2002,4579,307,18,15,Naviera_006383
9005365,Buque_005365,Bahamas,2012,16764,385,42,15,Naviera_004899
9005366,Buque_005366,Bahamas,2024,11650,353,16,14,Naviera_003260
9005367,Buque_005367,Hong Kong,2004,19587,243,18,17,Naviera_001395
9005368,Buque_005368,Singapur,1994,9993,294,30,9,Naviera_006042
9005369,Buque_005369,Colombia,1995,21101,395,47,19,Naviera_009442
9005370,Buque_005370,Reino Unido,2020,8822,215,54,17,Naviera_001205
9005371,Buque_005371,Noruega,2008,18269,380,32,12,Naviera_002819
9005372,Buque_005372,Peru,2023,11182,141,11,14,Naviera_009407
9005373,Buque_005373,Noruega,2003,18644,234,44,14,Naviera_005735
9005374,Buque_005374,Colombia,2025,4692,209,28,10,Naviera_003917
9005375,Buque_005375,Bahamas,2006,7239,99,42,9,Naviera_006544
9005376,Buque_005376,China,2014,21836,169,29,15,Naviera_001385
9005377,Buque_005377,Estados Unidos,2002,11544,133,40,10,Naviera_002102
9005378,Buque_005378,Brasil,1997,14729,392,56,18,Naviera_008258
9005379,Buque_005379,Dinamarca,2021,5979,245,43,8,Naviera_009024
9005380,Buque_005380,Hong Kong,1991,2502,224,42,16,Naviera_001275
9005381,Buque_005381,Alemania,1988,523,247,36,7,Naviera_009683
9005382,Buque_005382,Brasil,1986,15583,67,41,10,Naviera_005605
9005383,Buque_005383,Japon,1999,22983,327,36,18,Naviera_003860
9005384,Buque_005384,Grecia,1989,17300,97,14,16,Naviera_008854
9005385,Buque_005385,Bahamas,2012,17478,160,56,17,Naviera_000472
9005386,Buque_005386,Liberia,1981,2858,353,42,15,Naviera_007672
9005387,Buque_005387,Espana,2021,6458,53,34,19,Naviera_003638
9005388,Buque_005388,Bahamas,2014,20492,224,36,8,Naviera_001116
9005389,Buque_005389,Hong Kong,1991,5253,344,54,9,Naviera_002903
9005390,Buque_005390,China,1995,9147,380,50,15,Naviera_005951
9005391,Buque_005391,Colombia,1982,8197,214,14,11,Naviera_000822
9005392,Buque_005392,Alemania,1997,9761,176,50,19,Naviera_000220
9005393,Buque_005393,Islas Marshall,2020,17499,388,58,11,Naviera_002911
9005394,Buque_005394,Mexico,1997,12674,81,29,6,Naviera_003286
9005395,Buque_005395,Reino Unido,2021,9992,307,44,16,Naviera_004152
9005396,Buque_005396,Espana,1993,23472,324,45,9,Naviera_000330
9005397,Buque_005397,Hong Kong,1981,18194,279,37,13,Naviera_001753
9005398,Buque_005398,Colombia,2009,12692,275,59,10,Naviera_009166
9005399,Buque_005399,Hong Kong,1987,16327,212,11,10,Naviera_001476
9005400,Buque_005400,Japon,2012,3401,129,36,15,Naviera_008522
9005401,Buque_005401,Chile,1997,12656,357,36,14,Naviera_001366
9005402,Buque_005402,Grecia,2018,18628,309,52,17,Naviera_000794
9005403,Buque_005403,Hong Kong,1988,5809,163,22,5,Naviera_007181
9005404,Buque_005404,Panama,1993,18620,70,30,10,Naviera_008661
9005405,Buque_005405,Hong Kong,2008,3859,95,21,10,Naviera_002437
9005406,Buque_005406,Peru,2007,20226,374,39,15,Naviera_006226
9005407,Buque_005407,Brasil,1993,3266,330,56,6,Naviera_000260
9005408,Buque_005408,Chile,2015,22858,214,21,13,Naviera_003365
9005409,Buque_005409,Panama,1986,14746,256,30,19,Naviera_007175
9005410,Buque_005410,Reino Unido,1998,18520,53,25,7,Naviera_008941
9005411,Buque_005411,Grecia,2011,7457,173,36,9,Naviera_004007
9005412,Buque_005412,Grecia,2017,1634,113,43,7,Naviera_001366
9005413,Buque_005413,Japon,1993,6137,51,52,12,Naviera_004726
9005414,Buque_005414,Grecia,1987,17766,399,24,9,Naviera_000332
9005415,Buque_005415,Bahamas,1994,23121,159,11,6,Naviera_002641
9005416,Buque_005416,Grecia,1981,1350,253,54,8,Naviera_003068
9005417,Buque_005417,Alemania,2004,9625,311,46,9,Naviera_002957
9005418,Buque_005418,Malta,2022,21784,301,58,18,Naviera_004353
9005419,Buque_005419,Colombia,2021,17172,231,42,7,Naviera_003381
9005420,Buque_005420,Panama,1989,10726,114,53,5,Naviera_004074
9005421,Buque_005421,Grecia,2013,9741,203,49,12,Naviera_009279
9005422,Buque_005422,Colombia,1983,16517,218,35,16,Naviera_003096
9005423,Buque_005423,Japon,2010,2461,205,33,17,Naviera_005611
9005424,Buque_005424,Bahamas,2007,7125,266,38,9,Naviera_005738
9005425,Buque_005425,Singapur,1993,1814,143,29,5,Naviera_009491
9005426,Buque_005426,Liberia,2022,17051,66,13,6,Naviera_002868
9005427,Buque_005427,China,2004,706,353,31,12,Naviera_002201
9005428,Buque_005428,China,1987,19586,211,42,7,Naviera_007674
9005429,Buque_005429,Panama,1996,2984,119,46,10,Naviera_002494
9005430,Buque_005430,Espana,2019,12002,293,39,8,Naviera_000442
9005431,Buque_005431,Brasil,1981,7540,250,29,15,Naviera_002873
9005432,Buque_005432,Singapur,1980,2563,344,52,6,Naviera_001901
9005433,Buque_005433,Singapur,1982,11024,291,58,16,Naviera_001282
9005434,Buque_005434,Espana,1981,6334,205,10,17,Naviera_007606
9005435,Buque_005435,Espana,2010,18990,50,24,6,Naviera_009753
9005436,Buque_005436,Peru,1999,8188,311,48,16,Naviera_006225
9005437,Buque_005437,Chile,2004,9081,344,29,10,Naviera_000382
9005438,Buque_005438,Panama,1984,6277,266,34,17,Naviera_008047
9005439,Buque_005439,Panama,2015,22623,387,22,8,Naviera_008954
9005440,Buque_005440,Colombia,2010,19395,181,20,15,Naviera_009561
9005441,Buque_005441,Dinamarca,2025,12949,320,16,6,Naviera_005803
9005442,Buque_005442,Malta,1983,8548,60,53,9,Naviera_006739
9005443,Buque_005443,Brasil,2008,15938,119,38,12,Naviera_002945
9005444,Buque_005444,Liberia,1984,15420,286,47,7,Naviera_009679
9005445,Buque_005445,Hong Kong,2016,18154,254,20,9,Naviera_009557
9005446,Buque_005446,Brasil,1981,4458,394,52,14,Naviera_006857
9005447,Buque_005447,Mexico,2005,23723,101,52,15,Naviera_008719
9005448,Buque_005448,Bahamas,2000,11343,212,36,8,Naviera_002165
9005449,Buque_005449,Noruega,2009,17004,392,28,18,Naviera_005586
9005450,Buque_005450,Colombia,2023,17175,290,57,19,Naviera_004550
9005451,Buque_005451,Panama,2024,22873,280,43,14,Naviera_008024
9005452,Buque_005452,Ecuador,1990,19026,255,55,13,Naviera_006333
9005453,Buque_005453,Japon,2013,5783,87,22,11,Naviera_006756
9005454,Buque_005454,Dinamarca,1988,14520,54,46,5,Naviera_000012
9005455,Buque_005455,Japon,2015,15828,181,46,13,Naviera_008007
9005456,Buque_005456,Ecuador,2012,12082,52,29,12,Naviera_004646
9005457,Buque_005457,Islas Marshall,2006,18163,118,55,12,Naviera_008686
9005458,Buque_005458,Mexico,1989,4899,324,49,13,Naviera_007059
9005459,Buque_005459,Noruega,1983,10448,67,23,11,Naviera_005617
9005460,Buque_005460,Liberia,1984,15954,215,41,10,Naviera_001333
9005461,Buque_005461,China,2022,2659,250,18,8,Naviera_009327
9005462,Buque_005462,Ecuador,2020,593,364,26,5,Naviera_003418
9005463,Buque_005463,Grecia,1985,20516,303,10,12,Naviera_003423
9005464,Buque_005464,China,2018,13271,343,52,15,Naviera_005304
9005465,Buque_005465,Mexico,2010,10836,90,39,18,Naviera_008113
9005466,Buque_005466,Bahamas,1991,854,58,11,11,Naviera_003031
9005467,Buque_005467,Panama,2025,3854,130,49,8,Naviera_008199
9005468,Buque_005468,Japon,1980,7746,335,44,6,Naviera_002527
9005469,Buque_005469,Ecuador,1989,14525,220,14,10,Naviera_003121
9005470,Buque_005470,Brasil,1999,6879,346,29,6,Naviera_004327
9005471,Buque_005471,Chile,2023,12936,203,13,5,Naviera_004644
9005472,Buque_005472,Brasil,2025,8307,99,12,18,Naviera_009530
9005473,Buque_005473,Panama,2011,1786,251,41,14,Naviera_002965
9005474,Buque_005474,Malta,2012,21564,294,47,5,Naviera_004913
9005475,Buque_005475,Japon,2007,8334,203,44,16,Naviera_004769
9005476,Buque_005476,Ecuador,1992,9244,158,29,16,Naviera_009565
9005477,Buque_005477,Noruega,2005,22630,61,49,10,Naviera_009135
9005478,Buque_005478,Noruega,2017,6698,65,49,12,Naviera_009059
9005479,Buque_005479,Hong Kong,1995,6066,215,52,9,Naviera_006071
9005480,Buque_005480,Chile,1983,15593,366,16,18,Naviera_004634
9005481,Buque_005481,Japon,1981,17771,217,44,10,Naviera_008852
9005482,Buque_005482,Chile,2009,18090,298,46,15,Naviera_000637
9005483,Buque_005483,Dinamarca,2007,23184,152,37,18,Naviera_001435
9005484,Buque_005484,Alemania,2022,6760,113,40,6,Naviera_000488
9005485,Buque_005485,Singapur,2025,9835,98,54,15,Naviera_006440
9005486,Buque_005486,China,2008,10396,51,45,18,Naviera_004593
9005487,Buque_005487,Bahamas,2008,3815,132,16,6,Naviera_007208
9005488,Buque_005488,Singapur,2024,13660,182,13,12,Naviera_003047
9005489,Buque_005489,Singapur,1999,5576,156,54,9,Naviera_009174
9005490,Buque_005490,China,1997,13896,322,19,15,Naviera_007359
9005491,Buque_005491,Ecuador,1995,2838,214,39,14,Naviera_003402
9005492,Buque_005492,Liberia,2019,7052,74,28,5,Naviera_006799
9005493,Buque_005493,Malta,1981,21348,323,55,16,Naviera_008438
9005494,Buque_005494,China,2025,18432,72,45,8,Naviera_000461
9005495,Buque_005495,Brasil,1980,16382,185,45,6,Naviera_007336
9005496,Buque_005496,Singapur,2012,6796,255,18,19,Naviera_009097
9005497,Buque_005497,Hong Kong,1982,14667,174,37,5,Naviera_000230
9005498,Buque_005498,Bahamas,2001,13064,357,33,14,Naviera_007183
9005499,Buque_005499,Malta,1982,11471,397,36,17,Naviera_003279
9005500,Buque_005500,Espana,1993,17112,289,37,6,Naviera_005349
9005501,Buque_005501,Islas Marshall,2001,22008,89,37,13,Naviera_001023
9005502,Buque_005502,Liberia,2002,13109,71,11,12,Naviera_008010
9005503,Buque_005503,Mexico,2008,20939,195,33,8,Naviera_009930
9005504,Buque_005504,Brasil,2016,8836,84,27,14,Naviera_009890
9005505,Buque_005505,Mexico,1994,14104,303,37,9,Naviera_008845
9005506,Buque_005506,Hong Kong,1984,4055,159,50,15,Naviera_008013
9005507,Buque_005507,Hong Kong,2006,22356,91,10,15,Naviera_002591
9005508,Buque_005508,Noruega,1982,15983,337,50,9,Naviera_001971
9005509,Buque_005509,China,2017,2844,312,11,17,Naviera_005056
9005510,Buque_005510,Grecia,1983,19085,277,28,12,Naviera_008474
9005511,Buque_005511,Reino Unido,2018,16038,180,14,17,Naviera_007985
9005512,Buque_005512,Alemania,2005,22970,283,50,11,Naviera_007028
9005513,Buque_005513,Singapur,2007,17413,373,21,8,Naviera_000357
9005514,Buque_005514,Estados Unidos,2020,1443,312,54,6,Naviera_004777
9005515,Buque_005515,Peru,2000,13926,346,14,7,Naviera_006646
9005516,Buque_005516,Panama,2008,15352,318,48,6,Naviera_008109
9005517,Buque_005517,Brasil,1990,2854,190,36,18,Naviera_007465
9005518,Buque_005518,Brasil,1993,6546,131,10,13,Naviera_008853
9005519,Buque_005519,Ecuador,2010,23064,138,37,5,Naviera_006127
9005520,Buque_005520,Ecuador,2023,5332,279,55,15,Naviera_002290
9005521,Buque_005521,Panama,2020,5875,180,35,19,Naviera_008488
9005522,Buque_005522,Islas Marshall,2022,2785,66,59,12,Naviera_009040
9005523,Buque_005523,Japon,2021,14037,199,15,17,Naviera_005334
9005524,Buque_005524,Mexico,2014,5070,327,51,5,Naviera_004592
9005525,Buque_005525,Hong Kong,2004,18632,270,22,12,Naviera_006346
9005526,Buque_005526,Peru,2023,19627,254,48,6,Naviera_008382
9005527,Buque_005527,Colombia,1997,12999,87,10,18,Naviera_006626
9005528,Buque_005528,Malta,2021,3988,229,53,10,Naviera_000253
9005529,Buque_005529,Colombia,1995,4969,100,15,18,Naviera_009089
9005530,Buque_005530,Noruega,2025,4786,298,39,12,Naviera_001700
9005531,Buque_005531,Dinamarca,2003,17365,79,40,5,Naviera_004081
9005532,Buque_005532,Dinamarca,1989,17309,60,57,8,Naviera_008261
9005533,Buque_005533,Grecia,1996,981,126,12,7,Naviera_006063
9005534,Buque_005534,Malta,2012,13972,255,37,15,Naviera_004828
9005535,Buque_005535,Brasil,1988,7255,306,16,15,Naviera_009912
9005536,Buque_005536,Malta,2021,19398,53,36,15,Naviera_000707
9005537,Buque_005537,Grecia,2022,17394,282,51,17,Naviera_009331
9005538,Buque_005538,Espana,2010,4356,53,47,19,Naviera_001945
9005539,Buque_005539,Brasil,1981,17548,352,45,15,Naviera_006812
9005540,Buque_005540,Bahamas,2011,12235,369,43,12,Naviera_001103
9005541,Buque_005541,Alemania,1984,20327,277,58,14,Naviera_006324
9005542,Buque_005542,Malta,1996,12137,155,16,6,Naviera_005339
9005543,Buque_005543,Grecia,1988,16861,322,40,19,Naviera_004279
9005544,Buque_005544,Liberia,2019,14197,245,21,11,Naviera_004595
9005545,Buque_005545,Colombia,2003,15900,141,14,8,Naviera_007796
9005546,Buque_005546,Espana,2005,16995,284,32,13,Naviera_001074
9005547,Buque_005547,Chile,2011,19540,131,10,16,Naviera_001130
9005548,Buque_005548,Hong Kong,1982,12907,73,32,19,Naviera_007204
9005549,Buque_005549,Ecuador,1997,12398,184,51,14,Naviera_007916
9005550,Buque_005550,Peru,2018,6357,123,18,14,Naviera_009994
9005551,Buque_005551,Hong Kong,1990,6725,386,29,7,Naviera_006607
9005552,Buque_005552,Ecuador,2020,22954,112,31,15,Naviera_009459
9005553,Buque_005553,Peru,1997,17927,174,58,9,Naviera_005720
9005554,Buque_005554,Peru,2002,8660,266,53,11,Naviera_007597
9005555,Buque_005555,Peru,1983,3603,395,38,12,Naviera_000241
9005556,Buque_005556,Noruega,1980,22463,96,21,9,Naviera_000983
9005557,Buque_005557,Reino Unido,2019,18605,328,31,14,Naviera_005281
9005558,Buque_005558,Alemania,2003,15112,333,27,16,Naviera_005692
9005559,Buque_005559,Islas Marshall,1984,9082,54,45,19,Naviera_002558
9005560,Buque_005560,Brasil,1988,1393,237,57,7,Naviera_004855
9005561,Buque_005561,Japon,2004,14689,284,49,9,Naviera_004267
9005562,Buque_005562,Alemania,2002,23726,148,48,16,Naviera_009354
9005563,Buque_005563,Alemania,2005,21418,314,58,6,Naviera_004691
9005564,Buque_005564,Hong Kong,1990,8966,383,14,5,Naviera_005201
9005565,Buque_005565,China,1985,19584,238,54,15,Naviera_004905
9005566,Buque_005566,Reino Unido,1982,17719,328,26,19,Naviera_003330
9005567,Buque_005567,Dinamarca,1986,3415,348,38,14,Naviera_000439
9005568,Buque_005568,Dinamarca,2019,23008,208,44,16,Naviera_004043
9005569,Buque_005569,Brasil,1994,7065,359,56,13,Naviera_001509
9005570,Buque_005570,Hong Kong,1992,14007,265,49,19,Naviera_003280
9005571,Buque_005571,Hong Kong,1999,19262,170,40,17,Naviera_004772
9005572,Buque_005572,Noruega,2000,12368,64,41,13,Naviera_008031
9005573,Buque_005573,Brasil,2007,21821,321,57,14,Naviera_005843
9005574,Buque_005574,Chile,2025,7996,289,33,15,Naviera_000678
9005575,Buque_005575,Hong Kong,1994,22041,332,17,8,Naviera_005390
9005576,Buque_005576,Panama,2020,19181,98,46,11,Naviera_001116
9005577,Buque_005577,Noruega,2022,7219,72,21,13,Naviera_008691
9005578,Buque_005578,Mexico,2003,1176,359,41,6,Naviera_007465
9005579,Buque_005579,Singapur,1989,2903,58,53,5,Naviera_004163
9005580,Buque_005580,Islas Marshall,1995,2643,82,25,9,Naviera_007893
9005581,Buque_005581,Japon,2021,9703,308,21,17,Naviera_001685
9005582,Buque_005582,Espana,1982,18022,380,59,18,Naviera_005008
9005583,Buque_005583,Liberia,1993,8737,75,54,10,Naviera_004206
9005584,Buque_005584,Dinamarca,2014,6047,139,34,19,Naviera_002479
9005585,Buque_005585,Dinamarca,2010,5171,322,28,16,Naviera_007801
9005586,Buque_005586,Hong Kong,1982,23063,100,39,8,Naviera_004726
9005587,Buque_005587,Ecuador,2018,3434,197,23,16,Naviera_005559
9005588,Buque_005588,Hong Kong,1997,5641,291,43,10,Naviera_000255
9005589,Buque_005589,Hong Kong,2000,20938,399,55,7,Naviera_001563
9005590,Buque_005590,Espana,2022,12097,132,58,14,Naviera_008021
9005591,Buque_005591,Singapur,2007,4860,344,33,10,Naviera_000769
9005592,Buque_005592,Islas Marshall,1982,20829,286,47,10,Naviera_008244
9005593,Buque_005593,Japon,2012,21571,116,48,7,Naviera_004061
9005594,Buque_005594,Panama,1981,21527,88,59,7,Naviera_008055
9005595,Buque_005595,Singapur,2001,15536,299,14,5,Naviera_001923
9005596,Buque_005596,Colombia,2015,12275,330,59,12,Naviera_005686
9005597,Buque_005597,Chile,2025,997,205,28,10,Naviera_007226
9005598,Buque_005598,Espana,2017,20016,246,19,8,Naviera_008254
9005599,Buque_005599,Reino Unido,1990,14596,118,31,16,Naviera_004189
9005600,Buque_005600,Dinamarca,2025,7379,398,45,18,Naviera_003997
9005601,Buque_005601,Islas Marshall,1993,6270,309,24,16,Naviera_007359
9005602,Buque_005602,Estados Unidos,2021,12515,199,57,13,Naviera_004310
9005603,Buque_005603,Liberia,1987,4973,315,59,6,Naviera_002464
9005604,Buque_005604,Peru,1994,12423,206,37,15,Naviera_007577
9005605,Buque_005605,Reino Unido,2005,19514,354,47,7,Naviera_005773
9005606,Buque_005606,Panama,2000,8485,374,28,12,Naviera_003670
9005607,Buque_005607,Alemania,1983,2883,135,19,14,Naviera_005050
9005608,Buque_005608,Noruega,2005,21932,258,14,14,Naviera_004202
9005609,Buque_005609,China,2010,21496,276,39,8,Naviera_007565
9005610,Buque_005610,Alemania,2013,19900,370,17,12,Naviera_008148
9005611,Buque_005611,Grecia,2003,20313,230,38,12,Naviera_004365
9005612,Buque_005612,Liberia,2013,9737,192,26,5,Naviera_005664
9005613,Buque_005613,Malta,2005,6239,197,46,18,Naviera_007614
9005614,Buque_005614,Singapur,2018,21824,173,24,12,Naviera_000754
9005615,Buque_005615,Liberia,2008,18233,340,17,10,Naviera_004809
9005616,Buque_005616,Malta,2014,19503,193,45,6,Naviera_001188
9005617,Buque_005617,Dinamarca,2023,15500,147,40,10,Naviera_001138
9005618,Buque_005618,Islas Marshall,1986,12299,149,47,5,Naviera_000359
9005619,Buque_005619,Dinamarca,1981,1380,385,52,16,Naviera_000935
9005620,Buque_005620,Panama,2024,12713,219,18,11,Naviera_006007
9005621,Buque_005621,Estados Unidos,1984,17837,280,39,13,Naviera_000729
9005622,Buque_005622,Bahamas,2010,4785,204,42,19,Naviera_004995
9005623,Buque_005623,Hong Kong,1988,9542,358,23,17,Naviera_004801
9005624,Buque_005624,Japon,1986,1318,205,21,16,Naviera_009210
9005625,Buque_005625,Reino Unido,1994,15079,147,38,17,Naviera_001733
9005626,Buque_005626,Mexico,2004,10812,66,53,16,Naviera_003898
9005627,Buque_005627,Islas Marshall,1983,10733,148,55,16,Naviera_008733
9005628,Buque_005628,Estados Unidos,1991,11705,200,26,18,Naviera_003854
9005629,Buque_005629,Mexico,1991,4953,210,32,12,Naviera_000295
9005630,Buque_005630,Espana,2004,8843,329,45,14,Naviera_008973
9005631,Buque_005631,Mexico,2001,18647,327,23,6,Naviera_002294
9005632,Buque_005632,Peru,1987,16500,146,41,11,Naviera_002667
9005633,Buque_005633,Islas Marshall,2006,13669,335,53,6,Naviera_000181
9005634,Buque_005634,Bahamas,2020,12026,337,40,16,Naviera_004206
9005635,Buque_005635,Hong Kong,2011,16924,196,58,13,Naviera_003403
9005636,Buque_005636,Brasil,1988,22096,163,54,19,Naviera_004767
9005637,Buque_005637,Noruega,1991,5070,218,44,17,Naviera_005539
9005638,Buque_005638,Liberia,1997,886,375,54,13,Naviera_005347
9005639,Buque_005639,Panama,1996,14508,90,40,9,Naviera_001877
9005640,Buque_005640,Dinamarca,2015,2463,169,31,18,Naviera_002831
9005641,Buque_005641,Chile,2021,17683,323,32,18,Naviera_006424
9005642,Buque_005642,Espana,2013,629,376,10,10,Naviera_005641
9005643,Buque_005643,Colombia,1993,14898,381,11,12,Naviera_002181
9005644,Buque_005644,Colombia,1987,1628,156,54,5,Naviera_002080
9005645,Buque_005645,Panama,1991,23942,324,29,6,Naviera_008374
9005646,Buque_005646,Mexico,2017,14805,295,28,9,Naviera_008731
9005647,Buque_005647,Singapur,2023,4920,64,38,8,Naviera_001571
9005648,Buque_005648,Reino Unido,2010,16621,341,16,10,Naviera_009496
9005649,Buque_005649,Mexico,2017,22659,221,39,16,Naviera_007616
9005650,Buque_005650,Islas Marshall,2009,4327,398,24,8,Naviera_007594
9005651,Buque_005651,Reino Unido,1997,16866,218,14,13,Naviera_006691
9005652,Buque_005652,Reino Unido,2014,15161,324,47,5,Naviera_003464
9005653,Buque_005653,Ecuador,2013,11327,201,16,16,Naviera_009084
9005654,Buque_005654,Brasil,1983,1467,373,40,8,Naviera_002445
9005655,Buque_005655,Estados Unidos,1989,10402,57,18,17,Naviera_007106
9005656,Buque_005656,Colombia,2023,10941,270,34,18,Naviera_008283
9005657,Buque_005657,China,2023,12931,56,37,15,Naviera_006383
9005658,Buque_005658,Hong Kong,1990,3159,204,42,14,Naviera_002368
9005659,Buque_005659,China,1980,22906,147,47,18,Naviera_003841
9005660,Buque_005660,Chile,2019,11580,305,38,11,Naviera_003368
9005661,Buque_005661,Japon,2024,19817,290,44,6,Naviera_002287
9005662,Buque_005662,Bahamas,1980,8531,215,55,10,Naviera_000559
9005663,Buque_005663,Bahamas,2024,6999,223,51,7,Naviera_008869
9005664,Buque_005664,Panama,2007,17322,94,25,5,Naviera_006428
9005665,Buque_005665,Grecia,2010,9653,62,58,19,Naviera_002504
9005666,Buque_005666,Malta,1998,19978,300,54,14,Naviera_001884
9005667,Buque_005667,Estados Unidos,2006,9786,146,43,10,Naviera_008297
9005668,Buque_005668,Islas Marshall,1987,15168,162,51,9,Naviera_008869
9005669,Buque_005669,Ecuador,2005,6980,354,28,12,Naviera_005637
9005670,Buque_005670,Panama,1995,13450,359,12,8,Naviera_004176
9005671,Buque_005671,Colombia,2019,12546,116,30,14,Naviera_002146
9005672,Buque_005672,Hong Kong,2002,13289,79,16,11,Naviera_001907
9005673,Buque_005673,Espana,2005,19630,322,10,18,Naviera_000146
9005674,Buque_005674,Hong Kong,2025,13149,331,18,11,Naviera_002581
9005675,Buque_005675,Chile,2018,23686,270,42,6,Naviera_007532
9005676,Buque_005676,Japon,2024,1026,96,14,8,Naviera_008482
9005677,Buque_005677,Alemania,2000,17875,208,23,6,Naviera_009113
9005678,Buque_005678,Malta,2025,12236,253,31,16,Naviera_008065
9005679,Buque_005679,Noruega,1983,19228,140,17,11,Naviera_001610
9005680,Buque_005680,Colombia,2025,16965,348,35,17,Naviera_009139
9005681,Buque_005681,Reino Unido,2025,23227,264,12,5,Naviera_002489
9005682,Buque_005682,Peru,2000,13288,70,39,11,Naviera_009790
9005683,Buque_005683,Japon,1984,2354,399,58,17,Naviera_009688
9005684,Buque_005684,Liberia,2008,7047,304,16,13,Naviera_008917
9005685,Buque_005685,Islas Marshall,2013,4016,212,52,17,Naviera_007725
9005686,Buque_005686,Espana,2009,6067,324,24,12,Naviera_006881
9005687,Buque_005687,Malta,2004,12441,170,51,17,Naviera_007927
9005688,Buque_005688,Dinamarca,2017,19184,307,58,14,Naviera_002421
9005689,Buque_005689,Dinamarca,2019,11605,218,40,13,Naviera_009699
9005690,Buque_005690,Ecuador,2015,4650,355,49,7,Naviera_005544
9005691,Buque_005691,Noruega,2008,18953,248,25,17,Naviera_008672
9005692,Buque_005692,Islas Marshall,1991,1099,111,43,17,Naviera_002398
9005693,Buque_005693,Brasil,1980,8597,242,48,7,Naviera_009123
9005694,Buque_005694,Liberia,2016,23296,291,53,8,Naviera_000228
9005695,Buque_005695,Alemania,2019,18817,145,49,13,Naviera_006173
9005696,Buque_005696,Alemania,1981,13097,273,56,7,Naviera_008521
9005697,Buque_005697,Chile,1999,6453,93,46,16,Naviera_008304
9005698,Buque_005698,Peru,1985,8202,141,11,18,Naviera_003773
9005699,Buque_005699,Grecia,2008,1201,185,49,11,Naviera_002052
9005700,Buque_005700,Espana,1987,23311,221,55,9,Naviera_007251
9005701,Buque_005701,Estados Unidos,2011,15452,389,45,19,Naviera_001893
9005702,Buque_005702,Reino Unido,2005,7310,285,21,6,Naviera_007524
9005703,Buque_005703,Bahamas,2024,1433,265,31,15,Naviera_009610
9005704,Buque_005704,Grecia,2016,21490,232,53,11,Naviera_001849
9005705,Buque_005705,Espana,1992,13419,262,59,5,Naviera_002549
9005706,Buque_005706,Liberia,1991,7058,152,17,17,Naviera_008977
9005707,Buque_005707,Bahamas,2025,17595,331,13,15,Naviera_009259
9005708,Buque_005708,Estados Unidos,1985,698,216,40,11,Naviera_006411
9005709,Buque_005709,Dinamarca,1988,18181,201,10,13,Naviera_000598
9005710,Buque_005710,Noruega,1994,6523,250,25,17,Naviera_006426
9005711,Buque_005711,Malta,2000,7272,168,24,7,Naviera_003703
9005712,Buque_005712,Singapur,2020,11494,176,20,11,Naviera_008690
9005713,Buque_005713,Liberia,1981,17147,69,17,12,Naviera_001895
9005714,Buque_005714,Grecia,2016,9149,132,36,11,Naviera_007081
9005715,Buque_005715,Noruega,2009,23304,59,53,12,Naviera_007153
9005716,Buque_005716,Brasil,2015,18408,380,19,17,Naviera_005384
9005717,Buque_005717,Malta,2025,11231,59,12,16,Naviera_009927
9005718,Buque_005718,Singapur,1997,7841,250,47,13,Naviera_003575
9005719,Buque_005719,Mexico,1998,19156,234,27,18,Naviera_001401
9005720,Buque_005720,Hong Kong,2019,23821,369,16,8,Naviera_005730
9005721,Buque_005721,Bahamas,1987,22094,141,52,14,Naviera_008644
9005722,Buque_005722,Japon,1987,23262,52,19,14,Naviera_007955
9005723,Buque_005723,Bahamas,1991,14081,84,41,12,Naviera_009830
9005724,Buque_005724,Noruega,1993,20883,67,14,9,Naviera_009303
9005725,Buque_005725,Hong Kong,1988,14055,285,39,17,Naviera_004603
9005726,Buque_005726,Peru,2000,6854,334,20,19,Naviera_004948
9005727,Buque_005727,Estados Unidos,1996,19645,289,28,11,Naviera_000685
9005728,Buque_005728,Malta,1990,20594,264,59,18,Naviera_002398
9005729,Buque_005729,Espana,1993,15840,363,10,11,Naviera_008531
9005730,Buque_005730,Singapur,2019,17086,57,43,17,Naviera_009785
9005731,Buque_005731,Panama,2012,13550,351,51,13,Naviera_006887
9005732,Buque_005732,Espana,2000,10846,84,35,8,Naviera_004611
9005733,Buque_005733,Islas Marshall,2025,9850,158,42,10,Naviera_004755
9005734,Buque_005734,Ecuador,2008,21487,276,49,12,Naviera_004569
9005735,Buque_005735,Brasil,1995,16577,342,10,13,Naviera_004873
9005736,Buque_005736,Liberia,1998,11126,129,15,8,Naviera_006536
9005737,Buque_005737,Grecia,1985,18842,362,11,9,Naviera_009464
9005738,Buque_005738,Grecia,2024,4006,376,35,19,Naviera_002581
9005739,Buque_005739,Ecuador,1984,15593,344,39,14,Naviera_002028
9005740,Buque_005740,Noruega,2004,8158,152,19,16,Naviera_002877
9005741,Buque_005741,Alemania,2004,12341,150,18,10,Naviera_003638
9005742,Buque_005742,Panama,1984,599,340,32,13,Naviera_006865
9005743,Buque_005743,Hong Kong,1994,1780,272,26,9,Naviera_004556
9005744,Buque_005744,Islas Marshall,2000,9287,392,36,5,Naviera_004124
9005745,Buque_005745,Bahamas,2017,12245,145,22,9,Naviera_009107
9005746,Buque_005746,Hong Kong,2007,17488,140,41,16,Naviera_000461
9005747,Buque_005747,Chile,1998,20961,390,17,5,Naviera_005115
9005748,Buque_005748,Colombia,1996,21369,145,32,8,Naviera_007419
9005749,Buque_005749,Japon,1997,6789,135,17,16,Naviera_009948
9005750,Buque_005750,Espana,1998,1878,279,25,7,Naviera_007941
9005751,Buque_005751,Hong Kong,1995,8738,321,12,9,Naviera_008580
9005752,Buque_005752,Japon,1986,17358,80,39,13,Naviera_001394
9005753,Buque_005753,Malta,2023,13191,91,42,8,Naviera_001824
9005754,Buque_005754,Panama,1992,22473,195,40,17,Naviera_008505
9005755,Buque_005755,Dinamarca,1990,18135,287,17,7,Naviera_004497
9005756,Buque_005756,Ecuador,2025,14731,394,47,17,Naviera_000325
9005757,Buque_005757,Islas Marshall,1989,5251,60,10,7,Naviera_008302
9005758,Buque_005758,Reino Unido,2002,6276,300,54,17,Naviera_005946
9005759,Buque_005759,Malta,2010,18339,256,42,12,Naviera_009775
9005760,Buque_005760,Malta,2012,11032,308,12,14,Naviera_008667
9005761,Buque_005761,Malta,2002,17331,382,58,18,Naviera_009983
9005762,Buque_005762,Panama,2009,8940,337,29,17,Naviera_007648
9005763,Buque_005763,Mexico,2005,18996,237,37,9,Naviera_009272
9005764,Buque_005764,Peru,1984,23607,76,36,5,Naviera_002240
9005765,Buque_005765,Reino Unido,1984,22555,308,47,7,Naviera_001930
9005766,Buque_005766,Hong Kong,2013,3351,279,28,5,Naviera_005095
9005767,Buque_005767,Colombia,2005,1479,242,16,7,Naviera_006842
9005768,Buque_005768,Hong Kong,2015,23356,230,30,9,Naviera_006360
9005769,Buque_005769,Dinamarca,1984,5871,204,28,12,Naviera_002851
9005770,Buque_005770,Malta,2025,10825,272,24,5,Naviera_006031
9005771,Buque_005771,Japon,2004,7405,355,12,16,Naviera_003214
9005772,Buque_005772,Brasil,2017,21000,335,59,13,Naviera_007018
9005773,Buque_005773,Singapur,1983,4428,205,58,5,Naviera_003681
9005774,Buque_005774,Grecia,2013,8394,70,38,18,Naviera_001876
9005775,Buque_005775,Brasil,2020,14136,196,40,6,Naviera_003321
9005776,Buque_005776,Espana,2003,14670,368,11,17,Naviera_003999
9005777,Buque_005777,Mexico,1985,3200,311,42,19,Naviera_007204
9005778,Buque_005778,Mexico,2005,15200,107,24,13,Naviera_008914
9005779,Buque_005779,China,2005,16617,137,27,10,Naviera_004477
9005780,Buque_005780,Noruega,1981,13795,208,29,8,Naviera_001134
9005781,Buque_005781,Grecia,2019,12533,156,59,13,Naviera_001009
9005782,Buque_005782,Islas Marshall,2000,10209,185,18,6,Naviera_000373
9005783,Buque_005783,Bahamas,2020,8038,130,49,12,Naviera_008296
9005784,Buque_005784,Peru,1999,20544,335,58,12,Naviera_002138
9005785,Buque_005785,Peru,1982,10690,58,27,10,Naviera_004594
9005786,Buque_005786,Bahamas,1993,20994,106,24,18,Naviera_007779
9005787,Buque_005787,Liberia,1986,11631,113,11,13,Naviera_001469
9005788,Buque_005788,Espana,2013,21158,135,22,8,Naviera_007145
9005789,Buque_005789,Colombia,2020,13554,242,16,7,Naviera_005841
9005790,Buque_005790,Ecuador,2019,13001,378,29,17,Naviera_004811
9005791,Buque_005791,Islas Marshall,1980,22812,266,41,18,Naviera_004828
9005792,Buque_005792,Estados Unidos,2000,2158,299,48,15,Naviera_002345
9005793,Buque_005793,Liberia,2004,797,158,38,16,Naviera_005645
9005794,Buque_005794,Singapur,2011,8555,75,36,13,Naviera_007275
9005795,Buque_005795,Estados Unidos,2012,10211,373,26,10,Naviera_002937
9005796,Buque_005796,Colombia,1997,4488,235,47,13,Naviera_001822
9005797,Buque_005797,Estados Unidos,2020,22345,140,58,8,Naviera_006238
9005798,Buque_005798,Grecia,2025,5883,330,13,17,Naviera_007422
9005799,Buque_005799,Espana,2017,8793,362,49,15,Naviera_009001
9005800,Buque_005800,Peru,1990,7821,59,49,15,Naviera_000642
9005801,Buque_005801,Liberia,2015,18944,97,10,18,Naviera_002504
9005802,Buque_005802,Singapur,2001,23424,357,25,7,Naviera_005320
9005803,Buque_005803,Liberia,2001,23242,381,18,7,Naviera_002878
9005804,Buque_005804,Japon,1994,19013,82,10,15,Naviera_003040
9005805,Buque_005805,Hong Kong,2008,7108,291,29,11,Naviera_006879
9005806,Buque_005806,Reino Unido,1995,15996,301,37,11,Naviera_005682
9005807,Buque_005807,Peru,2005,2446,170,27,5,Naviera_009448
9005808,Buque_005808,China,1986,9065,364,19,9,Naviera_002348
9005809,Buque_005809,Grecia,2023,19185,98,55,13,Naviera_004339
9005810,Buque_005810,Espana,2013,6047,385,28,6,Naviera_001068
9005811,Buque_005811,Ecuador,2008,3264,87,10,8,Naviera_006643
9005812,Buque_005812,Mexico,2001,21000,99,57,18,Naviera_002594
9005813,Buque_005813,Liberia,2010,21422,230,42,6,Naviera_002492
9005814,Buque_005814,Singapur,2022,17873,334,22,15,Naviera_002663
9005815,Buque_005815,Brasil,2008,11232,140,39,12,Naviera_002861
9005816,Buque_005816,Grecia,2022,12451,247,13,7,Naviera_006868
9005817,Buque_005817,Mexico,2008,18708,72,59,19,Naviera_007906
9005818,Buque_005818,Japon,2016,4861,85,25,16,Naviera_006776
9005819,Buque_005819,Islas Marshall,2006,21862,261,12,11,Naviera_002531
9005820,Buque_005820,Japon,2001,21870,289,46,8,Naviera_003088
9005821,Buque_005821,Panama,2021,14823,397,40,7,Naviera_003989
9005822,Buque_005822,Malta,1998,19767,107,34,14,Naviera_008834
9005823,Buque_005823,Ecuador,2015,16516,112,46,9,Naviera_001720
9005824,Buque_005824,Liberia,2009,14614,343,12,10,Naviera_009048
9005825,Buque_005825,Chile,2024,4875,177,53,19,Naviera_004270
9005826,Buque_005826,Mexico,1980,3251,137,59,14,Naviera_005919
9005827,Buque_005827,Singapur,1996,2801,75,29,19,Naviera_001625
9005828,Buque_005828,Dinamarca,1980,8313,223,35,7,Naviera_000889
9005829,Buque_005829,Bahamas,1988,12683,289,45,15,Naviera_001296
9005830,Buque_005830,Grecia,2004,12372,183,39,12,Naviera_006828
9005831,Buque_005831,Reino Unido,2022,7055,56,38,19,Naviera_001495
9005832,Buque_005832,Japon,1982,22847,364,58,15,Naviera_002733
9005833,Buque_005833,Liberia,2005,15836,377,11,7,Naviera_003345
9005834,Buque_005834,Grecia,2012,7807,335,49,6,Naviera_006983
9005835,Buque_005835,Chile,1988,2347,69,36,7,Naviera_009607
9005836,Buque_005836,Chile,2005,2267,148,36,16,Naviera_007230
9005837,Buque_005837,Islas Marshall,1997,1913,272,40,6,Naviera_005583
9005838,Buque_005838,Chile,2016,17030,151,55,19,Naviera_003927
9005839,Buque_005839,Reino Unido,2012,21305,71,57,12,Naviera_002726
9005840,Buque_005840,Liberia,2013,3189,262,40,7,Naviera_007194
9005841,Buque_005841,Dinamarca,2001,11463,58,55,7,Naviera_000730
9005842,Buque_005842,Peru,1986,1961,65,55,19,Naviera_003658
9005843,Buque_005843,Colombia,2001,19264,167,33,10,Naviera_006040
9005844,Buque_005844,Espana,1994,7143,217,48,8,Naviera_009882
9005845,Buque_005845,China,2011,9705,325,44,8,Naviera_009807
9005846,Buque_005846,China,1995,12027,187,43,14,Naviera_002234
9005847,Buque_005847,Japon,2006,8478,350,51,12,Naviera_007552
9005848,Buque_005848,Dinamarca,2008,22496,359,42,5,Naviera_009527
9005849,Buque_005849,Hong Kong,2004,3349,399,15,7,Naviera_006862
9005850,Buque_005850,Panama,2023,11836,355,16,8,Naviera_007006
9005851,Buque_005851,Malta,1991,3312,178,12,9,Naviera_008036
9005852,Buque_005852,Bahamas,2001,1087,277,38,5,Naviera_009357
9005853,Buque_005853,Islas Marshall,2016,23171,173,23,10,Naviera_008124
9005854,Buque_005854,Mexico,2015,14919,84,47,18,Naviera_002713
9005855,Buque_005855,Reino Unido,2004,14837,345,25,16,Naviera_009344
9005856,Buque_005856,Dinamarca,1982,6732,174,46,18,Naviera_005445
9005857,Buque_005857,Colombia,1981,8243,328,25,9,Naviera_009182
9005858,Buque_005858,Noruega,2010,4887,314,39,12,Naviera_002698
9005859,Buque_005859,Mexico,2021,13145,247,31,18,Naviera_005484
9005860,Buque_005860,Islas Marshall,2019,1945,324,15,13,Naviera_002606
9005861,Buque_005861,Bahamas,2020,22359,357,22,7,Naviera_005252
9005862,Buque_005862,Noruega,2022,4834,102,37,16,Naviera_002598
9005863,Buque_005863,Islas Marshall,2009,19222,230,12,15,Naviera_003294
9005864,Buque_005864,Hong Kong,2014,9919,240,46,9,Naviera_002409
9005865,Buque_005865,Brasil,2020,6189,351,33,15,Naviera_002260
9005866,Buque_005866,Colombia,1983,4423,197,29,15,Naviera_005298
9005867,Buque_005867,Liberia,1983,5616,280,30,12,Naviera_004705
9005868,Buque_005868,Malta,2017,9987,76,36,9,Naviera_003721
9005869,Buque_005869,Islas Marshall,1987,8111,301,34,11,Naviera_008029
9005870,Buque_005870,Mexico,2010,9365,303,51,14,Naviera_001880
9005871,Buque_005871,Hong Kong,2023,20724,77,18,7,Naviera_007897
9005872,Buque_005872,Bahamas,1988,15533,141,25,16,Naviera_009104
9005873,Buque_005873,Reino Unido,2002,6489,226,27,8,Naviera_008726
9005874,Buque_005874,Chile,2012,15034,123,37,13,Naviera_008836
9005875,Buque_005875,Brasil,1997,3662,299,29,9,Naviera_001957
9005876,Buque_005876,Malta,2002,23281,93,12,6,Naviera_008672
9005877,Buque_005877,Brasil,2016,9129,68,29,13,Naviera_007787
9005878,Buque_005878,Brasil,2016,20137,69,36,5,Naviera_008858
9005879,Buque_005879,Ecuador,2005,14013,155,12,7,Naviera_001769
9005880,Buque_005880,Malta,1988,8145,334,23,9,Naviera_006449
9005881,Buque_005881,Japon,2012,15474,383,49,6,Naviera_002575
9005882,Buque_005882,Hong Kong,2012,20953,357,45,15,Naviera_001927
9005883,Buque_005883,Panama,2009,8299,239,35,5,Naviera_003430
9005884,Buque_005884,Mexico,2004,23815,146,30,14,Naviera_005638
9005885,Buque_005885,Ecuador,2001,7210,115,22,14,Naviera_001349
9005886,Buque_005886,Grecia,2021,3525,290,25,17,Naviera_008874
9005887,Buque_005887,Alemania,2010,12648,172,14,6,Naviera_000659
9005888,Buque_005888,Alemania,2018,16670,347,59,19,Naviera_004217
9005889,Buque_005889,Grecia,2020,796,358,10,18,Naviera_003404
9005890,Buque_005890,Dinamarca,1990,10393,124,57,19,Naviera_008315
9005891,Buque_005891,Brasil,2012,12831,205,55,11,Naviera_002020
9005892,Buque_005892,Panama,1998,7243,378,30,17,Naviera_000774
9005893,Buque_005893,Brasil,2013,2986,301,16,12,Naviera_000200
9005894,Buque_005894,Singapur,2005,5515,321,37,9,Naviera_005334
9005895,Buque_005895,Espana,2024,5379,203,22,12,Naviera_007496
9005896,Buque_005896,Mexico,1987,19845,229,53,7,Naviera_002737
9005897,Buque_005897,Chile,1996,19266,102,38,18,Naviera_001845
9005898,Buque_005898,China,1983,3397,105,56,10,Naviera_003420
9005899,Buque_005899,Colombia,1988,16948,140,34,15,Naviera_005580
9005900,Buque_005900,Chile,1997,10386,272,55,17,Naviera_007200
9005901,Buque_005901,Grecia,2025,9436,249,34,13,Naviera_002568
9005902,Buque_005902,Noruega,2010,4639,185,51,6,Naviera_000196
9005903,Buque_005903,Bahamas,2006,14568,374,36,11,Naviera_006811
9005904,Buque_005904,Colombia,2017,20649,312,58,6,Naviera_003300
9005905,Buque_005905,Dinamarca,1990,16737,341,50,9,Naviera_008635
9005906,Buque_005906,Bahamas,2011,18075,93,22,18,Naviera_003922
9005907,Buque_005907,Chile,2014,2008,365,11,19,Naviera_003038
9005908,Buque_005908,Hong Kong,1980,20734,309,52,15,Naviera_005214
9005909,Buque_005909,Liberia,2005,14309,267,13,17,Naviera_008214
9005910,Buque_005910,Mexico,2008,3709,143,31,5,Naviera_008795
9005911,Buque_005911,Brasil,1986,11801,81,17,10,Naviera_001998
9005912,Buque_005912,Brasil,2004,5562,366,34,17,Naviera_006452
9005913,Buque_005913,Singapur,2018,1200,175,45,11,Naviera_003108
9005914,Buque_005914,Peru,2005,17926,212,46,18,Naviera_007687
9005915,Buque_005915,Peru,1986,20770,318,34,10,Naviera_008146
9005916,Buque_005916,Malta,2005,6658,379,59,10,Naviera_009604
9005917,Buque_005917,Bahamas,1986,10060,292,21,6,Naviera_002074
9005918,Buque_005918,Hong Kong,1995,17885,233,53,10,Naviera_005786
9005919,Buque_005919,Brasil,2025,5624,162,27,13,Naviera_002913
9005920,Buque_005920,Bahamas,2024,15665,142,58,9,Naviera_008370
9005921,Buque_005921,Ecuador,2007,4924,392,48,13,Naviera_008678
9005922,Buque_005922,Brasil,2021,16673,387,32,18,Naviera_007438
9005923,Buque_005923,Chile,1982,13247,116,26,19,Naviera_001353
9005924,Buque_005924,Ecuador,2025,12397,197,56,16,Naviera_005479
9005925,Buque_005925,China,1994,12724,119,14,17,Naviera_008203
9005926,Buque_005926,China,2001,1146,342,37,9,Naviera_008972
9005927,Buque_005927,Liberia,2016,8509,229,39,7,Naviera_007873
9005928,Buque_005928,Hong Kong,1989,20106,263,17,15,Naviera_003685
9005929,Buque_005929,Dinamarca,2025,19220,90,12,15,Naviera_006966
9005930,Buque_005930,Brasil,1992,14101,159,51,17,Naviera_009946
9005931,Buque_005931,China,1990,18351,289,49,15,Naviera_009245
9005932,Buque_005932,Mexico,2023,15366,351,58,15,Naviera_006147
9005933,Buque_005933,China,2024,14838,290,20,6,Naviera_001520
9005934,Buque_005934,Dinamarca,2009,12321,201,42,8,Naviera_003933
9005935,Buque_005935,Chile,2003,3227,90,47,18,Naviera_005836
9005936,Buque_005936,Liberia,2002,22156,274,43,17,Naviera_002216
9005937,Buque_005937,Brasil,2018,14154,288,35,11,Naviera_001081
9005938,Buque_005938,Peru,1988,4432,275,43,7,Naviera_006520
9005939,Buque_005939,Chile,2020,7916,356,12,12,Naviera_002752
9005940,Buque_005940,Estados Unidos,2015,13348,110,32,8,Naviera_000425
9005941,Buque_005941,Malta,2003,19670,99,43,8,Naviera_006830
9005942,Buque_005942,Panama,1986,8631,316,20,9,Naviera_009955
9005943,Buque_005943,Liberia,2021,23896,237,54,6,Naviera_003149
9005944,Buque_005944,Brasil,1985,15013,345,17,12,Naviera_000649
9005945,Buque_005945,Liberia,2003,5296,123,42,5,Naviera_003412
9005946,Buque_005946,Singapur,2024,22326,188,20,10,Naviera_001438
9005947,Buque_005947,Peru,2020,1472,243,22,5,Naviera_007168
9005948,Buque_005948,Liberia,1999,23276,261,55,5,Naviera_009945
9005949,Buque_005949,Espana,1992,22799,167,15,7,Naviera_004972
9005950,Buque_005950,Colombia,1984,21265,69,18,10,Naviera_007426
9005951,Buque_005951,Dinamarca,1996,665,292,11,10,Naviera_001666
9005952,Buque_005952,Chile,2011,10376,298,37,15,Naviera_007700
9005953,Buque_005953,Dinamarca,2001,7729,328,12,8,Naviera_007861
9005954,Buque_005954,Islas Marshall,1981,18005,170,48,14,Naviera_001472
9005955,Buque_005955,Singapur,2006,16931,359,36,14,Naviera_008911
9005956,Buque_005956,Espana,2016,8121,286,48,7,Naviera_009050
9005957,Buque_005957,Grecia,1988,12885,198,56,12,Naviera_000958
9005958,Buque_005958,Mexico,2001,4067,340,24,13,Naviera_007400
9005959,Buque_005959,Peru,2003,21303,72,27,18,Naviera_003748
9005960,Buque_005960,Mexico,1999,17411,296,53,12,Naviera_008902
9005961,Buque_005961,Alemania,2004,2038,288,20,19,Naviera_009172
9005962,Buque_005962,Islas Marshall,2008,8805,340,39,14,Naviera_009604
9005963,Buque_005963,Japon,1981,2102,90,51,8,Naviera_009299
9005964,Buque_005964,Brasil,2003,20019,253,49,14,Naviera_005395
9005965,Buque_005965,Brasil,2005,16930,115,36,14,Naviera_002205
9005966,Buque_005966,Espana,2000,23282,219,42,8,Naviera_003729
9005967,Buque_005967,Ecuador,1982,22173,58,23,19,Naviera_007007
9005968,Buque_005968,Panama,2023,1052,108,37,10,Naviera_006313
9005969,Buque_005969,Alemania,2003,607,328,33,11,Naviera_008902
9005970,Buque_005970,Bahamas,1982,18369,170,28,9,Naviera_006141
9005971,Buque_005971,Brasil,2005,7738,381,15,5,Naviera_002428
9005972,Buque_005972,Singapur,1995,19312,241,53,6,Naviera_000842
9005973,Buque_005973,China,2011,1239,383,21,19,Naviera_004567
9005974,Buque_005974,Bahamas,2000,620,110,53,7,Naviera_008058
9005975,Buque_005975,Peru,1988,8469,62,23,16,Naviera_001885
9005976,Buque_005976,Chile,1983,16644,383,13,14,Naviera_006658
9005977,Buque_005977,Alemania,1985,11571,124,48,13,Naviera_006637
9005978,Buque_005978,Ecuador,1981,17905,228,53,8,Naviera_009574
9005979,Buque_005979,Liberia,2012,5163,231,26,19,Naviera_006488
9005980,Buque_005980,Liberia,1993,1827,122,40,19,Naviera_002352
9005981,Buque_005981,Grecia,1986,9097,119,17,11,Naviera_007693
9005982,Buque_005982,Espana,1988,10158,272,46,11,Naviera_000034
9005983,Buque_005983,China,2010,1369,292,26,18,Naviera_009177
9005984,Buque_005984,Panama,2020,14884,91,19,11,Naviera_000938
9005985,Buque_005985,Islas Marshall,1996,12395,273,58,15,Naviera_005274
9005986,Buque_005986,Noruega,2013,20345,52,25,13,Naviera_008407
9005987,Buque_005987,Ecuador,1999,3772,374,54,15,Naviera_006224
9005988,Buque_005988,Noruega,1985,19164,114,14,11,Naviera_004067
9005989,Buque_005989,Panama,2012,14601,221,51,13,Naviera_007906
9005990,Buque_005990,Malta,2013,18086,244,38,7,Naviera_001600
9005991,Buque_005991,Alemania,2017,23384,380,30,5,Naviera_000529
9005992,Buque_005992,Mexico,2000,22013,223,40,7,Naviera_003690
9005993,Buque_005993,Brasil,2021,21349,192,42,12,Naviera_005019
9005994,Buque_005994,Bahamas,1987,3419,381,31,7,Naviera_005223
9005995,Buque_005995,Peru,2006,5766,374,39,6,Naviera_002200
9005996,Buque_005996,Colombia,1994,12222,257,59,19,Naviera_006430
9005997,Buque_005997,Islas Marshall,2019,17149,388,40,17,Naviera_003542
9005998,Buque_005998,Hong Kong,1981,18580,137,14,13,Naviera_006831
9005999,Buque_005999,Malta,2006,3360,197,31,12,Naviera_008771
9006000,Buque_006000,Mexico,2025,14391,253,13,8,Naviera_008474
9006001,Buque_006001,Singapur,1990,1205,249,42,15,Naviera_008795
9006002,Buque_006002,Japon,2021,17758,261,10,14,Naviera_009590
9006003,Buque_006003,Grecia,1990,11736,219,59,17,Naviera_006078
9006004,Buque_006004,Mexico,2024,793,375,34,13,Naviera_002702
9006005,Buque_006005,Noruega,1983,15867,82,10,5,Naviera_004819
9006006,Buque_006006,Singapur,2003,22991,150,35,8,Naviera_000275
9006007,Buque_006007,Espana,2017,22922,102,56,7,Naviera_004568
9006008,Buque_006008,Dinamarca,2020,7886,249,21,14,Naviera_003898
9006009,Buque_006009,Grecia,2022,19935,77,16,12,Naviera_006934
9006010,Buque_006010,Singapur,1989,18134,116,51,16,Naviera_003518
9006011,Buque_006011,Panama,1993,18052,191,34,17,Naviera_000388
9006012,Buque_006012,Islas Marshall,1985,4004,73,21,15,Naviera_005258
9006013,Buque_006013,Singapur,2002,19211,182,11,16,Naviera_007609
9006014,Buque_006014,China,2002,5620,399,45,11,Naviera_009767
9006015,Buque_006015,Bahamas,1998,15625,368,38,12,Naviera_007160
9006016,Buque_006016,Singapur,2007,17947,97,26,13,Naviera_006366
9006017,Buque_006017,Peru,1981,20348,75,55,16,Naviera_008474
9006018,Buque_006018,Grecia,2010,5809,336,59,15,Naviera_009399
9006019,Buque_006019,Dinamarca,2014,19661,268,51,19,Naviera_001069
9006020,Buque_006020,Dinamarca,1989,14287,62,35,10,Naviera_005652
9006021,Buque_006021,Espana,2014,3678,86,46,10,Naviera_006026
9006022,Buque_006022,Noruega,2024,7428,338,41,19,Naviera_002003
9006023,Buque_006023,Japon,2003,10250,304,34,7,Naviera_004950
9006024,Buque_006024,China,2005,2043,219,34,17,Naviera_007105
9006025,Buque_006025,Japon,2004,12588,127,41,18,Naviera_000987
9006026,Buque_006026,Chile,1989,13663,366,28,19,Naviera_002290
9006027,Buque_006027,Grecia,2025,15277,297,24,7,Naviera_002174
9006028,Buque_006028,Peru,1996,20755,375,50,5,Naviera_008063
9006029,Buque_006029,Peru,1998,2670,291,10,19,Naviera_006152
9006030,Buque_006030,Singapur,2014,2714,383,20,18,Naviera_009115
9006031,Buque_006031,Liberia,2006,6811,220,40,17,Naviera_003832
9006032,Buque_006032,Grecia,2022,6562,93,10,16,Naviera_001316
9006033,Buque_006033,Colombia,1987,11161,148,29,15,Naviera_008625
9006034,Buque_006034,Malta,2014,2348,336,48,5,Naviera_002096
9006035,Buque_006035,Peru,1994,4670,319,55,5,Naviera_002477
9006036,Buque_006036,Noruega,2014,4489,393,48,12,Naviera_008017
9006037,Buque_006037,Bahamas,1980,13129,63,31,8,Naviera_004930
9006038,Buque_006038,Alemania,1981,15032,330,18,9,Naviera_006358
9006039,Buque_006039,Ecuador,2004,19290,115,30,9,Naviera_004174
9006040,Buque_006040,China,2005,2965,270,25,11,Naviera_004634
9006041,Buque_006041,Reino Unido,1984,4457,276,33,13,Naviera_003530
9006042,Buque_006042,Hong Kong,1985,22374,279,28,17,Naviera_004184
9006043,Buque_006043,Hong Kong,2025,20727,281,56,14,Naviera_005430
9006044,Buque_006044,Colombia,1981,10954,64,11,19,Naviera_000573
9006045,Buque_006045,Alemania,2024,11686,361,26,14,Naviera_005738
9006046,Buque_006046,Dinamarca,2012,16785,247,43,16,Naviera_005713
9006047,Buque_006047,Alemania,2012,1084,164,26,19,Naviera_008232
9006048,Buque_006048,Hong Kong,1981,15558,114,15,11,Naviera_009452
9006049,Buque_006049,Colombia,2007,8639,234,29,7,Naviera_001747
9006050,Buque_006050,Estados Unidos,2002,12714,266,54,7,Naviera_003244
9006051,Buque_006051,Liberia,1997,16126,76,52,14,Naviera_002853
9006052,Buque_006052,Dinamarca,2001,12916,256,25,14,Naviera_003836
9006053,Buque_006053,Islas Marshall,2018,4556,367,11,17,Naviera_002263
9006054,Buque_006054,Dinamarca,1983,4127,366,13,11,Naviera_000875
9006055,Buque_006055,Chile,2005,20221,282,55,11,Naviera_000771
9006056,Buque_006056,Brasil,1991,17136,332,34,16,Naviera_004286
9006057,Buque_006057,Espana,2013,9601,300,33,10,Naviera_001051
9006058,Buque_006058,Noruega,2025,14200,284,51,16,Naviera_009260
9006059,Buque_006059,Panama,1983,14809,360,58,13,Naviera_009666
9006060,Buque_006060,Singapur,2008,21376,366,42,16,Naviera_005436
9006061,Buque_006061,Noruega,2006,9758,169,20,16,Naviera_009039
9006062,Buque_006062,Hong Kong,1990,17884,106,23,19,Naviera_004482
9006063,Buque_006063,Bahamas,1991,14280,204,35,14,Naviera_007030
9006064,Buque_006064,Colombia,2011,16470,220,40,10,Naviera_000090
9006065,Buque_006065,Liberia,1992,14296,87,30,16,Naviera_005000
9006066,Buque_006066,Islas Marshall,2022,17352,200,23,13,Naviera_009134
9006067,Buque_006067,Bahamas,2003,1164,335,52,16,Naviera_005779
9006068,Buque_006068,Grecia,2015,4121,398,56,14,Naviera_000372
9006069,Buque_006069,Alemania,2011,16337,280,18,17,Naviera_008706
9006070,Buque_006070,Panama,2008,16730,257,47,17,Naviera_008809
9006071,Buque_006071,Chile,2022,12519,358,17,14,Naviera_004069
9006072,Buque_006072,Peru,1990,7761,78,32,14,Naviera_008771
9006073,Buque_006073,Noruega,1989,16338,340,12,5,Naviera_007994
9006074,Buque_006074,Malta,2017,1737,278,48,11,Naviera_003323
9006075,Buque_006075,Noruega,1994,6191,183,37,12,Naviera_003256
9006076,Buque_006076,Colombia,2007,23473,63,26,17,Naviera_008893
9006077,Buque_006077,Chile,2003,22592,137,32,7,Naviera_002864
9006078,Buque_006078,Alemania,2010,14663,75,35,17,Naviera_009561
9006079,Buque_006079,Peru,1980,3795,342,28,5,Naviera_001104
9006080,Buque_006080,Japon,2009,13288,57,47,15,Naviera_005769
9006081,Buque_006081,Dinamarca,2013,22579,371,16,19,Naviera_002670
9006082,Buque_006082,Alemania,2009,7457,67,12,18,Naviera_002957
9006083,Buque_006083,Peru,2008,9993,316,37,12,Naviera_008309
9006084,Buque_006084,Espana,2024,16468,386,15,18,Naviera_009800
9006085,Buque_006085,Singapur,2013,17054,339,17,7,Naviera_008877
9006086,Buque_006086,Panama,1998,13461,368,20,10,Naviera_006487
9006087,Buque_006087,Brasil,1980,20770,186,26,15,Naviera_006758
9006088,Buque_006088,Ecuador,1991,21763,370,33,15,Naviera_009324
9006089,Buque_006089,Ecuador,2015,1935,189,53,17,Naviera_001476
9006090,Buque_006090,Hong Kong,2000,11492,103,34,7,Naviera_007619
9006091,Buque_006091,China,1982,17908,104,10,10,Naviera_003956
9006092,Buque_006092,Grecia,1999,12136,155,44,10,Naviera_003528
9006093,Buque_006093,Hong Kong,2007,15773,268,18,17,Naviera_006462
9006094,Buque_006094,China,2011,15058,83,34,16,Naviera_006502
9006095,Buque_006095,Espana,2013,19908,367,30,17,Naviera_002924
9006096,Buque_006096,Estados Unidos,2015,1421,368,52,13,Naviera_008194
9006097,Buque_006097,Ecuador,2022,1180,388,54,17,Naviera_003037
9006098,Buque_006098,Singapur,2015,17594,52,25,11,Naviera_002940
9006099,Buque_006099,Colombia,2003,6532,203,43,17,Naviera_003638
9006100,Buque_006100,Hong Kong,1998,12762,368,41,8,Naviera_007731
9006101,Buque_006101,Peru,1990,20687,121,40,5,Naviera_005460
9006102,Buque_006102,Japon,2019,18150,296,10,19,Naviera_002047
9006103,Buque_006103,Grecia,2015,18512,159,40,18,Naviera_009917
9006104,Buque_006104,Alemania,2007,2536,394,58,9,Naviera_009459
9006105,Buque_006105,Noruega,2016,2243,87,41,16,Naviera_002482
9006106,Buque_006106,Estados Unidos,2013,4745,326,38,17,Naviera_003117
9006107,Buque_006107,Malta,2007,9632,333,12,5,Naviera_001812
9006108,Buque_006108,Estados Unidos,1994,6465,115,59,5,Naviera_009027
9006109,Buque_006109,China,2013,20201,188,52,17,Naviera_000468
9006110,Buque_006110,Liberia,2003,11804,359,35,19,Naviera_002717
9006111,Buque_006111,Alemania,2015,6941,235,14,7,Naviera_003759
9006112,Buque_006112,Singapur,2009,19781,220,40,9,Naviera_001230
9006113,Buque_006113,Malta,2012,14851,123,18,13,Naviera_001076
9006114,Buque_006114,Bahamas,1986,14981,74,12,19,Naviera_000879
9006115,Buque_006115,Alemania,1987,19286,260,41,11,Naviera_000623
9006116,Buque_006116,Hong Kong,2020,7757,205,14,13,Naviera_005014
9006117,Buque_006117,Ecuador,1987,3113,334,25,13,Naviera_008540
9006118,Buque_006118,Peru,1990,20290,158,55,13,Naviera_003694
9006119,Buque_006119,Ecuador,1995,23632,296,32,19,Naviera_000633
9006120,Buque_006120,Malta,2006,9971,246,11,15,Naviera_000044
9006121,Buque_006121,Chile,1992,10298,379,51,11,Naviera_006589
9006122,Buque_006122,China,1997,1628,236,13,14,Naviera_007465
9006123,Buque_006123,Dinamarca,1985,2026,224,58,10,Naviera_004766
9006124,Buque_006124,Singapur,2016,626,346,29,5,Naviera_007705
9006125,Buque_006125,Panama,2021,5014,167,38,17,Naviera_003495
9006126,Buque_006126,Ecuador,1994,8703,114,35,8,Naviera_008702
9006127,Buque_006127,Estados Unidos,2005,21808,110,20,5,Naviera_002524
9006128,Buque_006128,Islas Marshall,2000,18255,262,28,9,Naviera_005800
9006129,Buque_006129,Singapur,1981,7085,395,38,8,Naviera_006231
9006130,Buque_006130,Brasil,2015,8579,240,16,17,Naviera_009687
9006131,Buque_006131,Peru,2002,12203,232,48,6,Naviera_003581
9006132,Buque_006132,Reino Unido,1981,12853,338,43,18,Naviera_003300
9006133,Buque_006133,Grecia,2020,20705,300,46,12,Naviera_002986
9006134,Buque_006134,Singapur,2004,10351,325,25,12,Naviera_005368
9006135,Buque_006135,Ecuador,1989,9312,362,37,19,Naviera_005568
9006136,Buque_006136,Colombia,2015,9570,117,22,14,Naviera_008308
9006137,Buque_006137,Alemania,1988,14031,306,47,10,Naviera_009141
9006138,Buque_006138,Reino Unido,1994,11416,58,10,16,Naviera_004955
9006139,Buque_006139,Espana,2005,16793,236,58,18,Naviera_006730
9006140,Buque_006140,Liberia,1998,7612,372,12,17,Naviera_004442
9006141,Buque_006141,China,2011,8030,310,13,7,Naviera_000252
9006142,Buque_006142,Ecuador,2006,4008,324,28,16,Naviera_005780
9006143,Buque_006143,Hong Kong,1983,21195,119,39,5,Naviera_003442
9006144,Buque_006144,Ecuador,1993,9245,327,37,10,Naviera_006650
9006145,Buque_006145,Panama,2020,1766,192,25,8,Naviera_003454
9006146,Buque_006146,Hong Kong,2000,21499,191,27,12,Naviera_001325
9006147,Buque_006147,Espana,1983,2314,153,30,7,Naviera_005801
9006148,Buque_006148,Reino Unido,2005,3742,209,17,18,Naviera_001229
9006149,Buque_006149,Colombia,2022,8688,311,38,14,Naviera_001170
9006150,Buque_006150,Peru,2025,10416,96,25,8,Naviera_001519
9006151,Buque_006151,Malta,2011,15686,234,17,7,Naviera_004127
9006152,Buque_006152,Reino Unido,2003,1475,97,22,6,Naviera_004777
9006153,Buque_006153,Panama,2004,10743,110,40,19,Naviera_002083
9006154,Buque_006154,Bahamas,1987,11534,149,56,9,Naviera_009742
9006155,Buque_006155,China,2022,21608,62,20,16,Naviera_001822
9006156,Buque_006156,Brasil,1991,7360,83,37,9,Naviera_003287
9006157,Buque_006157,Islas Marshall,2025,5210,297,58,15,Naviera_001117
9006158,Buque_006158,Noruega,2019,6925,283,36,5,Naviera_003276
9006159,Buque_006159,Chile,1985,20332,278,32,5,Naviera_009209
9006160,Buque_006160,Dinamarca,1993,21921,399,12,8,Naviera_009345
9006161,Buque_006161,Peru,1998,18536,348,42,8,Naviera_006898
9006162,Buque_006162,China,2008,504,66,51,18,Naviera_006384
9006163,Buque_006163,Bahamas,2001,13516,289,56,18,Naviera_004313
9006164,Buque_006164,Ecuador,2018,10815,289,20,6,Naviera_003616
9006165,Buque_006165,Malta,2010,17448,252,49,8,Naviera_000069
9006166,Buque_006166,Reino Unido,1985,9358,384,20,18,Naviera_009963
9006167,Buque_006167,Colombia,2005,11398,110,51,17,Naviera_001617
9006168,Buque_006168,Singapur,2008,11791,232,29,16,Naviera_001126
9006169,Buque_006169,Brasil,2011,23474,74,45,14,Naviera_001181
9006170,Buque_006170,Estados Unidos,1981,15385,261,34,13,Naviera_005459
9006171,Buque_006171,Dinamarca,1995,8498,348,26,18,Naviera_004235
9006172,Buque_006172,Panama,1994,18051,204,45,15,Naviera_004687
9006173,Buque_006173,Reino Unido,1998,17330,85,44,16,Naviera_003234
9006174,Buque_006174,Dinamarca,1985,16081,214,51,7,Naviera_005442
9006175,Buque_006175,Ecuador,1994,16288,206,45,17,Naviera_004736
9006176,Buque_006176,Noruega,1988,14549,365,19,10,Naviera_007125
9006177,Buque_006177,Hong Kong,1981,13900,235,20,15,Naviera_009945
9006178,Buque_006178,Bahamas,1988,12350,218,58,10,Naviera_004551
9006179,Buque_006179,Espana,1993,15457,306,21,19,Naviera_005923
9006180,Buque_006180,Colombia,1985,19691,63,54,16,Naviera_009409
9006181,Buque_006181,Brasil,1994,23708,283,28,19,Naviera_008285
9006182,Buque_006182,Panama,2003,11083,350,19,14,Naviera_002702
9006183,Buque_006183,China,1988,9905,261,20,18,Naviera_004034
9006184,Buque_006184,Brasil,1987,5472,113,35,18,Naviera_000313
9006185,Buque_006185,Peru,2005,12524,153,27,6,Naviera_003406
9006186,Buque_006186,Dinamarca,2025,7198,362,47,9,Naviera_002695
9006187,Buque_006187,Dinamarca,2014,23704,294,50,19,Naviera_006610
9006188,Buque_006188,Noruega,1994,1464,71,12,15,Naviera_005458
9006189,Buque_006189,Liberia,1980,13683,311,54,16,Naviera_000001
9006190,Buque_006190,Chile,2011,18951,199,27,9,Naviera_009558
9006191,Buque_006191,China,2015,19934,392,37,15,Naviera_009442
9006192,Buque_006192,Bahamas,1990,9489,184,24,5,Naviera_006950
9006193,Buque_006193,Espana,1984,17085,375,26,19,Naviera_000987
9006194,Buque_006194,Espana,1993,23657,292,32,10,Naviera_005818
9006195,Buque_006195,Peru,2015,10239,217,10,6,Naviera_009479
9006196,Buque_006196,Peru,2023,14745,100,31,19,Naviera_008820
9006197,Buque_006197,Brasil,2001,8877,243,10,15,Naviera_008811
9006198,Buque_006198,Bahamas,2008,19730,177,45,11,Naviera_001163
9006199,Buque_006199,Dinamarca,1982,22095,183,58,19,Naviera_002472
9006200,Buque_006200,Ecuador,2005,1812,79,27,13,Naviera_009565
9006201,Buque_006201,Colombia,2000,12738,290,46,11,Naviera_004476
9006202,Buque_006202,Islas Marshall,2006,13268,185,36,10,Naviera_007254
9006203,Buque_006203,China,1989,8642,116,12,7,Naviera_001589
9006204,Buque_006204,Chile,1993,2963,320,47,13,Naviera_009874
9006205,Buque_006205,Singapur,2025,19314,57,25,16,Naviera_001631
9006206,Buque_006206,Brasil,2020,15864,399,19,9,Naviera_001058
9006207,Buque_006207,Chile,2019,16488,77,55,9,Naviera_000604
9006208,Buque_006208,Liberia,2008,5935,159,52,19,Naviera_004207
9006209,Buque_006209,Liberia,1985,22625,293,47,18,Naviera_006213
9006210,Buque_006210,Alemania,2008,14190,82,39,13,Naviera_003726
9006211,Buque_006211,Colombia,1988,17847,276,44,10,Naviera_002559
9006212,Buque_006212,Japon,2016,16631,60,21,16,Naviera_004371
9006213,Buque_006213,China,2009,10930,345,57,7,Naviera_006591
9006214,Buque_006214,Hong Kong,2019,6293,258,23,13,Naviera_005362
9006215,Buque_006215,Bahamas,2008,18011,124,37,15,Naviera_007167
9006216,Buque_006216,Peru,1994,8136,312,15,19,Naviera_007307
9006217,Buque_006217,Peru,1990,11421,177,58,5,Naviera_003403
9006218,Buque_006218,Dinamarca,2008,16409,253,41,19,Naviera_004797
9006219,Buque_006219,Reino Unido,2003,18457,395,28,18,Naviera_002098
9006220,Buque_006220,Japon,1988,9827,299,19,10,Naviera_004624
9006221,Buque_006221,Bahamas,1995,17946,132,20,10,Naviera_001206
9006222,Buque_006222,Islas Marshall,1996,4456,150,17,11,Naviera_000893
9006223,Buque_006223,Noruega,2007,7137,102,44,6,Naviera_000047
9006224,Buque_006224,Hong Kong,2023,23701,225,26,19,Naviera_008385
9006225,Buque_006225,Malta,2009,8950,389,57,18,Naviera_001586
9006226,Buque_006226,Estados Unidos,2008,863,52,33,15,Naviera_007338
9006227,Buque_006227,Reino Unido,1990,17117,289,34,12,Naviera_007517
9006228,Buque_006228,Reino Unido,1982,2219,250,58,18,Naviera_007745
9006229,Buque_006229,Peru,2008,1717,105,17,14,Naviera_009363
9006230,Buque_006230,Grecia,1995,4399,306,32,15,Naviera_000299
9006231,Buque_006231,Hong Kong,1989,1493,142,21,5,Naviera_000945
9006232,Buque_006232,Estados Unidos,1985,15374,139,36,8,Naviera_001181
9006233,Buque_006233,Estados Unidos,2001,22501,198,26,11,Naviera_000219
9006234,Buque_006234,Reino Unido,1982,7025,81,15,10,Naviera_007666
9006235,Buque_006235,Singapur,1999,15420,264,52,18,Naviera_005829
9006236,Buque_006236,Hong Kong,2025,9893,318,38,19,Naviera_001128
9006237,Buque_006237,China,2009,3579,266,52,11,Naviera_006883
9006238,Buque_006238,Hong Kong,1989,7309,167,51,15,Naviera_000203
9006239,Buque_006239,Alemania,1986,6138,255,57,14,Naviera_003351
9006240,Buque_006240,Mexico,1999,4743,287,58,19,Naviera_009578
9006241,Buque_006241,Peru,1987,14726,238,13,8,Naviera_006523
9006242,Buque_006242,Reino Unido,2014,13458,60,23,13,Naviera_006641
9006243,Buque_006243,Dinamarca,1981,3580,83,29,18,Naviera_003495
9006244,Buque_006244,Espana,2020,4915,251,49,5,Naviera_007515
9006245,Buque_006245,Colombia,1987,14877,261,26,19,Naviera_005580
9006246,Buque_006246,Alemania,2001,5091,216,10,7,Naviera_001606
9006247,Buque_006247,Panama,1981,4771,83,55,15,Naviera_005388
9006248,Buque_006248,Chile,1989,8550,129,49,7,Naviera_005281
9006249,Buque_006249,Chile,1981,9299,125,10,19,Naviera_001773
9006250,Buque_006250,Grecia,2016,3419,224,30,6,Naviera_004896
9006251,Buque_006251,Peru,2013,13264,291,54,6,Naviera_003422
9006252,Buque_006252,Dinamarca,2004,16385,198,46,17,Naviera_002900
9006253,Buque_006253,Liberia,1992,20136,212,34,8,Naviera_001653
9006254,Buque_006254,Singapur,2003,1822,370,48,6,Naviera_000962
9006255,Buque_006255,Colombia,1987,15864,350,12,17,Naviera_002334
9006256,Buque_006256,Japon,1982,10218,122,33,10,Naviera_006414
9006257,Buque_006257,Panama,2016,18918,350,11,19,Naviera_007668
9006258,Buque_006258,Panama,2010,3136,83,44,5,Naviera_005752
9006259,Buque_006259,Noruega,1982,14990,308,25,18,Naviera_008545
9006260,Buque_006260,Mexico,1999,2251,380,34,12,Naviera_003277
9006261,Buque_006261,Islas Marshall,1997,1012,268,54,19,Naviera_002449
9006262,Buque_006262,Islas Marshall,1992,3567,146,10,7,Naviera_007730
9006263,Buque_006263,Reino Unido,1998,20606,236,59,17,Naviera_006718
9006264,Buque_006264,Islas Marshall,2025,22591,291,56,12,Naviera_001018
9006265,Buque_006265,Peru,2003,13620,358,37,5,Naviera_001633
9006266,Buque_006266,Noruega,2021,20859,81,56,5,Naviera_003879
9006267,Buque_006267,Dinamarca,1985,23533,151,30,11,Naviera_001406
9006268,Buque_006268,Ecuador,1993,7768,310,26,12,Naviera_004530
9006269,Buque_006269,Hong Kong,1980,8358,295,34,9,Naviera_003925
9006270,Buque_006270,Islas Marshall,1990,3308,317,59,6,Naviera_000019
9006271,Buque_006271,Ecuador,1998,7198,277,22,14,Naviera_004879
9006272,Buque_006272,Panama,1996,18504,300,36,15,Naviera_004826
9006273,Buque_006273,China,2019,5971,129,30,15,Naviera_004302
9006274,Buque_006274,China,1985,16100,294,47,6,Naviera_007464
9006275,Buque_006275,Islas Marshall,2010,20057,316,48,14,Naviera_005911
9006276,Buque_006276,Espana,2020,18475,95,39,15,Naviera_000394
9006277,Buque_006277,Malta,2014,3443,119,33,6,Naviera_009825
9006278,Buque_006278,Peru,2020,8443,82,47,6,Naviera_002238
9006279,Buque_006279,Singapur,2018,15268,83,53,12,Naviera_003056
9006280,Buque_006280,Panama,1982,8917,56,21,6,Naviera_004229
9006281,Buque_006281,Panama,2024,13783,291,24,18,Naviera_004147
9006282,Buque_006282,Panama,1989,22538,214,51,6,Naviera_003135
9006283,Buque_006283,Japon,2008,22065,213,53,5,Naviera_000817
9006284,Buque_006284,Estados Unidos,1988,7878,353,48,17,Naviera_009644
9006285,Buque_006285,Alemania,1994,12004,369,30,6,Naviera_009837
9006286,Buque_006286,Ecuador,1997,2413,323,19,18,Naviera_002306
9006287,Buque_006287,Espana,1998,21497,308,11,18,Naviera_008178
9006288,Buque_006288,Mexico,2012,16211,237,13,11,Naviera_000042
9006289,Buque_006289,Colombia,2016,13595,317,36,16,Naviera_009681
9006290,Buque_006290,Espana,2023,12383,274,24,16,Naviera_000540
9006291,Buque_006291,Chile,1997,12215,283,10,9,Naviera_005339
9006292,Buque_006292,China,1982,14430,329,14,13,Naviera_009780
9006293,Buque_006293,Peru,1983,17811,128,39,15,Naviera_004067
9006294,Buque_006294,Dinamarca,2005,15244,304,34,16,Naviera_002941
9006295,Buque_006295,Colombia,1994,9200,337,24,7,Naviera_005424
9006296,Buque_006296,Hong Kong,1987,10210,350,20,12,Naviera_009683
9006297,Buque_006297,Hong Kong,2012,18442,57,28,14,Naviera_008607
9006298,Buque_006298,Chile,1996,17527,92,47,19,Naviera_003522
9006299,Buque_006299,China,1982,17869,189,12,11,Naviera_001596
9006300,Buque_006300,Colombia,1984,18084,342,22,15,Naviera_009808
9006301,Buque_006301,China,2025,5807,398,53,5,Naviera_004850
9006302,Buque_006302,Estados Unidos,2022,19929,292,49,12,Naviera_008424
9006303,Buque_006303,Malta,2013,21700,151,25,8,Naviera_006709
9006304,Buque_006304,Malta,2006,3128,382,18,11,Naviera_006274
9006305,Buque_006305,Noruega,1993,6048,245,40,6,Naviera_009746
9006306,Buque_006306,Malta,1991,2660,351,54,13,Naviera_008355
9006307,Buque_006307,China,2025,20589,283,24,5,Naviera_000183
9006308,Buque_006308,Panama,1987,3835,89,49,7,Naviera_009541
9006309,Buque_006309,Bahamas,1981,14083,128,20,7,Naviera_002863
9006310,Buque_006310,Chile,2011,20392,312,44,19,Naviera_008413
9006311,Buque_006311,Peru,2002,6075,291,12,16,Naviera_005475
9006312,Buque_006312,Bahamas,2002,1260,395,24,6,Naviera_007169
9006313,Buque_006313,Grecia,2021,6532,199,47,17,Naviera_003014
9006314,Buque_006314,Dinamarca,1983,18073,51,39,18,Naviera_004969
9006315,Buque_006315,China,2005,23625,216,43,5,Naviera_004902
9006316,Buque_006316,Alemania,1981,6591,378,16,17,Naviera_001054
9006317,Buque_006317,Chile,2023,5909,367,43,12,Naviera_008617
9006318,Buque_006318,Noruega,2013,9264,317,19,11,Naviera_003817
9006319,Buque_006319,Alemania,2016,13268,222,19,19,Naviera_000333
9006320,Buque_006320,Panama,2004,17085,290,32,6,Naviera_003543
9006321,Buque_006321,Japon,2006,23075,172,34,5,Naviera_006016
9006322,Buque_006322,Bahamas,2000,21860,381,11,15,Naviera_001829
9006323,Buque_006323,Dinamarca,2015,23644,66,24,18,Naviera_009570
9006324,Buque_006324,Panama,2014,6088,126,51,10,Naviera_007379
9006325,Buque_006325,Estados Unidos,2020,18339,166,51,17,Naviera_001317
9006326,Buque_006326,Panama,2009,6318,343,51,7,Naviera_005118
9006327,Buque_006327,Noruega,2019,18413,226,41,18,Naviera_006038
9006328,Buque_006328,Dinamarca,1986,14381,97,26,12,Naviera_003221
9006329,Buque_006329,Brasil,2013,2544,337,12,5,Naviera_004362
9006330,Buque_006330,Japon,1992,19225,100,25,11,Naviera_003279
9006331,Buque_006331,Brasil,1988,10604,118,10,17,Naviera_008636
9006332,Buque_006332,Peru,2001,13884,50,50,9,Naviera_009220
9006333,Buque_006333,Bahamas,1981,4867,134,38,10,Naviera_005763
9006334,Buque_006334,Mexico,1981,8960,219,13,7,Naviera_006654
9006335,Buque_006335,Colombia,1985,7109,275,15,18,Naviera_003386
9006336,Buque_006336,Espana,1988,7200,220,19,19,Naviera_007685
9006337,Buque_006337,Noruega,1982,10572,392,31,15,Naviera_005536
9006338,Buque_006338,China,2015,17458,336,38,15,Naviera_002025
9006339,Buque_006339,Colombia,2003,10800,205,56,17,Naviera_009251
9006340,Buque_006340,Hong Kong,1996,4517,117,20,5,Naviera_007285
9006341,Buque_006341,Estados Unidos,2016,3786,259,41,16,Naviera_007025
9006342,Buque_006342,Noruega,1988,3764,183,26,11,Naviera_007094
9006343,Buque_006343,Panama,2018,892,76,18,5,Naviera_001662
9006344,Buque_006344,Chile,2011,4375,326,57,11,Naviera_004246
9006345,Buque_006345,Mexico,2024,20739,364,59,14,Naviera_007321
9006346,Buque_006346,Peru,2022,11840,172,25,12,Naviera_003675
9006347,Buque_006347,Ecuador,2009,7829,56,29,6,Naviera_004117
9006348,Buque_006348,Liberia,2009,9165,212,57,8,Naviera_005855
9006349,Buque_006349,Liberia,2025,13500,273,13,8,Naviera_006313
9006350,Buque_006350,Hong Kong,2010,7803,142,22,13,Naviera_007952
9006351,Buque_006351,Noruega,1992,12765,62,46,17,Naviera_005503
9006352,Buque_006352,China,2018,15926,271,50,13,Naviera_004953
9006353,Buque_006353,Dinamarca,2003,11811,308,31,15,Naviera_007103
9006354,Buque_006354,Malta,1991,8978,210,50,5,Naviera_000460
9006355,Buque_006355,Dinamarca,2007,14197,244,57,14,Naviera_004443
9006356,Buque_006356,Singapur,2000,18592,340,29,12,Naviera_009166
9006357,Buque_006357,Chile,1992,21023,120,18,11,Naviera_004083
9006358,Buque_006358,Ecuador,2023,1408,333,36,15,Naviera_000381
9006359,Buque_006359,Dinamarca,2016,17293,202,26,17,Naviera_001297
9006360,Buque_006360,Estados Unidos,2022,8372,334,23,13,Naviera_001850
9006361,Buque_006361,Japon,1989,9651,199,12,19,Naviera_006560
9006362,Buque_006362,China,1984,22189,70,33,10,Naviera_006098
9006363,Buque_006363,Islas Marshall,2021,14366,226,50,14,Naviera_007910
9006364,Buque_006364,Dinamarca,2013,20806,92,55,15,Naviera_003159
9006365,Buque_006365,Grecia,2001,12449,123,42,17,Naviera_008009
9006366,Buque_006366,Ecuador,2017,20207,74,33,14,Naviera_005031
9006367,Buque_006367,Espana,1995,13550,337,43,17,Naviera_006661
9006368,Buque_006368,Chile,2024,4267,227,48,12,Naviera_008914
9006369,Buque_006369,Singapur,1981,2765,197,17,16,Naviera_000610
9006370,Buque_006370,Chile,2018,9891,262,18,12,Naviera_008741
9006371,Buque_006371,Estados Unidos,2010,2260,350,10,9,Naviera_004105
9006372,Buque_006372,Espana,1989,10962,211,36,5,Naviera_004543
9006373,Buque_006373,Bahamas,2016,11908,385,40,10,Naviera_002945
9006374,Buque_006374,Hong Kong,1993,13392,295,10,14,Naviera_007008
9006375,Buque_006375,Bahamas,2010,15098,57,26,16,Naviera_000149
9006376,Buque_006376,Ecuador,1985,2998,146,11,18,Naviera_000924
9006377,Buque_006377,Peru,2001,5706,99,11,5,Naviera_005862
9006378,Buque_006378,Alemania,1996,11324,266,17,15,Naviera_006625
9006379,Buque_006379,Estados Unidos,2023,18151,148,29,14,Naviera_009791
9006380,Buque_006380,Noruega,1989,17040,393,38,13,Naviera_002391
9006381,Buque_006381,Japon,1998,18479,372,10,15,Naviera_009041
9006382,Buque_006382,Brasil,2003,10416,58,28,15,Naviera_005025
9006383,Buque_006383,Peru,1991,13906,55,19,5,Naviera_000186
9006384,Buque_006384,Dinamarca,2004,1426,51,14,9,Naviera_002314
9006385,Buque_006385,Estados Unidos,1995,14401,60,19,14,Naviera_000926
9006386,Buque_006386,Peru,1985,14854,339,11,19,Naviera_001511
9006387,Buque_006387,China,2015,13450,169,39,18,Naviera_007893
9006388,Buque_006388,Ecuador,1980,18027,325,42,16,Naviera_000652
9006389,Buque_006389,Singapur,2018,2311,176,22,6,Naviera_009205
9006390,Buque_006390,Hong Kong,2012,4668,162,45,5,Naviera_000738
9006391,Buque_006391,Islas Marshall,1993,22642,340,46,11,Naviera_002559
9006392,Buque_006392,Espana,2021,13876,373,32,14,Naviera_005204
9006393,Buque_006393,Dinamarca,2017,12744,201,15,6,Naviera_001564
9006394,Buque_006394,Brasil,1987,9495,191,48,15,Naviera_006559
9006395,Buque_006395,Malta,2014,9761,75,43,17,Naviera_007163
9006396,Buque_006396,Malta,1998,13045,301,37,6,Naviera_001783
9006397,Buque_006397,Islas Marshall,1982,3560,89,33,6,Naviera_003022
9006398,Buque_006398,Reino Unido,2005,8915,347,48,11,Naviera_002779
9006399,Buque_006399,Dinamarca,2014,14973,51,21,6,Naviera_000196
9006400,Buque_006400,Panama,1990,1111,108,25,7,Naviera_007650
9006401,Buque_006401,Chile,2012,5694,79,28,11,Naviera_007277
9006402,Buque_006402,Bahamas,1995,11619,62,46,12,Naviera_008516
9006403,Buque_006403,Malta,1997,19639,127,56,5,Naviera_005537
9006404,Buque_006404,Dinamarca,1988,10109,355,19,13,Naviera_003799
9006405,Buque_006405,Chile,2024,19280,115,36,8,Naviera_007326
9006406,Buque_006406,China,1990,20288,391,13,15,Naviera_003498
9006407,Buque_006407,Ecuador,2023,18384,326,58,13,Naviera_000719
9006408,Buque_006408,Grecia,2010,7070,271,57,15,Naviera_003059
9006409,Buque_006409,Peru,1993,12924,219,19,5,Naviera_008172
9006410,Buque_006410,Grecia,1993,5185,111,38,6,Naviera_001077
9006411,Buque_006411,Bahamas,2012,18756,154,48,15,Naviera_006603
9006412,Buque_006412,Singapur,2003,17409,314,42,9,Naviera_003902
9006413,Buque_006413,Colombia,1997,18434,56,53,12,Naviera_006172
9006414,Buque_006414,Colombia,2003,19069,247,28,9,Naviera_001269
9006415,Buque_006415,Noruega,1998,657,273,54,5,Naviera_003730
9006416,Buque_006416,Brasil,1986,3652,152,22,9,Naviera_008259
9006417,Buque_006417,Chile,1996,15931,59,36,12,Naviera_008409
9006418,Buque_006418,Dinamarca,2003,18178,295,10,8,Naviera_007859
9006419,Buque_006419,Panama,2009,17615,366,35,11,Naviera_009229
9006420,Buque_006420,Panama,2008,19402,259,22,16,Naviera_005546
9006421,Buque_006421,Reino Unido,1985,19780,312,38,11,Naviera_000862
9006422,Buque_006422,Dinamarca,1994,18307,161,17,14,Naviera_002404
9006423,Buque_006423,Chile,2007,7398,352,54,9,Naviera_001570
9006424,Buque_006424,Noruega,2013,20769,142,52,17,Naviera_005649
9006425,Buque_006425,Bahamas,1993,2417,393,57,16,Naviera_003575
9006426,Buque_006426,Japon,1988,3659,140,15,8,Naviera_002753
9006427,Buque_006427,Colombia,1998,14411,265,25,11,Naviera_001863
9006428,Buque_006428,China,2005,2882,109,32,17,Naviera_008177
9006429,Buque_006429,Malta,2015,2834,219,32,19,Naviera_007506
9006430,Buque_006430,Brasil,1985,12383,144,14,6,Naviera_006441
9006431,Buque_006431,Ecuador,1998,15050,267,24,7,Naviera_007154
9006432,Buque_006432,Dinamarca,2014,17618,71,27,9,Naviera_005122
9006433,Buque_006433,Colombia,1983,3981,114,16,10,Naviera_006760
9006434,Buque_006434,Hong Kong,2003,22528,185,28,19,Naviera_003195
9006435,Buque_006435,Mexico,1988,23598,153,27,19,Naviera_001018
9006436,Buque_006436,Espana,2004,19498,395,49,7,Naviera_003410
9006437,Buque_006437,Islas Marshall,2024,18243,150,44,10,Naviera_002354
9006438,Buque_006438,Ecuador,2017,4841,193,54,7,Naviera_009411
9006439,Buque_006439,Mexico,1989,23369,233,48,11,Naviera_009423
9006440,Buque_006440,China,2021,790,389,56,9,Naviera_002084
9006441,Buque_006441,Singapur,2023,3001,385,17,11,Naviera_006511
9006442,Buque_006442,Reino Unido,2024,3531,107,27,12,Naviera_001540
9006443,Buque_006443,Chile,2017,6296,183,30,15,Naviera_002548
9006444,Buque_006444,Hong Kong,1994,9883,286,18,13,Naviera_005456
9006445,Buque_006445,Colombia,1996,9006,356,24,8,Naviera_007207
9006446,Buque_006446,Peru,2009,20785,50,20,14,Naviera_004927
9006447,Buque_006447,Espana,2014,5679,126,30,8,Naviera_002499
9006448,Buque_006448,Bahamas,2025,21316,122,31,19,Naviera_008293
9006449,Buque_006449,Estados Unidos,2011,4749,239,21,6,Naviera_004198
9006450,Buque_006450,Bahamas,1996,6776,116,28,15,Naviera_006758
9006451,Buque_006451,Grecia,1997,14385,124,16,14,Naviera_004200
9006452,Buque_006452,Liberia,2000,19560,216,26,19,Naviera_006967
9006453,Buque_006453,Panama,1997,2251,261,59,19,Naviera_005482
9006454,Buque_006454,Liberia,1982,19018,149,13,10,Naviera_009707
9006455,Buque_006455,Liberia,1996,1905,218,33,16,Naviera_004077
9006456,Buque_006456,China,1984,18410,225,41,7,Naviera_006540
9006457,Buque_006457,Bahamas,2015,16292,197,19,17,Naviera_005768
9006458,Buque_006458,Alemania,1995,7193,351,24,9,Naviera_003726
9006459,Buque_006459,Liberia,1985,14098,224,11,6,Naviera_008247
9006460,Buque_006460,Japon,2005,11438,341,45,14,Naviera_000275
9006461,Buque_006461,Bahamas,1984,9741,302,14,15,Naviera_002222
9006462,Buque_006462,Peru,2008,6803,216,54,13,Naviera_007850
9006463,Buque_006463,Islas Marshall,1991,19765,153,59,9,Naviera_009640
9006464,Buque_006464,Colombia,1984,7997,298,16,18,Naviera_004908
9006465,Buque_006465,Mexico,2005,21318,109,51,5,Naviera_008086
9006466,Buque_006466,Colombia,1993,23875,190,43,14,Naviera_002848
9006467,Buque_006467,Estados Unidos,2014,2426,187,37,11,Naviera_004273
9006468,Buque_006468,Malta,2013,11090,370,13,9,Naviera_000432
9006469,Buque_006469,China,2023,18174,317,22,5,Naviera_006556
9006470,Buque_006470,Singapur,2025,16050,122,14,8,Naviera_006637
9006471,Buque_006471,Grecia,2002,2041,339,47,9,Naviera_009441
9006472,Buque_006472,Islas Marshall,2015,10094,252,47,15,Naviera_002850
9006473,Buque_006473,Islas Marshall,2005,4902,181,14,11,Naviera_007472
9006474,Buque_006474,Colombia,2003,6103,61,32,16,Naviera_001650
9006475,Buque_006475,Ecuador,1993,17167,96,43,13,Naviera_005257
9006476,Buque_006476,Reino Unido,1989,14299,275,58,13,Naviera_000792
9006477,Buque_006477,Peru,1988,16488,98,45,15,Naviera_008596
9006478,Buque_006478,Estados Unidos,2009,23896,341,50,14,Naviera_006740
9006479,Buque_006479,Panama,2014,16329,265,49,17,Naviera_000135
9006480,Buque_006480,Hong Kong,1996,10213,307,17,5,Naviera_003098
9006481,Buque_006481,Grecia,2009,10120,94,20,14,Naviera_007478
9006482,Buque_006482,Ecuador,2004,7083,158,41,17,Naviera_008816
9006483,Buque_006483,Noruega,2025,11782,324,58,7,Naviera_003838
9006484,Buque_006484,Chile,2018,7641,74,59,6,Naviera_003578
9006485,Buque_006485,Colombia,1995,3046,254,37,10,Naviera_003217
9006486,Buque_006486,Ecuador,1990,15638,303,28,11,Naviera_000504
9006487,Buque_006487,Islas Marshall,2018,978,176,30,7,Naviera_003130
9006488,Buque_006488,Reino Unido,1991,9347,315,16,8,Naviera_008276
9006489,Buque_006489,Brasil,1996,22783,73,47,9,Naviera_008871
9006490,Buque_006490,Panama,1995,7646,347,31,7,Naviera_007682
9006491,Buque_006491,Grecia,1983,17091,263,59,7,Naviera_004428
9006492,Buque_006492,Brasil,2009,9224,296,22,10,Naviera_007313
9006493,Buque_006493,Noruega,2002,18757,319,30,17,Naviera_000454
9006494,Buque_006494,Reino Unido,1997,14811,313,34,15,Naviera_000909
9006495,Buque_006495,Peru,1984,9715,103,32,5,Naviera_004691
9006496,Buque_006496,Colombia,2006,13883,130,44,19,Naviera_002174
9006497,Buque_006497,Japon,1986,13591,96,59,13,Naviera_006283
9006498,Buque_006498,Peru,1997,4866,285,34,12,Naviera_002338
9006499,Buque_006499,Panama,2017,10732,136,17,15,Naviera_007956
9006500,Buque_006500,Brasil,2020,9362,100,36,10,Naviera_004853
9006501,Buque_006501,Ecuador,2024,3483,207,12,19,Naviera_008781
9006502,Buque_006502,Grecia,1980,9536,241,28,7,Naviera_003516
9006503,Buque_006503,Bahamas,2013,17701,175,35,7,Naviera_009728
9006504,Buque_006504,China,2010,20951,167,42,6,Naviera_003181
9006505,Buque_006505,Brasil,2009,12171,336,33,8,Naviera_008236
9006506,Buque_006506,Japon,2019,1364,207,45,16,Naviera_005144
9006507,Buque_006507,Colombia,2025,19517,375,18,8,Naviera_000656
9006508,Buque_006508,Estados Unidos,2009,16059,189,48,5,Naviera_005931
9006509,Buque_006509,Colombia,2013,8064,326,20,16,Naviera_004074
9006510,Buque_006510,Panama,2024,18220,237,49,9,Naviera_004638
9006511,Buque_006511,Peru,1992,17863,330,27,17,Naviera_000456
9006512,Buque_006512,Bahamas,2019,7438,89,34,5,Naviera_003262
9006513,Buque_006513,Reino Unido,2021,8619,274,35,10,Naviera_000302
9006514,Buque_006514,Espana,1980,6155,239,10,16,Naviera_003823
9006515,Buque_006515,Japon,1996,2678,116,29,19,Naviera_001116
9006516,Buque_006516,Bahamas,1987,3988,198,55,18,Naviera_006495
9006517,Buque_006517,Brasil,1999,16602,108,12,5,Naviera_005595
9006518,Buque_006518,Dinamarca,1997,12462,160,50,11,Naviera_005326
9006519,Buque_006519,Brasil,2016,1297,248,20,19,Naviera_009669
9006520,Buque_006520,China,2008,1960,367,30,12,Naviera_007903
9006521,Buque_006521,Singapur,2020,6305,294,41,7,Naviera_002719
9006522,Buque_006522,Colombia,2018,12294,180,55,6,Naviera_002974
9006523,Buque_006523,Hong Kong,1990,18007,380,58,8,Naviera_005424
9006524,Buque_006524,Liberia,2009,21572,322,26,15,Naviera_007616
9006525,Buque_006525,Grecia,2025,19672,354,23,19,Naviera_007160
9006526,Buque_006526,Islas Marshall,2000,3118,149,17,10,Naviera_007975
9006527,Buque_006527,Hong Kong,2001,5226,267,43,15,Naviera_003458
9006528,Buque_006528,Singapur,2002,3381,85,41,18,Naviera_003301
9006529,Buque_006529,Malta,1994,13960,307,15,11,Naviera_003602
9006530,Buque_006530,Ecuador,1996,21916,376,57,13,Naviera_007314
9006531,Buque_006531,Mexico,2009,2754,393,39,7,Naviera_009796
9006532,Buque_006532,Singapur,1991,13758,209,59,10,Naviera_004022
9006533,Buque_006533,Singapur,2012,20358,299,51,6,Naviera_001585
9006534,Buque_006534,Liberia,1989,5556,110,44,16,Naviera_003346
9006535,Buque_006535,Mexico,1984,14469,193,49,17,Naviera_004017
9006536,Buque_006536,Colombia,1987,19516,340,44,11,Naviera_001688
9006537,Buque_006537,Peru,1995,14839,125,51,12,Naviera_007732
9006538,Buque_006538,Peru,1999,14951,69,33,10,Naviera_006929
9006539,Buque_006539,Bahamas,1999,1767,100,29,10,Naviera_009273
9006540,Buque_006540,Hong Kong,2016,8979,294,35,16,Naviera_008065
9006541,Buque_006541,Singapur,1989,17389,376,20,11,Naviera_000772
9006542,Buque_006542,Ecuador,2010,12631,349,38,9,Naviera_003609
9006543,Buque_006543,Hong Kong,1985,11572,283,11,12,Naviera_002282
9006544,Buque_006544,Panama,2006,14935,231,49,13,Naviera_000599
9006545,Buque_006545,Panama,2010,14034,263,34,7,Naviera_009848
9006546,Buque_006546,Panama,2004,15746,375,25,14,Naviera_000621
9006547,Buque_006547,Chile,2007,731,252,18,15,Naviera_008402
9006548,Buque_006548,China,1980,13156,237,59,14,Naviera_006412
9006549,Buque_006549,Panama,2017,16457,127,53,9,Naviera_004432
9006550,Buque_006550,China,2018,21729,399,31,7,Naviera_008566
9006551,Buque_006551,Estados Unidos,2011,17439,188,54,7,Naviera_002031
9006552,Buque_006552,Ecuador,1994,22188,312,48,6,Naviera_007325
9006553,Buque_006553,Mexico,2017,10320,394,48,14,Naviera_000797
9006554,Buque_006554,Dinamarca,2015,9824,96,26,11,Naviera_008506
9006555,Buque_006555,Noruega,2016,8205,273,56,10,Naviera_001640
9006556,Buque_006556,Reino Unido,1982,6807,238,29,7,Naviera_002392
9006557,Buque_006557,Noruega,2003,2721,395,26,12,Naviera_004223
9006558,Buque_006558,Alemania,2023,21746,331,33,16,Naviera_000140
9006559,Buque_006559,Estados Unidos,2007,20620,175,33,17,Naviera_002882
9006560,Buque_006560,Liberia,1996,14520,169,16,14,Naviera_000187
9006561,Buque_006561,Espana,2025,22203,170,18,9,Naviera_009456
9006562,Buque_006562,Malta,1986,12797,216,23,12,Naviera_001551
9006563,Buque_006563,Liberia,1986,5536,212,37,16,Naviera_001797
9006564,Buque_006564,Panama,2011,12118,364,18,19,Naviera_009547
9006565,Buque_006565,Reino Unido,2002,20670,103,54,7,Naviera_006385
9006566,Buque_006566,China,1980,17696,80,29,19,Naviera_006550
9006567,Buque_006567,Ecuador,2011,14797,180,15,15,Naviera_007966
9006568,Buque_006568,Dinamarca,2015,11114,397,48,10,Naviera_008065
9006569,Buque_006569,Malta,2022,13520,130,50,10,Naviera_003454
9006570,Buque_006570,Peru,2005,6720,328,45,13,Naviera_009424
9006571,Buque_006571,Ecuador,2021,23690,98,55,6,Naviera_004842
9006572,Buque_006572,Colombia,2006,4988,370,14,9,Naviera_009872
9006573,Buque_006573,Malta,1996,21389,331,37,9,Naviera_008583
9006574,Buque_006574,Espana,1989,11533,178,52,12,Naviera_009284
9006575,Buque_006575,China,2008,3100,160,28,14,Naviera_006450
9006576,Buque_006576,Panama,1994,8721,317,22,19,Naviera_002631
9006577,Buque_006577,Reino Unido,1982,23561,295,48,18,Naviera_004984
9006578,Buque_006578,Ecuador,2010,9397,67,32,12,Naviera_001635
9006579,Buque_006579,Estados Unidos,1995,5254,87,31,8,Naviera_006385
9006580,Buque_006580,Hong Kong,2000,5690,362,51,13,Naviera_007533
9006581,Buque_006581,Bahamas,2019,18872,92,33,13,Naviera_009278
9006582,Buque_006582,Estados Unidos,2019,13463,79,51,11,Naviera_002511
9006583,Buque_006583,Peru,2005,10109,269,18,14,Naviera_003620
9006584,Buque_006584,Dinamarca,2019,6185,391,56,9,Naviera_005910
9006585,Buque_006585,Alemania,1986,21063,257,13,16,Naviera_000495
9006586,Buque_006586,Noruega,1995,7131,358,30,16,Naviera_001675
9006587,Buque_006587,Bahamas,1991,7415,195,54,15,Naviera_009390
9006588,Buque_006588,Alemania,1990,7955,302,10,14,Naviera_005563
9006589,Buque_006589,Mexico,1991,9631,57,16,9,Naviera_005311
9006590,Buque_006590,Dinamarca,1989,6059,315,14,17,Naviera_002046
9006591,Buque_006591,Singapur,2000,15743,157,40,9,Naviera_007875
9006592,Buque_006592,Estados Unidos,1982,4342,162,54,14,Naviera_005402
9006593,Buque_006593,Bahamas,2005,10041,301,51,12,Naviera_004382
9006594,Buque_006594,Espana,2013,19576,363,54,17,Naviera_003926
9006595,Buque_006595,Brasil,2009,21283,269,54,9,Naviera_001510
9006596,Buque_006596,Singapur,2004,17429,384,22,14,Naviera_003886
9006597,Buque_006597,Brasil,2015,22417,55,46,7,Naviera_000433
9006598,Buque_006598,Japon,2013,7788,302,29,10,Naviera_000445
9006599,Buque_006599,Dinamarca,2013,13235,262,51,13,Naviera_001706
9006600,Buque_006600,Chile,2018,3085,190,35,18,Naviera_006038
9006601,Buque_006601,Hong Kong,1988,18910,203,50,13,Naviera_006201
9006602,Buque_006602,Colombia,1985,11523,189,46,10,Naviera_003013
9006603,Buque_006603,Panama,1980,3183,229,41,7,Naviera_006268
9006604,Buque_006604,Ecuador,1995,6824,313,50,17,Naviera_005883
9006605,Buque_006605,Estados Unidos,2023,8285,208,10,17,Naviera_004954
9006606,Buque_006606,Colombia,1994,19677,107,29,15,Naviera_007132
9006607,Buque_006607,Reino Unido,1995,12216,392,13,7,Naviera_009132
9006608,Buque_006608,Chile,2009,7962,240,44,16,Naviera_007635
9006609,Buque_006609,Dinamarca,1999,9814,275,23,11,Naviera_005011
9006610,Buque_006610,Peru,2000,4956,363,57,5,Naviera_009484
9006611,Buque_006611,Mexico,1993,11939,270,26,11,Naviera_007182
9006612,Buque_006612,China,2015,15320,180,18,16,Naviera_008849
9006613,Buque_006613,Espana,2005,19810,193,35,14,Naviera_005094
9006614,Buque_006614,Chile,1991,9671,385,26,15,Naviera_007183
9006615,Buque_006615,Mexico,1984,1545,63,19,10,Naviera_000669
9006616,Buque_006616,Chile,1997,10592,253,11,15,Naviera_002196
9006617,Buque_006617,Peru,2007,14743,183,12,12,Naviera_003072
9006618,Buque_006618,Ecuador,2014,15304,260,32,11,Naviera_003376
9006619,Buque_006619,Bahamas,2004,7709,296,40,7,Naviera_001271
9006620,Buque_006620,China,2016,16800,375,50,18,Naviera_009919
9006621,Buque_006621,Dinamarca,1985,20507,172,56,15,Naviera_000183
9006622,Buque_006622,Mexico,1982,1634,237,37,17,Naviera_009586
9006623,Buque_006623,Ecuador,2002,18197,137,21,6,Naviera_004041
9006624,Buque_006624,Peru,1986,21513,291,34,9,Naviera_000234
9006625,Buque_006625,Islas Marshall,1982,20729,67,28,8,Naviera_002040
9006626,Buque_006626,Estados Unidos,1981,16284,399,42,9,Naviera_009147
9006627,Buque_006627,Peru,2024,7043,365,29,17,Naviera_002910
9006628,Buque_006628,Espana,2024,22660,371,30,19,Naviera_009153
9006629,Buque_006629,Noruega,2014,14781,388,24,19,Naviera_003582
9006630,Buque_006630,Singapur,1984,19636,95,34,7,Naviera_009999
9006631,Buque_006631,Liberia,1988,22153,239,43,16,Naviera_008190
9006632,Buque_006632,Chile,1997,12042,351,10,15,Naviera_003885
9006633,Buque_006633,Panama,1980,18919,396,40,16,Naviera_005133
9006634,Buque_006634,Singapur,2019,14813,374,40,12,Naviera_009814
9006635,Buque_006635,Brasil,2012,22667,388,17,9,Naviera_002845
9006636,Buque_006636,Panama,2024,17351,380,33,19,Naviera_005048
9006637,Buque_006637,Hong Kong,2004,3945,378,49,8,Naviera_008988
9006638,Buque_006638,Peru,2009,685,323,17,7,Naviera_002278
9006639,Buque_006639,Alemania,1989,6375,102,25,7,Naviera_002674
9006640,Buque_006640,Alemania,2021,13310,111,42,11,Naviera_009319
9006641,Buque_006641,Islas Marshall,1991,6446,386,25,14,Naviera_000952
9006642,Buque_006642,Malta,2023,20131,300,31,19,Naviera_002475
9006643,Buque_006643,Colombia,2010,19779,275,36,5,Naviera_001711
9006644,Buque_006644,Japon,1986,7624,242,17,7,Naviera_000254
9006645,Buque_006645,Malta,1983,12665,298,57,18,Naviera_000811
9006646,Buque_006646,Mexico,1988,736,298,52,10,Naviera_008683
9006647,Buque_006647,Singapur,1993,3091,336,34,17,Naviera_009339
9006648,Buque_006648,China,2010,1663,117,57,8,Naviera_005550
9006649,Buque_006649,Dinamarca,1980,16238,280,50,19,Naviera_002183
9006650,Buque_006650,Alemania,2025,9524,197,21,7,Naviera_004771
9006651,Buque_006651,Noruega,1991,16283,174,47,17,Naviera_009000
9006652,Buque_006652,Alemania,1995,23362,79,43,7,Naviera_008179
9006653,Buque_006653,Espana,1996,7139,128,18,13,Naviera_004373
9006654,Buque_006654,Japon,1989,20145,376,39,10,Naviera_000777
9006655,Buque_006655,Islas Marshall,1986,7174,273,56,8,Naviera_009675
9006656,Buque_006656,Noruega,1996,15460,89,54,10,Naviera_009349
9006657,Buque_006657,Colombia,2018,1109,296,34,8,Naviera_001695
9006658,Buque_006658,Singapur,2005,4014,77,51,18,Naviera_004510
9006659,Buque_006659,Reino Unido,1998,23353,210,19,5,Naviera_008056
9006660,Buque_006660,Bahamas,2000,7868,113,39,13,Naviera_009338
9006661,Buque_006661,Noruega,2006,9132,291,52,15,Naviera_003377
9006662,Buque_006662,Alemania,2004,3773,273,31,5,Naviera_003039
9006663,Buque_006663,Dinamarca,2003,10470,377,14,19,Naviera_007160
9006664,Buque_006664,Japon,1999,20873,87,19,7,Naviera_003431
9006665,Buque_006665,Alemania,2003,16427,397,27,14,Naviera_005324
9006666,Buque_006666,Noruega,1985,5013,146,27,5,Naviera_009896
9006667,Buque_006667,Brasil,1985,1631,98,49,18,Naviera_000904
9006668,Buque_006668,Liberia,1985,8300,341,42,13,Naviera_009557
9006669,Buque_006669,Colombia,2006,3740,240,44,18,Naviera_005500
9006670,Buque_006670,Peru,1991,16025,193,54,16,Naviera_001053
9006671,Buque_006671,Singapur,2025,3684,394,35,5,Naviera_004052
9006672,Buque_006672,Noruega,1996,799,384,46,15,Naviera_009532
9006673,Buque_006673,Singapur,1985,1131,98,18,9,Naviera_004253
9006674,Buque_006674,Brasil,1998,2209,159,40,13,Naviera_004118
9006675,Buque_006675,Colombia,1990,715,369,11,7,Naviera_009831
9006676,Buque_006676,China,2001,21397,126,11,14,Naviera_006709
9006677,Buque_006677,Noruega,2015,12546,220,45,19,Naviera_004989
9006678,Buque_006678,Mexico,1987,14577,213,42,17,Naviera_006202
9006679,Buque_006679,China,1992,8304,216,24,8,Naviera_009329
9006680,Buque_006680,Chile,2006,19959,113,15,16,Naviera_007212
9006681,Buque_006681,Ecuador,2022,21908,191,44,9,Naviera_008233
9006682,Buque_006682,Alemania,2008,18428,250,34,16,Naviera_000446
9006683,Buque_006683,Bahamas,2011,19009,110,57,11,Naviera_004007
9006684,Buque_006684,Panama,2010,3055,185,41,18,Naviera_001983
9006685,Buque_006685,Peru,2014,14764,257,38,13,Naviera_009424
9006686,Buque_006686,Singapur,2007,6386,213,22,9,Naviera_008779
9006687,Buque_006687,Dinamarca,2021,5503,259,58,7,Naviera_006537
9006688,Buque_006688,Malta,1997,22880,363,24,6,Naviera_004777
9006689,Buque_006689,Malta,1996,1409,117,16,15,Naviera_000324
9006690,Buque_006690,Bahamas,2018,14308,262,45,18,Naviera_008307
9006691,Buque_006691,Peru,1995,3719,360,39,11,Naviera_001978
9006692,Buque_006692,Singapur,1986,16695,98,42,19,Naviera_003690
9006693,Buque_006693,Grecia,2007,645,244,49,18,Naviera_009160
9006694,Buque_006694,Hong Kong,1988,12840,398,54,18,Naviera_006965
9006695,Buque_006695,Grecia,2016,12570,102,11,17,Naviera_009510
9006696,Buque_006696,Hong Kong,2004,19288,323,48,11,Naviera_003194
9006697,Buque_006697,Brasil,2008,3981,288,25,17,Naviera_002998
9006698,Buque_006698,Brasil,2017,13135,318,18,9,Naviera_008977
9006699,Buque_006699,Mexico,1984,19786,109,27,5,Naviera_003256
9006700,Buque_006700,Bahamas,2012,6494,335,59,16,Naviera_004635
9006701,Buque_006701,Liberia,1994,18749,292,32,14,Naviera_000218
9006702,Buque_006702,Dinamarca,2015,862,299,21,8,Naviera_004802
9006703,Buque_006703,Reino Unido,2016,23335,330,10,18,Naviera_005314
9006704,Buque_006704,Espana,1981,23923,377,19,5,Naviera_004447
9006705,Buque_006705,Alemania,1995,7407,152,41,5,Naviera_000007
9006706,Buque_006706,Noruega,1998,20376,58,36,14,Naviera_008338
9006707,Buque_006707,Chile,2013,12152,192,23,11,Naviera_009119
9006708,Buque_006708,Dinamarca,2013,8052,144,37,11,Naviera_009079
9006709,Buque_006709,Estados Unidos,2022,15543,361,44,17,Naviera_008628
9006710,Buque_006710,Grecia,2013,22503,83,52,10,Naviera_002501
9006711,Buque_006711,Hong Kong,2007,4831,299,31,8,Naviera_001764
9006712,Buque_006712,Mexico,1998,23049,351,46,5,Naviera_004965
9006713,Buque_006713,Alemania,2000,5381,310,43,9,Naviera_003754
9006714,Buque_006714,Singapur,2006,14743,307,58,19,Naviera_005860
9006715,Buque_006715,Bahamas,1997,6290,168,43,8,Naviera_000838
9006716,Buque_006716,Panama,2017,14179,225,36,11,Naviera_009306
9006717,Buque_006717,Noruega,1984,6096,129,30,9,Naviera_001745
9006718,Buque_006718,Bahamas,1980,17682,320,45,12,Naviera_008883
9006719,Buque_006719,Liberia,2014,2929,196,15,11,Naviera_005810
9006720,Buque_006720,China,1993,22778,169,37,8,Naviera_001373
9006721,Buque_006721,Malta,1982,16485,348,16,16,Naviera_007478
9006722,Buque_006722,Japon,1984,14668,182,30,5,Naviera_007117
9006723,Buque_006723,Bahamas,2012,16661,250,13,13,Naviera_009970
9006724,Buque_006724,Grecia,1985,4974,269,43,11,Naviera_002341
9006725,Buque_006725,Singapur,1989,4691,284,14,10,Naviera_006804
9006726,Buque_006726,Noruega,1997,5480,349,48,18,Naviera_001302
9006727,Buque_006727,Singapur,2017,15930,59,26,5,Naviera_007020
9006728,Buque_006728,Grecia,1982,17357,286,50,12,Naviera_000141
9006729,Buque_006729,China,1980,23460,375,46,13,Naviera_001031
9006730,Buque_006730,Malta,2010,13319,376,14,10,Naviera_009634
9006731,Buque_006731,China,1994,7604,249,52,8,Naviera_005831
9006732,Buque_006732,Colombia,2021,19408,251,44,9,Naviera_006753
9006733,Buque_006733,Singapur,1994,11806,126,20,12,Naviera_008973
9006734,Buque_006734,Alemania,2024,13085,82,44,16,Naviera_008879
9006735,Buque_006735,Malta,2021,16684,171,24,18,Naviera_001951
9006736,Buque_006736,Estados Unidos,2014,12189,326,13,17,Naviera_001118
9006737,Buque_006737,Alemania,1988,12836,296,22,9,Naviera_002574
9006738,Buque_006738,China,1992,4242,325,28,7,Naviera_009442
9006739,Buque_006739,Grecia,2005,8534,359,29,7,Naviera_008747
9006740,Buque_006740,Peru,1999,22830,248,49,13,Naviera_003411
9006741,Buque_006741,Ecuador,1987,23150,208,38,10,Naviera_000244
9006742,Buque_006742,Liberia,2024,3028,288,40,12,Naviera_001386
9006743,Buque_006743,Islas Marshall,2022,20337,230,29,13,Naviera_001726
9006744,Buque_006744,Dinamarca,2012,16443,379,20,13,Naviera_007277
9006745,Buque_006745,Brasil,2011,21485,137,38,14,Naviera_006674
9006746,Buque_006746,Espana,2012,23297,292,48,13,Naviera_008062
9006747,Buque_006747,Ecuador,1984,9661,289,15,7,Naviera_007874
9006748,Buque_006748,Mexico,1998,8272,267,48,17,Naviera_000068
9006749,Buque_006749,Japon,1990,12084,194,31,5,Naviera_002883
9006750,Buque_006750,Peru,1989,14545,223,18,15,Naviera_005533
9006751,Buque_006751,Bahamas,1998,21542,326,26,9,Naviera_009019
9006752,Buque_006752,Alemania,1989,6731,91,48,17,Naviera_006230
9006753,Buque_006753,Malta,1993,7010,347,42,7,Naviera_009800
9006754,Buque_006754,Noruega,1994,22458,335,52,10,Naviera_004998
9006755,Buque_006755,Islas Marshall,2011,9973,329,35,18,Naviera_004628
9006756,Buque_006756,Japon,1986,11562,363,47,5,Naviera_007478
9006757,Buque_006757,Panama,2002,15274,172,29,18,Naviera_002509
9006758,Buque_006758,Hong Kong,2011,19627,180,43,5,Naviera_009034
9006759,Buque_006759,Singapur,1982,19261,248,58,8,Naviera_003160
9006760,Buque_006760,Estados Unidos,2018,20838,95,34,10,Naviera_001017
9006761,Buque_006761,Colombia,1983,8038,50,53,8,Naviera_004300
9006762,Buque_006762,Dinamarca,1998,16123,253,31,5,Naviera_000033
9006763,Buque_006763,Reino Unido,1997,4998,373,42,7,Naviera_002674
9006764,Buque_006764,Islas Marshall,1999,21923,386,58,19,Naviera_009232
9006765,Buque_006765,Liberia,1995,22015,96,37,12,Naviera_007229
9006766,Buque_006766,Chile,2002,10546,143,48,8,Naviera_003067
9006767,Buque_006767,Singapur,1994,1208,290,37,12,Naviera_005806
9006768,Buque_006768,Mexico,2015,1130,316,54,19,Naviera_002947
9006769,Buque_006769,Grecia,2024,20306,222,27,18,Naviera_002347
9006770,Buque_006770,Peru,1993,10946,166,23,10,Naviera_009678
9006771,Buque_006771,Ecuador,2008,18681,108,17,11,Naviera_008336
9006772,Buque_006772,Alemania,2020,18720,167,34,11,Naviera_009036
9006773,Buque_006773,Bahamas,1983,18798,357,45,19,Naviera_009604
9006774,Buque_006774,Peru,1982,18058,279,48,12,Naviera_007044
9006775,Buque_006775,Panama,2010,18009,351,38,5,Naviera_001003
9006776,Buque_006776,Peru,2006,14296,254,17,11,Naviera_008213
9006777,Buque_006777,Ecuador,2008,14992,305,34,12,Naviera_005584
9006778,Buque_006778,Espana,2005,2773,274,53,18,Naviera_001811
9006779,Buque_006779,Chile,1983,22225,310,45,14,Naviera_002741
9006780,Buque_006780,Noruega,1998,9728,74,52,17,Naviera_005212
9006781,Buque_006781,Alemania,1991,14187,394,55,15,Naviera_003598
9006782,Buque_006782,Dinamarca,1995,15623,320,42,9,Naviera_008353
9006783,Buque_006783,Alemania,1984,3276,291,14,8,Naviera_007304
9006784,Buque_006784,Colombia,2011,9625,75,25,7,Naviera_007974
9006785,Buque_006785,Malta,1997,16875,188,55,8,Naviera_004647
9006786,Buque_006786,China,2004,522,399,21,13,Naviera_007322
9006787,Buque_006787,Panama,2020,14995,185,37,8,Naviera_003686
9006788,Buque_006788,Espana,2022,10937,231,45,14,Naviera_004502
9006789,Buque_006789,Grecia,2000,12065,158,30,7,Naviera_008195
9006790,Buque_006790,Japon,1990,4512,266,10,11,Naviera_002271
9006791,Buque_006791,Grecia,1984,12809,120,30,14,Naviera_005351
9006792,Buque_006792,Mexico,2007,5003,339,11,8,Naviera_000918
9006793,Buque_006793,Peru,1980,21559,144,40,7,Naviera_002616
9006794,Buque_006794,Japon,2005,15089,90,26,18,Naviera_007455
9006795,Buque_006795,Mexico,2009,19380,95,25,9,Naviera_006825
9006796,Buque_006796,Dinamarca,1999,22765,143,22,9,Naviera_008862
9006797,Buque_006797,Reino Unido,1991,23151,221,19,18,Naviera_004838
9006798,Buque_006798,Alemania,2017,12690,256,30,15,Naviera_005244
9006799,Buque_006799,Espana,1995,6638,124,28,13,Naviera_007549
9006800,Buque_006800,Espana,2011,1718,291,19,19,Naviera_009098
9006801,Buque_006801,Mexico,1983,13248,81,36,6,Naviera_002079
9006802,Buque_006802,Reino Unido,1995,5147,331,12,11,Naviera_007455
9006803,Buque_006803,Peru,2023,20403,353,46,15,Naviera_002399
9006804,Buque_006804,Brasil,2003,16629,71,56,19,Naviera_006068
9006805,Buque_006805,Ecuador,1980,19507,234,31,13,Naviera_008177
9006806,Buque_006806,Japon,1983,21903,142,19,11,Naviera_009563
9006807,Buque_006807,Peru,2013,9252,211,19,16,Naviera_001215
9006808,Buque_006808,Islas Marshall,2016,5936,267,55,14,Naviera_001220
9006809,Buque_006809,Hong Kong,1995,14715,122,44,7,Naviera_009623
9006810,Buque_006810,Peru,2025,7697,242,47,8,Naviera_008485
9006811,Buque_006811,Malta,2009,20598,110,34,9,Naviera_003606
9006812,Buque_006812,Japon,2007,21626,207,23,5,Naviera_001414
9006813,Buque_006813,Peru,2017,23517,252,57,9,Naviera_006167
9006814,Buque_006814,Ecuador,1995,545,273,29,11,Naviera_000051
9006815,Buque_006815,Japon,1991,19907,194,35,15,Naviera_001360
9006816,Buque_006816,Malta,1993,17478,100,33,17,Naviera_005952
9006817,Buque_006817,Alemania,1996,19876,370,33,8,Naviera_006740
9006818,Buque_006818,Mexico,1995,19416,129,10,12,Naviera_006875
9006819,Buque_006819,Singapur,2024,6646,350,29,5,Naviera_008171
9006820,Buque_006820,Panama,1981,2772,303,40,15,Naviera_007836
9006821,Buque_006821,Estados Unidos,1990,14317,141,53,10,Naviera_005307
9006822,Buque_006822,Mexico,2007,15018,142,28,8,Naviera_004333
9006823,Buque_006823,Islas Marshall,2013,19174,262,13,11,Naviera_003799
9006824,Buque_006824,Noruega,1983,11235,113,20,6,Naviera_004026
9006825,Buque_006825,Alemania,2021,17435,90,18,17,Naviera_009383
9006826,Buque_006826,Ecuador,2004,18200,271,54,19,Naviera_001257
9006827,Buque_006827,Colombia,1989,10112,104,16,8,Naviera_004562
9006828,Buque_006828,Espana,2016,7809,385,43,15,Naviera_008591
9006829,Buque_006829,Bahamas,2014,18407,175,19,19,Naviera_008947
9006830,Buque_006830,Noruega,2015,8734,319,12,16,Naviera_000847
9006831,Buque_006831,China,1988,1152,98,36,17,Naviera_005079
9006832,Buque_006832,Chile,1982,16981,202,49,11,Naviera_004268
9006833,Buque_006833,China,2006,14000,238,54,14,Naviera_000195
9006834,Buque_006834,Colombia,1986,22659,73,41,19,Naviera_005511
9006835,Buque_006835,Malta,2010,20676,160,52,5,Naviera_004762
9006836,Buque_006836,Malta,2003,15622,84,43,10,Naviera_000020
9006837,Buque_006837,Japon,2012,894,115,44,15,Naviera_006884
9006838,Buque_006838,Noruega,1985,18339,124,10,5,Naviera_006163
9006839,Buque_006839,Noruega,2020,11551,177,57,18,Naviera_005400
9006840,Buque_006840,Reino Unido,2014,23520,93,35,8,Naviera_001803
9006841,Buque_006841,Espana,2022,4049,376,47,19,Naviera_001940
9006842,Buque_006842,Hong Kong,1996,16544,247,24,7,Naviera_001497
9006843,Buque_006843,Bahamas,1998,6314,183,16,17,Naviera_001038
9006844,Buque_006844,Reino Unido,1996,8212,111,30,7,Naviera_008482
9006845,Buque_006845,Espana,1985,6053,327,31,14,Naviera_008411
9006846,Buque_006846,Dinamarca,1989,17664,91,55,7,Naviera_009425
9006847,Buque_006847,Singapur,2014,22049,198,45,13,Naviera_006142
9006848,Buque_006848,Chile,2015,16160,258,40,7,Naviera_005385
9006849,Buque_006849,Alemania,2007,6662,295,39,7,Naviera_007747
9006850,Buque_006850,Grecia,2014,18761,344,26,6,Naviera_007563
9006851,Buque_006851,Liberia,1991,15116,330,12,16,Naviera_007265
9006852,Buque_006852,Reino Unido,1990,14864,172,14,13,Naviera_000552
9006853,Buque_006853,Espana,1984,15546,241,12,6,Naviera_005012
9006854,Buque_006854,Japon,1992,12962,320,41,9,Naviera_002963
9006855,Buque_006855,Mexico,1992,9950,71,35,17,Naviera_009369
9006856,Buque_006856,Japon,2002,8050,169,18,16,Naviera_000639
9006857,Buque_006857,Malta,1987,23029,374,37,14,Naviera_009982
9006858,Buque_006858,Islas Marshall,1982,18226,399,58,11,Naviera_005340
9006859,Buque_006859,Grecia,1984,7406,151,33,12,Naviera_007628
9006860,Buque_006860,Colombia,1988,13084,269,32,14,Naviera_005000
9006861,Buque_006861,Liberia,2025,13149,362,10,15,Naviera_006860
9006862,Buque_006862,Mexico,2008,14830,302,31,11,Naviera_001090
9006863,Buque_006863,Espana,2005,12692,53,41,5,Naviera_006433
9006864,Buque_006864,Estados Unidos,2005,22690,329,55,9,Naviera_003640
9006865,Buque_006865,Espana,2006,10828,331,43,5,Naviera_006845
9006866,Buque_006866,Colombia,2002,14083,103,44,17,Naviera_009046
9006867,Buque_006867,Colombia,1986,9866,326,45,10,Naviera_009217
9006868,Buque_006868,Hong Kong,2006,23660,320,48,11,Naviera_003101
9006869,Buque_006869,Bahamas,2025,947,104,46,18,Naviera_007171
9006870,Buque_006870,Malta,1986,4786,123,41,15,Naviera_008928
9006871,Buque_006871,Malta,2001,1890,148,47,17,Naviera_008819
9006872,Buque_006872,Espana,1992,20058,110,50,13,Naviera_000965
9006873,Buque_006873,Noruega,1998,1413,272,12,5,Naviera_008063
9006874,Buque_006874,Estados Unidos,1996,8499,399,45,18,Naviera_001152
9006875,Buque_006875,Islas Marshall,1996,9255,153,11,13,Naviera_004015
9006876,Buque_006876,Islas Marshall,1999,8722,78,18,18,Naviera_005612
9006877,Buque_006877,Liberia,2019,4887,293,55,16,Naviera_008654
9006878,Buque_006878,Peru,1993,17084,239,19,12,Naviera_009674
9006879,Buque_006879,China,1990,9490,155,45,14,Naviera_000014
9006880,Buque_006880,Hong Kong,2004,22512,359,29,18,Naviera_006369
9006881,Buque_006881,Colombia,2014,14753,320,34,10,Naviera_004182
9006882,Buque_006882,Singapur,1999,5341,376,28,15,Naviera_007105
9006883,Buque_006883,Peru,1994,22626,81,30,5,Naviera_000197
9006884,Buque_006884,Mexico,1990,4482,61,40,9,Naviera_003700
9006885,Buque_006885,Malta,1993,20426,379,55,17,Naviera_000090
9006886,Buque_006886,Hong Kong,1984,3455,76,54,19,Naviera_004421
9006887,Buque_006887,Brasil,1997,9391,290,41,9,Naviera_008327
9006888,Buque_006888,Malta,1982,11729,78,24,11,Naviera_006275
9006889,Buque_006889,Ecuador,2021,20139,278,36,8,Naviera_002479
9006890,Buque_006890,Ecuador,2000,1759,137,31,6,Naviera_007374
9006891,Buque_006891,Reino Unido,1984,14900,279,50,16,Naviera_001702
9006892,Buque_006892,Alemania,2003,7641,104,30,6,Naviera_001275
9006893,Buque_006893,Colombia,1998,16584,347,26,14,Naviera_007961
9006894,Buque_006894,Ecuador,2006,19595,256,29,8,Naviera_006966
9006895,Buque_006895,Espana,2015,10203,315,41,15,Naviera_004196
9006896,Buque_006896,Liberia,1986,16707,315,16,15,Naviera_005939
9006897,Buque_006897,Mexico,1986,8701,397,52,6,Naviera_009453
9006898,Buque_006898,Malta,2012,1111,118,14,8,Naviera_000420
9006899,Buque_006899,China,1989,8998,131,29,9,Naviera_006587
9006900,Buque_006900,Estados Unidos,1996,9963,334,47,9,Naviera_009221
9006901,Buque_006901,Dinamarca,1987,9406,147,23,16,Naviera_008016
9006902,Buque_006902,Brasil,2014,3968,307,50,15,Naviera_005707
9006903,Buque_006903,Islas Marshall,1980,8256,237,47,6,Naviera_001969
9006904,Buque_006904,Singapur,2001,7671,365,39,13,Naviera_009821
9006905,Buque_006905,Alemania,1989,10900,303,57,13,Naviera_001926
9006906,Buque_006906,Colombia,2009,2999,396,35,19,Naviera_000258
9006907,Buque_006907,Ecuador,2006,19325,265,23,17,Naviera_004064
9006908,Buque_006908,Ecuador,2022,16820,108,50,17,Naviera_008591
9006909,Buque_006909,Singapur,1980,1888,182,12,13,Naviera_005840
9006910,Buque_006910,Malta,1999,12805,315,45,8,Naviera_009781
9006911,Buque_006911,Bahamas,2002,22236,60,25,15,Naviera_005428
9006912,Buque_006912,Chile,2006,13310,356,58,13,Naviera_000013
9006913,Buque_006913,Espana,1998,6860,287,49,9,Naviera_000381
9006914,Buque_006914,Colombia,2002,5286,92,56,10,Naviera_000624
9006915,Buque_006915,Estados Unidos,1981,5542,262,11,18,Naviera_005983
9006916,Buque_006916,Malta,2011,12940,129,30,14,Naviera_002234
9006917,Buque_006917,Espana,2013,6832,153,35,15,Naviera_003282
9006918,Buque_006918,Panama,2008,9772,284,22,14,Naviera_002537
9006919,Buque_006919,Brasil,1986,2579,397,44,10,Naviera_003905
9006920,Buque_006920,Ecuador,1986,8708,141,42,11,Naviera_000299
9006921,Buque_006921,Reino Unido,1990,21812,161,19,15,Naviera_008495
9006922,Buque_006922,Mexico,1991,8925,147,38,18,Naviera_007531
9006923,Buque_006923,Alemania,1988,16535,242,50,8,Naviera_004282
9006924,Buque_006924,Peru,1999,1729,251,52,16,Naviera_004932
9006925,Buque_006925,Chile,2012,21197,317,53,16,Naviera_001102
9006926,Buque_006926,Peru,2003,20657,235,42,15,Naviera_009048
9006927,Buque_006927,Bahamas,2002,2303,96,43,17,Naviera_006621
9006928,Buque_006928,Japon,1984,22371,156,47,11,Naviera_007396
9006929,Buque_006929,Ecuador,1990,15044,259,23,12,Naviera_000658
9006930,Buque_006930,Alemania,2015,6044,300,14,17,Naviera_008154
9006931,Buque_006931,Islas Marshall,1983,7397,225,49,6,Naviera_008817
9006932,Buque_006932,Colombia,2004,12867,339,14,5,Naviera_008066
9006933,Buque_006933,Grecia,1987,13930,105,30,8,Naviera_009238
9006934,Buque_006934,Peru,1984,14507,300,22,9,Naviera_004685
9006935,Buque_006935,China,1981,13963,136,36,5,Naviera_008231
9006936,Buque_006936,Peru,1987,19878,383,58,16,Naviera_005880
9006937,Buque_006937,Chile,2017,22218,157,44,10,Naviera_006510
9006938,Buque_006938,Grecia,1984,22356,329,47,6,Naviera_008992
9006939,Buque_006939,Panama,2001,11557,214,46,15,Naviera_005653
9006940,Buque_006940,China,1986,14124,297,29,10,Naviera_004607
9006941,Buque_006941,Panama,2013,10461,76,19,16,Naviera_004853
9006942,Buque_006942,Mexico,2017,23374,60,29,18,Naviera_003580
9006943,Buque_006943,Colombia,1982,14985,240,26,10,Naviera_008713
9006944,Buque_006944,Bahamas,1991,8491,386,40,10,Naviera_003423
9006945,Buque_006945,Malta,1992,14906,362,41,12,Naviera_005492
9006946,Buque_006946,Chile,2025,17240,68,30,8,Naviera_008978
9006947,Buque_006947,Ecuador,1995,5286,367,48,10,Naviera_007392
9006948,Buque_006948,Hong Kong,2011,16383,383,46,19,Naviera_009018
9006949,Buque_006949,Dinamarca,2005,20894,332,27,18,Naviera_008908
9006950,Buque_006950,Ecuador,2011,2540,172,31,12,Naviera_005787
9006951,Buque_006951,Espana,2011,719,377,42,19,Naviera_008877
9006952,Buque_006952,China,1998,19625,65,10,13,Naviera_001255
9006953,Buque_006953,Alemania,2004,16062,294,49,11,Naviera_006436
9006954,Buque_006954,Alemania,1993,8983,111,28,7,Naviera_002027
9006955,Buque_006955,Chile,1991,11127,58,49,11,Naviera_008298
9006956,Buque_006956,Japon,1980,7601,52,56,6,Naviera_000305
9006957,Buque_006957,Liberia,2006,20364,149,52,9,Naviera_001773
9006958,Buque_006958,Panama,1989,14628,178,43,18,Naviera_004938
9006959,Buque_006959,Grecia,2018,1504,396,11,15,Naviera_004596
9006960,Buque_006960,Noruega,1989,655,144,17,16,Naviera_008537
9006961,Buque_006961,Malta,2023,8641,248,50,12,Naviera_006633
9006962,Buque_006962,Brasil,2010,14105,59,17,19,Naviera_005044
9006963,Buque_006963,Japon,2023,22812,302,51,9,Naviera_003392
9006964,Buque_006964,Reino Unido,2000,14876,226,13,17,Naviera_004719
9006965,Buque_006965,Chile,1992,19559,305,46,14,Naviera_002615
9006966,Buque_006966,Chile,1998,17785,122,48,13,Naviera_004391
9006967,Buque_006967,China,2006,8785,325,41,16,Naviera_003478
9006968,Buque_006968,Panama,2015,7183,140,24,7,Naviera_008401
9006969,Buque_006969,Hong Kong,2012,7011,170,24,19,Naviera_000394
9006970,Buque_006970,Chile,2025,12636,319,53,18,Naviera_008877
9006971,Buque_006971,Japon,2010,19405,190,19,17,Naviera_002078
9006972,Buque_006972,Hong Kong,2019,15099,221,53,9,Naviera_005152
9006973,Buque_006973,Bahamas,2019,1592,116,27,9,Naviera_008354
9006974,Buque_006974,Dinamarca,1984,12769,51,18,19,Naviera_003857
9006975,Buque_006975,Malta,2009,21358,151,33,17,Naviera_000335
9006976,Buque_006976,Colombia,1980,11422,182,31,11,Naviera_006229
9006977,Buque_006977,Mexico,1981,3728,270,13,5,Naviera_007298
9006978,Buque_006978,Chile,1991,23148,94,28,18,Naviera_003263
9006979,Buque_006979,Colombia,2009,21532,121,14,15,Naviera_008327
9006980,Buque_006980,Hong Kong,1985,15955,124,53,10,Naviera_001803
9006981,Buque_006981,Islas Marshall,2020,22097,390,43,12,Naviera_004919
9006982,Buque_006982,Liberia,1984,23562,264,43,12,Naviera_004927
9006983,Buque_006983,Reino Unido,2012,1087,54,29,8,Naviera_007217
9006984,Buque_006984,Chile,2011,9054,64,29,18,Naviera_000004
9006985,Buque_006985,Alemania,1998,23636,300,44,16,Naviera_006929
9006986,Buque_006986,Chile,1997,15880,294,52,19,Naviera_005032
9006987,Buque_006987,Estados Unidos,1997,15985,370,16,14,Naviera_000682
9006988,Buque_006988,Singapur,2005,6311,394,14,9,Naviera_004850
9006989,Buque_006989,Colombia,1980,3823,323,25,10,Naviera_008363
9006990,Buque_006990,Bahamas,2002,19345,372,26,12,Naviera_006608
9006991,Buque_006991,Singapur,1994,531,208,23,18,Naviera_008468
9006992,Buque_006992,Brasil,1983,9131,62,18,15,Naviera_009388
9006993,Buque_006993,Estados Unidos,2021,3649,191,36,15,Naviera_008307
9006994,Buque_006994,Chile,1994,20827,348,53,13,Naviera_005798
9006995,Buque_006995,Mexico,1986,789,161,37,14,Naviera_009809
9006996,Buque_006996,Japon,2005,4884,207,28,6,Naviera_004615
9006997,Buque_006997,Liberia,2022,23087,193,55,12,Naviera_000791
9006998,Buque_006998,Colombia,2009,13483,300,53,15,Naviera_007218
9006999,Buque_006999,Malta,1991,6771,126,18,7,Naviera_002120
9007000,Buque_007000,Reino Unido,1995,14261,173,27,19,Naviera_008493
9007001,Buque_007001,Panama,1999,18303,343,24,13,Naviera_005712
9007002,Buque_007002,Grecia,1981,21366,60,17,9,Naviera_002494
9007003,Buque_007003,Malta,1996,19109,297,17,10,Naviera_001179
9007004,Buque_007004,Ecuador,2018,11074,334,50,6,Naviera_006155
9007005,Buque_007005,China,2016,18938,128,35,10,Naviera_004293
9007006,Buque_007006,Noruega,2020,19750,365,55,8,Naviera_004881
9007007,Buque_007007,Peru,2003,11040,143,31,6,Naviera_003572
9007008,Buque_007008,Dinamarca,2006,2969,394,10,7,Naviera_001249
9007009,Buque_007009,Alemania,2016,6411,184,39,16,Naviera_002508
9007010,Buque_007010,Espana,2012,20619,86,47,10,Naviera_007099
9007011,Buque_007011,Espana,1984,8695,77,54,18,Naviera_004439
9007012,Buque_007012,Islas Marshall,2025,8868,132,18,16,Naviera_001399
9007013,Buque_007013,Alemania,1988,15252,209,36,13,Naviera_001068
9007014,Buque_007014,Bahamas,2012,22525,60,17,18,Naviera_006430
9007015,Buque_007015,China,2017,12834,330,39,8,Naviera_000993
9007016,Buque_007016,Espana,2005,23872,346,27,9,Naviera_006021
9007017,Buque_007017,Ecuador,1993,1433,391,42,12,Naviera_009805
9007018,Buque_007018,Mexico,2003,16075,290,22,19,Naviera_005451
9007019,Buque_007019,Ecuador,2003,10534,79,15,7,Naviera_002916
9007020,Buque_007020,Alemania,1999,22226,383,10,5,Naviera_009276
9007021,Buque_007021,Hong Kong,1981,3212,389,13,13,Naviera_002680
9007022,Buque_007022,Reino Unido,1981,13822,390,33,15,Naviera_007981
9007023,Buque_007023,Dinamarca,2017,1427,259,49,7,Naviera_008732
9007024,Buque_007024,Reino Unido,2006,9293,138,40,12,Naviera_000237
9007025,Buque_007025,China,2014,12333,268,43,14,Naviera_000457
9007026,Buque_007026,Hong Kong,1990,3167,188,32,8,Naviera_005026
9007027,Buque_007027,Mexico,2006,6580,234,11,10,Naviera_005920
9007028,Buque_007028,Alemania,2017,11726,253,33,11,Naviera_009531
9007029,Buque_007029,Espana,2003,18858,51,27,11,Naviera_006708
9007030,Buque_007030,Grecia,1993,674,236,37,8,Naviera_004170
9007031,Buque_007031,Mexico,2013,16122,164,33,18,Naviera_005500
9007032,Buque_007032,Peru,1988,6933,213,36,17,Naviera_004084
9007033,Buque_007033,Grecia,1986,6985,92,17,19,Naviera_003720
9007034,Buque_007034,Panama,2017,20884,208,41,7,Naviera_006420
9007035,Buque_007035,Malta,1992,18779,90,10,13,Naviera_008996
9007036,Buque_007036,Panama,1992,16517,345,41,11,Naviera_002062
9007037,Buque_007037,Noruega,2001,7369,133,42,5,Naviera_004738
9007038,Buque_007038,Grecia,1992,23373,399,54,19,Naviera_003805
9007039,Buque_007039,China,1989,12350,59,26,11,Naviera_006205
9007040,Buque_007040,Ecuador,2003,2397,55,37,7,Naviera_005512
9007041,Buque_007041,Grecia,1995,5902,97,25,19,Naviera_004023
9007042,Buque_007042,Noruega,1991,6163,204,20,8,Naviera_007187
9007043,Buque_007043,Ecuador,2000,15122,368,31,19,Naviera_000300
9007044,Buque_007044,Ecuador,2023,15369,196,10,5,Naviera_005007
9007045,Buque_007045,Brasil,2024,21885,288,35,15,Naviera_001650
9007046,Buque_007046,Reino Unido,2021,15545,302,52,18,Naviera_005381
9007047,Buque_007047,Singapur,2018,20777,353,49,14,Naviera_001813
9007048,Buque_007048,Espana,1997,22047,366,47,8,Naviera_007415
9007049,Buque_007049,Estados Unidos,1996,8556,307,22,12,Naviera_000280
9007050,Buque_007050,Mexico,1994,6746,294,31,18,Naviera_005771
9007051,Buque_007051,Reino Unido,1984,611,261,26,7,Naviera_002899
9007052,Buque_007052,Estados Unidos,1980,17997,330,55,18,Naviera_008512
9007053,Buque_007053,Alemania,2005,17477,324,34,7,Naviera_001641
9007054,Buque_007054,Reino Unido,1987,20295,325,15,8,Naviera_002691
9007055,Buque_007055,Chile,1994,12350,399,21,7,Naviera_001501
9007056,Buque_007056,Alemania,1993,11321,370,26,15,Naviera_005643
9007057,Buque_007057,Alemania,2019,985,378,50,6,Naviera_008731
9007058,Buque_007058,Bahamas,1984,19470,237,45,18,Naviera_005101
9007059,Buque_007059,Singapur,2019,8345,217,34,13,Naviera_009676
9007060,Buque_007060,Mexico,2021,18334,236,43,12,Naviera_004778
9007061,Buque_007061,Reino Unido,1996,14822,324,22,18,Naviera_006765
9007062,Buque_007062,Noruega,2009,19512,315,18,6,Naviera_004503
9007063,Buque_007063,Noruega,2006,5079,331,47,7,Naviera_006279
9007064,Buque_007064,Hong Kong,2000,19963,334,30,11,Naviera_000956
9007065,Buque_007065,Alemania,1984,5412,73,16,15,Naviera_008170
9007066,Buque_007066,Noruega,1990,23923,189,19,17,Naviera_005638
9007067,Buque_007067,Panama,1988,4977,321,57,18,Naviera_004105
9007068,Buque_007068,Singapur,2005,14496,186,43,16,Naviera_008855
9007069,Buque_007069,Japon,2020,4888,265,22,11,Naviera_005659
9007070,Buque_007070,Grecia,1995,2058,90,51,11,Naviera_006979
9007071,Buque_007071,Mexico,1986,14470,157,25,17,Naviera_007072
9007072,Buque_007072,Peru,2011,14663,105,11,7,Naviera_009814
9007073,Buque_007073,Peru,1989,19270,344,44,10,Naviera_001880
9007074,Buque_007074,Chile,1983,15100,205,12,12,Naviera_000953
9007075,Buque_007075,China,2018,15295,266,38,5,Naviera_009088
9007076,Buque_007076,Singapur,2008,10938,327,25,18,Naviera_009543
9007077,Buque_007077,Espana,2024,19075,370,15,10,Naviera_004466
9007078,Buque_007078,Mexico,1982,743,113,18,18,Naviera_009021
9007079,Buque_007079,Espana,1986,19219,388,33,12,Naviera_004387
9007080,Buque_007080,Mexico,2024,8439,154,59,12,Naviera_009595
9007081,Buque_007081,Bahamas,2016,18362,142,27,5,Naviera_000131
9007082,Buque_007082,Bahamas,2015,6911,270,55,6,Naviera_004388
9007083,Buque_007083,Alemania,1982,10512,328,29,11,Naviera_006801
9007084,Buque_007084,Alemania,1982,22758,132,38,17,Naviera_002866
9007085,Buque_007085,Dinamarca,2000,10214,136,46,12,Naviera_007942
9007086,Buque_007086,Brasil,1996,1121,232,37,5,Naviera_009277
9007087,Buque_007087,Reino Unido,2007,7056,76,53,13,Naviera_005547
9007088,Buque_007088,Espana,1980,21285,234,30,13,Naviera_003157
9007089,Buque_007089,Malta,1985,19443,87,12,11,Naviera_005062
9007090,Buque_007090,Alemania,1980,15561,173,29,17,Naviera_005868
9007091,Buque_007091,Grecia,1988,21061,330,17,16,Naviera_001939
9007092,Buque_007092,Ecuador,2021,17556,104,18,17,Naviera_004296
9007093,Buque_007093,Colombia,2020,22277,127,17,16,Naviera_000991
9007094,Buque_007094,Reino Unido,2000,695,312,39,14,Naviera_005045
9007095,Buque_007095,Singapur,2023,4622,364,51,11,Naviera_005929
9007096,Buque_007096,Grecia,1982,19290,98,26,8,Naviera_002590
9007097,Buque_007097,Dinamarca,2016,4289,385,38,16,Naviera_009322
9007098,Buque_007098,Brasil,1981,20029,302,58,11,Naviera_008442
9007099,Buque_007099,Islas Marshall,2003,22153,361,57,18,Naviera_006296
9007100,Buque_007100,Brasil,1999,16398,57,17,11,Naviera_004186
9007101,Buque_007101,Mexico,2009,23992,82,24,15,Naviera_005281
9007102,Buque_007102,Hong Kong,2019,14062,176,25,8,Naviera_007245
9007103,Buque_007103,Hong Kong,2007,10787,185,49,15,Naviera_007108
9007104,Buque_007104,Reino Unido,2004,9261,143,11,10,Naviera_000160
9007105,Buque_007105,Grecia,2018,12391,286,12,18,Naviera_007735
9007106,Buque_007106,Hong Kong,2007,10865,215,40,18,Naviera_007020
9007107,Buque_007107,Singapur,1999,22950,237,45,7,Naviera_003514
9007108,Buque_007108,Bahamas,2012,20661,54,52,18,Naviera_008006
9007109,Buque_007109,Islas Marshall,2025,11847,206,57,5,Naviera_006012
9007110,Buque_007110,Peru,1989,20226,327,29,5,Naviera_008457
9007111,Buque_007111,Colombia,2022,3100,82,38,7,Naviera_007722
9007112,Buque_007112,Espana,1986,1737,327,48,17,Naviera_009575
9007113,Buque_007113,Noruega,1989,1224,62,56,9,Naviera_009888
9007114,Buque_007114,Brasil,2021,3268,220,11,11,Naviera_001001
9007115,Buque_007115,Grecia,2013,7982,59,58,13,Naviera_009497
9007116,Buque_007116,China,2019,8513,220,48,19,Naviera_008781
9007117,Buque_007117,Grecia,2016,20477,272,58,12,Naviera_006187
9007118,Buque_007118,Hong Kong,2005,8210,81,31,10,Naviera_008335
9007119,Buque_007119,Islas Marshall,1994,16327,275,59,19,Naviera_008668
9007120,Buque_007120,Japon,1998,23738,173,55,12,Naviera_006053
9007121,Buque_007121,Estados Unidos,2006,1440,144,34,9,Naviera_009508
9007122,Buque_007122,Chile,1984,2121,124,57,19,Naviera_004890
9007123,Buque_007123,Malta,1986,9708,304,56,15,Naviera_005272
9007124,Buque_007124,Noruega,2015,6159,337,35,12,Naviera_000562
9007125,Buque_007125,Japon,2020,9101,57,27,16,Naviera_006774
9007126,Buque_007126,Brasil,2004,17843,383,13,15,Naviera_007317
9007127,Buque_007127,Alemania,2025,12967,136,17,12,Naviera_005836
9007128,Buque_007128,Espana,1990,5159,393,12,5,Naviera_004926
9007129,Buque_007129,Brasil,1982,4718,75,40,13,Naviera_005963
9007130,Buque_007130,Dinamarca,1999,17009,269,43,18,Naviera_000198
9007131,Buque_007131,Singapur,1995,7634,308,15,13,Naviera_005004
9007132,Buque_007132,Japon,2015,19215,299,10,15,Naviera_005650
9007133,Buque_007133,China,1984,2666,153,11,8,Naviera_004973
9007134,Buque_007134,Peru,1989,9432,336,57,17,Naviera_006815
9007135,Buque_007135,Singapur,1998,16974,64,47,11,Naviera_006994
9007136,Buque_007136,Colombia,1998,7957,308,10,13,Naviera_004250
9007137,Buque_007137,Chile,1997,2697,207,30,9,Naviera_005725
9007138,Buque_007138,China,1981,10976,82,11,7,Naviera_003502
9007139,Buque_007139,Ecuador,1982,10589,237,17,16,Naviera_006397
9007140,Buque_007140,Reino Unido,2011,14523,236,43,9,Naviera_006248
9007141,Buque_007141,Grecia,2024,22204,104,16,11,Naviera_007496
9007142,Buque_007142,Islas Marshall,2015,14599,351,30,11,Naviera_000517
9007143,Buque_007143,Alemania,2004,21296,107,18,7,Naviera_003595
9007144,Buque_007144,Espana,2017,8811,120,31,9,Naviera_001554
9007145,Buque_007145,Grecia,2025,7591,292,33,15,Naviera_003864
9007146,Buque_007146,China,2025,17080,151,17,18,Naviera_007647
9007147,Buque_007147,Peru,2007,21659,216,51,9,Naviera_000045
9007148,Buque_007148,Dinamarca,1985,12477,392,31,17,Naviera_000009
9007149,Buque_007149,Liberia,1994,23519,126,21,8,Naviera_003341
9007150,Buque_007150,Panama,2017,7017,55,37,15,Naviera_007689
9007151,Buque_007151,Ecuador,2019,22362,141,47,18,Naviera_007963
9007152,Buque_007152,Estados Unidos,2008,23051,175,17,5,Naviera_005555
9007153,Buque_007153,Brasil,2017,18036,220,40,10,Naviera_008407
9007154,Buque_007154,Peru,1993,19748,267,55,13,Naviera_003408
9007155,Buque_007155,Espana,1981,13772,152,22,18,Naviera_007623
9007156,Buque_007156,Ecuador,2016,23685,395,45,15,Naviera_003105
9007157,Buque_007157,Malta,2002,15039,310,58,15,Naviera_000661
9007158,Buque_007158,Dinamarca,1986,5818,148,28,17,Naviera_000903
9007159,Buque_007159,Liberia,1989,14633,84,34,6,Naviera_005127
9007160,Buque_007160,Japon,2023,19641,272,35,9,Naviera_004499
9007161,Buque_007161,Colombia,1988,15013,232,45,12,Naviera_000630
9007162,Buque_007162,Mexico,1996,936,279,42,9,Naviera_004780
9007163,Buque_007163,Peru,2025,3264,323,35,12,Naviera_004840
9007164,Buque_007164,Ecuador,2024,5253,389,44,7,Naviera_001126
9007165,Buque_007165,Grecia,2014,23872,313,41,9,Naviera_007931
9007166,Buque_007166,Japon,2011,1435,145,41,10,Naviera_001904
9007167,Buque_007167,Chile,2015,22475,176,18,18,Naviera_007847
9007168,Buque_007168,Reino Unido,2020,9381,390,45,12,Naviera_006718
9007169,Buque_007169,Estados Unidos,1981,4475,168,29,12,Naviera_003588
9007170,Buque_007170,Grecia,2016,22248,76,18,17,Naviera_001339
9007171,Buque_007171,Panama,1994,10716,120,42,5,Naviera_003079
9007172,Buque_007172,Brasil,2009,17020,307,10,18,Naviera_006433
9007173,Buque_007173,Reino Unido,1990,14739,314,46,12,Naviera_007118
9007174,Buque_007174,Malta,1998,16037,143,41,19,Naviera_007859
9007175,Buque_007175,Bahamas,2022,8261,369,56,13,Naviera_005188
9007176,Buque_007176,Estados Unidos,1995,8002,303,21,9,Naviera_005790
9007177,Buque_007177,Grecia,2005,14413,238,22,7,Naviera_003246
9007178,Buque_007178,Dinamarca,2003,13285,265,53,5,Naviera_004788
9007179,Buque_007179,Ecuador,1984,20240,379,59,18,Naviera_007477
9007180,Buque_007180,China,2023,11150,251,56,12,Naviera_007839
9007181,Buque_007181,Mexico,2000,5245,119,54,6,Naviera_002739
9007182,Buque_007182,Panama,1994,20386,269,25,10,Naviera_002963
9007183,Buque_007183,Grecia,1989,14667,343,43,6,Naviera_007193
9007184,Buque_007184,Colombia,2003,21126,68,56,15,Naviera_004527
9007185,Buque_007185,Liberia,2001,7694,323,21,10,Naviera_002156
9007186,Buque_007186,Grecia,1998,16089,221,39,17,Naviera_009470
9007187,Buque_007187,Hong Kong,1996,13036,200,22,11,Naviera_005348
9007188,Buque_007188,Dinamarca,2013,2259,60,16,18,Naviera_002981
9007189,Buque_007189,Noruega,2012,17880,307,52,16,Naviera_004344
9007190,Buque_007190,Hong Kong,1995,13153,259,52,11,Naviera_002748
9007191,Buque_007191,Bahamas,2007,18937,140,30,10,Naviera_001995
9007192,Buque_007192,Espana,1995,12482,237,45,9,Naviera_009535
9007193,Buque_007193,Dinamarca,2023,9504,307,51,11,Naviera_002005
9007194,Buque_007194,Panama,1990,20078,137,45,12,Naviera_008227
9007195,Buque_007195,Hong Kong,2018,2101,384,51,10,Naviera_004319
9007196,Buque_007196,Singapur,2020,7185,139,37,19,Naviera_002503
9007197,Buque_007197,Grecia,1993,7487,240,24,13,Naviera_009876
9007198,Buque_007198,Estados Unidos,2013,10582,353,26,8,Naviera_001546
9007199,Buque_007199,Peru,2009,15596,51,15,8,Naviera_003888
9007200,Buque_007200,Chile,1984,21391,224,51,16,Naviera_002539
9007201,Buque_007201,Alemania,2011,12767,87,33,19,Naviera_004750
9007202,Buque_007202,Mexico,1981,13116,285,23,6,Naviera_004886
9007203,Buque_007203,Estados Unidos,2002,7265,294,23,15,Naviera_007113
9007204,Buque_007204,Reino Unido,1990,4356,295,20,16,Naviera_004148
9007205,Buque_007205,Japon,2009,5443,312,13,17,Naviera_000557
9007206,Buque_007206,Reino Unido,1984,21027,175,21,16,Naviera_007255
9007207,Buque_007207,Liberia,2023,11184,384,18,12,Naviera_007545
9007208,Buque_007208,Colombia,2011,21246,219,36,6,Naviera_000439
9007209,Buque_007209,Malta,2012,10198,151,37,6,Naviera_005327
9007210,Buque_007210,Reino Unido,2015,23580,384,17,11,Naviera_004755
9007211,Buque_007211,Panama,2022,16292,138,16,15,Naviera_006039
9007212,Buque_007212,Panama,2000,10923,320,26,6,Naviera_000714
9007213,Buque_007213,Colombia,2006,4767,200,49,17,Naviera_008121
9007214,Buque_007214,Ecuador,2013,7792,357,30,5,Naviera_002258
9007215,Buque_007215,Grecia,2002,14812,266,35,16,Naviera_002273
9007216,Buque_007216,Estados Unidos,1982,5601,84,47,7,Naviera_005472
9007217,Buque_007217,Estados Unidos,2011,17820,371,13,16,Naviera_009238
9007218,Buque_007218,Mexico,1980,15689,122,57,11,Naviera_007963
9007219,Buque_007219,Noruega,2020,21677,105,18,17,Naviera_001272
9007220,Buque_007220,Brasil,2013,13375,170,50,14,Naviera_001947
9007221,Buque_007221,Noruega,1997,7657,378,48,7,Naviera_005961
9007222,Buque_007222,Hong Kong,2024,7293,268,28,13,Naviera_004741
9007223,Buque_007223,Malta,1982,16600,147,59,19,Naviera_002361
9007224,Buque_007224,Mexico,2004,16333,378,51,17,Naviera_003022
9007225,Buque_007225,Dinamarca,2016,9344,152,32,18,Naviera_004609
9007226,Buque_007226,Japon,2000,13483,319,26,13,Naviera_002384
9007227,Buque_007227,Bahamas,1985,11862,253,35,8,Naviera_003747
9007228,Buque_007228,Malta,2006,23981,349,59,13,Naviera_008038
9007229,Buque_007229,Panama,2000,18380,118,35,18,Naviera_001766
9007230,Buque_007230,Espana,2011,16526,281,15,5,Naviera_006832
9007231,Buque_007231,Grecia,1985,12340,117,53,9,Naviera_007142
9007232,Buque_007232,Japon,1992,22101,166,41,14,Naviera_002883
9007233,Buque_007233,Noruega,2000,10415,374,28,6,Naviera_009704
9007234,Buque_007234,Hong Kong,1994,23578,133,35,18,Naviera_000503
9007235,Buque_007235,Bahamas,1987,19515,59,57,13,Naviera_004266
9007236,Buque_007236,Dinamarca,2005,4355,209,14,14,Naviera_006631
9007237,Buque_007237,Estados Unidos,2024,10853,236,48,12,Naviera_003903
9007238,Buque_007238,Brasil,1990,18950,167,47,11,Naviera_006208
9007239,Buque_007239,Peru,2014,23930,299,16,13,Naviera_006910
9007240,Buque_007240,Chile,1988,20079,72,15,15,Naviera_007060
9007241,Buque_007241,Brasil,2019,4300,68,37,14,Naviera_004724
9007242,Buque_007242,Espana,1989,12882,237,44,6,Naviera_002555
9007243,Buque_007243,China,1988,22022,65,33,10,Naviera_007727
9007244,Buque_007244,Liberia,1980,11600,339,51,19,Naviera_008557
9007245,Buque_007245,Liberia,2021,3278,71,52,15,Naviera_008421
9007246,Buque_007246,Estados Unidos,1980,20535,342,23,12,Naviera_002335
9007247,Buque_007247,Hong Kong,2008,17589,186,37,15,Naviera_002285
9007248,Buque_007248,Bahamas,2007,11612,282,53,14,Naviera_005471
9007249,Buque_007249,Chile,1982,19175,97,27,15,Naviera_008141
9007250,Buque_007250,Noruega,2010,4360,341,48,7,Naviera_006004
9007251,Buque_007251,Chile,1989,7300,142,26,6,Naviera_007011
9007252,Buque_007252,Alemania,2001,1061,215,12,5,Naviera_009265
9007253,Buque_007253,Hong Kong,1985,23311,388,23,6,Naviera_002768
9007254,Buque_007254,Alemania,2019,5467,246,32,7,Naviera_003528
9007255,Buque_007255,Grecia,2012,11233,140,40,5,Naviera_004733
9007256,Buque_007256,Bahamas,2017,15836,249,57,18,Naviera_004281
9007257,Buque_007257,Panama,1996,2268,264,35,18,Naviera_000335
9007258,Buque_007258,Colombia,2025,1648,243,55,19,Naviera_008050
9007259,Buque_007259,Chile,2023,20378,383,35,13,Naviera_004381
9007260,Buque_007260,Brasil,2005,18129,364,50,13,Naviera_006449
9007261,Buque_007261,Peru,1991,15027,378,34,12,Naviera_008325
9007262,Buque_007262,Malta,2020,11865,354,31,17,Naviera_006635
9007263,Buque_007263,Japon,2025,8271,228,10,14,Naviera_003466
9007264,Buque_007264,Mexico,2013,3516,320,54,13,Naviera_000800
9007265,Buque_007265,Colombia,2006,19184,84,32,6,Naviera_000367
9007266,Buque_007266,China,2012,3412,328,48,7,Naviera_008660
9007267,Buque_007267,Ecuador,2006,11910,143,56,7,Naviera_006730
9007268,Buque_007268,Colombia,2013,5924,143,24,5,Naviera_007751
9007269,Buque_007269,Noruega,1988,16344,192,11,10,Naviera_004925
9007270,Buque_007270,Alemania,2019,11079,112,24,10,Naviera_009768
9007271,Buque_007271,Grecia,2024,12438,186,31,15,Naviera_001976
9007272,Buque_007272,China,1986,22754,66,19,19,Naviera_008282
9007273,Buque_007273,Panama,1991,3633,325,11,8,Naviera_007325
9007274,Buque_007274,Estados Unidos,1981,5801,326,27,19,Naviera_007821
9007275,Buque_007275,China,2008,8462,316,17,6,Naviera_004636
9007276,Buque_007276,Peru,2015,10689,391,56,14,Naviera_004898
9007277,Buque_007277,Hong Kong,2008,12144,145,30,7,Naviera_004267
9007278,Buque_007278,Peru,1982,3545,372,38,19,Naviera_004168
9007279,Buque_007279,Reino Unido,1984,21530,116,18,13,Naviera_006030
9007280,Buque_007280,Liberia,1993,16935,275,46,9,Naviera_008776
9007281,Buque_007281,Singapur,1997,2068,193,24,18,Naviera_006549
9007282,Buque_007282,Hong Kong,1983,19441,365,25,13,Naviera_002728
9007283,Buque_007283,Malta,2007,9426,133,10,9,Naviera_002909
9007284,Buque_007284,Colombia,2022,14815,159,21,17,Naviera_003258
9007285,Buque_007285,Hong Kong,2021,18303,160,50,17,Naviera_008099
9007286,Buque_007286,Chile,1993,22193,197,22,7,Naviera_005153
9007287,Buque_007287,Japon,2015,22942,211,11,12,Naviera_008773
9007288,Buque_007288,Hong Kong,1998,14304,86,56,17,Naviera_003275
9007289,Buque_007289,Grecia,2005,1284,186,45,9,Naviera_008553
9007290,Buque_007290,Estados Unidos,1993,2366,320,49,15,Naviera_004529
9007291,Buque_007291,Reino Unido,2025,16076,112,34,12,Naviera_002380
9007292,Buque_007292,Grecia,1991,16251,167,58,6,Naviera_002428
9007293,Buque_007293,Hong Kong,2009,13193,66,34,16,Naviera_004175
9007294,Buque_007294,Noruega,1988,16551,240,16,13,Naviera_002192
9007295,Buque_007295,Espana,2012,1107,254,10,19,Naviera_003408
9007296,Buque_007296,Peru,2014,2396,52,38,8,Naviera_006597
9007297,Buque_007297,Noruega,1987,17657,97,50,14,Naviera_005111
9007298,Buque_007298,Malta,1990,6129,192,17,5,Naviera_009235
9007299,Buque_007299,Brasil,2011,16824,388,52,14,Naviera_007711
9007300,Buque_007300,Islas Marshall,2020,1989,88,22,5,Naviera_009592
9007301,Buque_007301,Mexico,2009,8314,70,38,6,Naviera_005155
9007302,Buque_007302,Grecia,2016,3621,334,50,10,Naviera_000111
9007303,Buque_007303,Singapur,2020,21517,286,41,14,Naviera_008154
9007304,Buque_007304,Brasil,2005,19635,103,55,5,Naviera_007020
9007305,Buque_007305,Reino Unido,2012,18637,360,36,14,Naviera_009633
9007306,Buque_007306,Japon,2002,4734,391,35,8,Naviera_002802
9007307,Buque_007307,Dinamarca,1993,12946,234,32,15,Naviera_004151
9007308,Buque_007308,Estados Unidos,2017,12596,239,51,19,Naviera_004250
9007309,Buque_007309,Islas Marshall,2013,11105,294,18,9,Naviera_004018
9007310,Buque_007310,Chile,2005,16738,92,21,11,Naviera_001677
9007311,Buque_007311,Islas Marshall,2012,15157,323,16,9,Naviera_004016
9007312,Buque_007312,China,2023,14272,138,39,16,Naviera_000371
9007313,Buque_007313,Noruega,2023,22255,358,26,16,Naviera_006272
9007314,Buque_007314,Estados Unidos,2007,3856,253,43,16,Naviera_005923
9007315,Buque_007315,Malta,2003,18743,138,27,18,Naviera_002351
9007316,Buque_007316,Reino Unido,1981,19742,79,10,10,Naviera_008455
9007317,Buque_007317,Singapur,2022,14200,378,35,8,Naviera_006276
9007318,Buque_007318,Espana,1986,1456,127,14,12,Naviera_003016
9007319,Buque_007319,Noruega,1992,5081,160,19,9,Naviera_001940
9007320,Buque_007320,Colombia,1999,4847,204,38,17,Naviera_003561
9007321,Buque_007321,Estados Unidos,2007,6628,174,31,15,Naviera_004761
9007322,Buque_007322,Reino Unido,1982,16984,258,47,5,Naviera_009970
9007323,Buque_007323,Singapur,1993,14888,53,18,13,Naviera_009790
9007324,Buque_007324,Chile,1991,9820,180,17,13,Naviera_003896
9007325,Buque_007325,Dinamarca,1994,12725,138,52,15,Naviera_006746
9007326,Buque_007326,Noruega,2014,20032,362,18,8,Naviera_001630
9007327,Buque_007327,China,2011,17282,112,58,9,Naviera_000786
9007328,Buque_007328,Dinamarca,2014,21261,88,10,8,Naviera_004130
9007329,Buque_007329,Estados Unidos,1992,19297,108,26,18,Naviera_008414
9007330,Buque_007330,Espana,2013,16713,67,48,10,Naviera_000624
9007331,Buque_007331,Noruega,1995,14169,302,27,12,Naviera_005829
9007332,Buque_007332,Ecuador,1985,4817,111,33,11,Naviera_009770
9007333,Buque_007333,Malta,2025,2907,218,52,12,Naviera_000896
9007334,Buque_007334,Grecia,2020,13067,89,48,16,Naviera_005998
9007335,Buque_007335,Chile,2004,23407,348,20,16,Naviera_006531
9007336,Buque_007336,Estados Unidos,1980,16586,232,35,6,Naviera_006452
9007337,Buque_007337,Bahamas,1998,19954,231,34,19,Naviera_003899
9007338,Buque_007338,Japon,2009,13338,278,47,10,Naviera_007238
9007339,Buque_007339,Peru,1983,557,93,34,16,Naviera_008995
9007340,Buque_007340,Chile,2015,15257,298,35,5,Naviera_002803
9007341,Buque_007341,Liberia,2009,16467,119,44,9,Naviera_000821
9007342,Buque_007342,Noruega,2003,15198,299,45,8,Naviera_005495
9007343,Buque_007343,Reino Unido,1988,16618,204,35,5,Naviera_005852
9007344,Buque_007344,Noruega,1986,8434,357,16,17,Naviera_005811
9007345,Buque_007345,Dinamarca,1984,10060,131,55,11,Naviera_002577
9007346,Buque_007346,Colombia,2015,15551,342,16,6,Naviera_004831
9007347,Buque_007347,Dinamarca,2025,17118,277,58,9,Naviera_000079
9007348,Buque_007348,Liberia,2000,6818,159,30,17,Naviera_002406
9007349,Buque_007349,Colombia,2025,5544,124,30,5,Naviera_009608
9007350,Buque_007350,Islas Marshall,1992,2407,192,45,16,Naviera_001124
9007351,Buque_007351,Japon,1986,13948,267,27,16,Naviera_006384
9007352,Buque_007352,Panama,1998,12185,325,22,17,Naviera_004025
9007353,Buque_007353,Panama,2016,16305,106,55,6,Naviera_008849
9007354,Buque_007354,Japon,2006,1052,365,18,15,Naviera_001882
9007355,Buque_007355,Grecia,1984,23518,323,48,11,Naviera_000322
9007356,Buque_007356,Alemania,2011,6007,327,21,17,Naviera_002395
9007357,Buque_007357,Noruega,2014,5032,357,23,7,Naviera_007907
9007358,Buque_007358,Noruega,2004,3756,306,31,9,Naviera_002898
9007359,Buque_007359,Singapur,2011,992,276,13,18,Naviera_001962
9007360,Buque_007360,Panama,2019,12202,205,59,12,Naviera_006447
9007361,Buque_007361,Dinamarca,1984,1307,377,15,19,Naviera_000188
9007362,Buque_007362,Japon,2022,7813,227,44,19,Naviera_000407
9007363,Buque_007363,Ecuador,1982,22535,213,23,6,Naviera_000526
9007364,Buque_007364,Espana,2006,13874,144,12,16,Naviera_005961
9007365,Buque_007365,Islas Marshall,2023,11197,146,43,5,Naviera_002992
9007366,Buque_007366,Bahamas,1999,4030,163,43,15,Naviera_007550
9007367,Buque_007367,Dinamarca,2019,6928,111,16,8,Naviera_004210
9007368,Buque_007368,Grecia,2006,17682,248,10,7,Naviera_001122
9007369,Buque_007369,Dinamarca,1982,5891,364,23,16,Naviera_005197
9007370,Buque_007370,Noruega,2013,19584,336,30,17,Naviera_001618
9007371,Buque_007371,China,2017,11372,231,39,16,Naviera_004882
9007372,Buque_007372,Chile,1983,17669,318,48,8,Naviera_009758
9007373,Buque_007373,Singapur,2017,10390,170,15,13,Naviera_006420
9007374,Buque_007374,Espana,1994,6221,299,38,17,Naviera_002121
9007375,Buque_007375,Estados Unidos,1991,4442,282,23,15,Naviera_004185
9007376,Buque_007376,Liberia,2010,8312,395,42,18,Naviera_008049
9007377,Buque_007377,Colombia,2010,4157,229,35,5,Naviera_002215
9007378,Buque_007378,Alemania,2005,22060,363,46,17,Naviera_003138
9007379,Buque_007379,Mexico,1986,11313,206,50,5,Naviera_008016
9007380,Buque_007380,Singapur,2007,10345,117,40,17,Naviera_001385
9007381,Buque_007381,Mexico,2008,11024,383,45,9,Naviera_006700
9007382,Buque_007382,Bahamas,2008,16603,380,55,12,Naviera_008826
9007383,Buque_007383,Mexico,2007,17199,144,32,17,Naviera_007956
9007384,Buque_007384,Estados Unidos,2025,13403,278,22,18,Naviera_003020
9007385,Buque_007385,Hong Kong,2009,8023,182,26,6,Naviera_002478
9007386,Buque_007386,Panama,1987,1608,284,35,10,Naviera_005925
9007387,Buque_007387,China,2025,3741,363,22,16,Naviera_009184
9007388,Buque_007388,Ecuador,1992,7697,99,26,8,Naviera_000633
9007389,Buque_007389,Hong Kong,2011,14915,266,44,16,Naviera_004948
9007390,Buque_007390,Islas Marshall,1981,17083,360,13,5,Naviera_009340
9007391,Buque_007391,Espana,2014,19451,222,26,9,Naviera_001156
9007392,Buque_007392,Malta,2002,10431,285,15,6,Naviera_006513
9007393,Buque_007393,Espana,1983,8595,365,49,11,Naviera_008333
9007394,Buque_007394,Noruega,1986,2553,135,27,16,Naviera_001491
9007395,Buque_007395,Colombia,2002,3102,252,21,7,Naviera_007613
9007396,Buque_007396,Chile,2023,13886,174,48,10,Naviera_004604
9007397,Buque_007397,Alemania,1981,11214,372,19,19,Naviera_007657
9007398,Buque_007398,Bahamas,1992,15842,350,54,19,Naviera_009330
9007399,Buque_007399,Bahamas,2017,9661,255,47,12,Naviera_007026
9007400,Buque_007400,Mexico,1995,10040,76,35,17,Naviera_001263
9007401,Buque_007401,Islas Marshall,2012,14960,289,18,10,Naviera_005521
9007402,Buque_007402,Panama,2001,8558,388,57,19,Naviera_007155
9007403,Buque_007403,Hong Kong,2020,16782,92,50,14,Naviera_002559
9007404,Buque_007404,Panama,1996,13890,55,29,16,Naviera_000925
9007405,Buque_007405,Malta,1988,11300,55,23,15,Naviera_007741
9007406,Buque_007406,Reino Unido,2016,1160,381,58,14,Naviera_003148
9007407,Buque_007407,Ecuador,2016,14670,213,40,13,Naviera_008646
9007408,Buque_007408,Japon,1984,13032,361,36,16,Naviera_002908
9007409,Buque_007409,Hong Kong,1996,17619,257,12,10,Naviera_001660
9007410,Buque_007410,Grecia,2012,12783,53,13,9,Naviera_008578
9007411,Buque_007411,Singapur,1998,5775,167,51,12,Naviera_008950
9007412,Buque_007412,Grecia,2001,11926,69,24,19,Naviera_001252
9007413,Buque_007413,Colombia,2003,14487,112,12,13,Naviera_008862
9007414,Buque_007414,Espana,1998,22544,82,56,18,Naviera_003151
9007415,Buque_007415,Liberia,1998,4641,172,50,17,Naviera_000072
9007416,Buque_007416,Grecia,2019,7898,168,10,5,Naviera_002304
9007417,Buque_007417,Panama,2018,7118,249,15,16,Naviera_004307
9007418,Buque_007418,Hong Kong,1980,8284,192,29,13,Naviera_005582
9007419,Buque_007419,China,2003,5647,235,45,17,Naviera_002063
9007420,Buque_007420,Dinamarca,2016,23373,267,32,8,Naviera_002165
9007421,Buque_007421,Noruega,2001,8334,290,48,12,Naviera_009941
9007422,Buque_007422,Mexico,1991,20967,79,48,12,Naviera_007531
9007423,Buque_007423,Hong Kong,1998,16216,71,23,11,Naviera_005000
9007424,Buque_007424,Ecuador,2009,17487,185,25,18,Naviera_003608
9007425,Buque_007425,Malta,2022,1159,344,25,5,Naviera_004826
9007426,Buque_007426,Colombia,1982,12316,169,12,16,Naviera_005974
9007427,Buque_007427,Japon,1998,10620,51,39,8,Naviera_005095
9007428,Buque_007428,Estados Unidos,2023,8883,168,15,6,Naviera_005539
9007429,Buque_007429,Espana,1993,3537,365,57,13,Naviera_001952
9007430,Buque_007430,Dinamarca,1990,2988,90,26,17,Naviera_008316
9007431,Buque_007431,Chile,1997,19679,318,25,17,Naviera_008061
9007432,Buque_007432,Malta,1988,18452,330,10,6,Naviera_008872
9007433,Buque_007433,Malta,2005,16528,166,20,7,Naviera_000206
9007434,Buque_007434,China,2010,13705,370,29,6,Naviera_002820
9007435,Buque_007435,China,1986,15595,257,24,6,Naviera_000303
9007436,Buque_007436,Noruega,2025,1033,381,28,11,Naviera_004575
9007437,Buque_007437,Singapur,1994,12188,237,40,12,Naviera_008599
9007438,Buque_007438,China,2016,13173,196,10,8,Naviera_009458
9007439,Buque_007439,Liberia,2013,2595,342,40,18,Naviera_000475
9007440,Buque_007440,Dinamarca,1996,15567,147,54,13,Naviera_003090
9007441,Buque_007441,Panama,1998,11267,211,45,17,Naviera_007955
9007442,Buque_007442,Liberia,1989,9031,319,43,16,Naviera_006350
9007443,Buque_007443,Islas Marshall,1995,3507,96,38,10,Naviera_001479
9007444,Buque_007444,Malta,1990,7390,124,29,10,Naviera_007288
9007445,Buque_007445,Japon,2017,1501,240,22,15,Naviera_003438
9007446,Buque_007446,Liberia,1997,9570,284,53,14,Naviera_002006
9007447,Buque_007447,Ecuador,2020,4136,253,18,19,Naviera_003340
9007448,Buque_007448,Peru,2000,11176,337,58,10,Naviera_005724
9007449,Buque_007449,Japon,2010,7413,386,14,7,Naviera_007930
9007450,Buque_007450,Grecia,2021,2354,300,27,13,Naviera_007926
9007451,Buque_007451,Estados Unidos,2016,6268,263,26,17,Naviera_008962
9007452,Buque_007452,Grecia,2016,8331,201,55,6,Naviera_008462
9007453,Buque_007453,Singapur,2005,4793,62,33,7,Naviera_006176
9007454,Buque_007454,Reino Unido,2024,5675,310,41,6,Naviera_006432
9007455,Buque_007455,Colombia,2008,12546,185,20,18,Naviera_000329
9007456,Buque_007456,Brasil,2011,9601,319,28,10,Naviera_004888
9007457,Buque_007457,Peru,2009,4071,253,18,7,Naviera_001038
9007458,Buque_007458,Grecia,1984,11977,338,50,17,Naviera_001412
9007459,Buque_007459,Mexico,1997,16689,97,40,14,Naviera_007456
9007460,Buque_007460,Chile,1986,619,107,24,9,Naviera_006176
9007461,Buque_007461,Espana,2017,3947,219,17,11,Naviera_006621
9007462,Buque_007462,China,2009,6898,148,44,7,Naviera_001095
9007463,Buque_007463,Singapur,2021,19376,391,31,18,Naviera_001094
9007464,Buque_007464,China,2024,6573,200,29,11,Naviera_006964
9007465,Buque_007465,Singapur,2002,12748,179,12,15,Naviera_007656
9007466,Buque_007466,Islas Marshall,2003,10489,342,21,9,Naviera_008183
9007467,Buque_007467,Grecia,1981,23977,170,27,10,Naviera_007635
9007468,Buque_007468,Bahamas,2001,14524,260,24,15,Naviera_009206
9007469,Buque_007469,Estados Unidos,2000,8588,288,57,9,Naviera_008205
9007470,Buque_007470,Brasil,2005,7138,190,15,16,Naviera_002915
9007471,Buque_007471,Grecia,2025,16847,360,28,9,Naviera_004300
9007472,Buque_007472,Espana,2015,18612,197,49,19,Naviera_001293
9007473,Buque_007473,Alemania,1983,16944,201,39,5,Naviera_009564
9007474,Buque_007474,Peru,1998,4134,396,17,10,Naviera_005949
9007475,Buque_007475,Reino Unido,2024,13386,320,19,17,Naviera_006629
9007476,Buque_007476,Malta,2004,21247,337,13,14,Naviera_008603
9007477,Buque_007477,Islas Marshall,2011,637,384,58,15,Naviera_007463
9007478,Buque_007478,Grecia,2005,9470,292,37,11,Naviera_002809
9007479,Buque_007479,China,2014,14652,229,51,6,Naviera_004921
9007480,Buque_007480,Islas Marshall,2012,18047,176,59,8,Naviera_003069
9007481,Buque_007481,Mexico,2023,18421,227,28,17,Naviera_009339
9007482,Buque_007482,Ecuador,2017,4140,309,53,12,Naviera_000481
9007483,Buque_007483,Estados Unidos,2004,10741,103,59,18,Naviera_003181
9007484,Buque_007484,Reino Unido,1993,8391,211,24,19,Naviera_005597
9007485,Buque_007485,Dinamarca,1988,1939,148,47,8,Naviera_006724
9007486,Buque_007486,Dinamarca,1987,6074,90,59,6,Naviera_001430
9007487,Buque_007487,Espana,2001,14177,211,21,6,Naviera_008322
9007488,Buque_007488,Mexico,1990,17728,217,48,19,Naviera_009187
9007489,Buque_007489,Singapur,1991,11486,342,53,13,Naviera_000158
9007490,Buque_007490,Malta,2002,8891,318,48,19,Naviera_006684
9007491,Buque_007491,Peru,2005,1623,261,14,8,Naviera_007622
9007492,Buque_007492,Islas Marshall,1992,12508,310,12,6,Naviera_005376
9007493,Buque_007493,Colombia,2001,16493,227,29,14,Naviera_007367
9007494,Buque_007494,Mexico,1984,2414,125,28,17,Naviera_000433
9007495,Buque_007495,Malta,1980,18916,238,15,10,Naviera_009424
9007496,Buque_007496,Estados Unidos,2004,6559,114,48,14,Naviera_009045
9007497,Buque_007497,Malta,2007,21350,172,48,15,Naviera_005990
9007498,Buque_007498,Hong Kong,1981,20835,266,38,9,Naviera_001053
9007499,Buque_007499,Espana,2021,10882,69,27,15,Naviera_001592
9007500,Buque_007500,Singapur,1990,13424,142,23,19,Naviera_001582
9007501,Buque_007501,Malta,1985,15098,256,55,6,Naviera_002586
9007502,Buque_007502,Bahamas,1990,11716,98,24,15,Naviera_002806
9007503,Buque_007503,Mexico,1995,19688,345,56,17,Naviera_003680
9007504,Buque_007504,Noruega,2013,22501,230,38,17,Naviera_002301
9007505,Buque_007505,Noruega,2007,14003,359,10,5,Naviera_006912
9007506,Buque_007506,Panama,1995,11114,96,34,5,Naviera_006338
9007507,Buque_007507,Espana,1988,17473,343,20,16,Naviera_006065
9007508,Buque_007508,Colombia,1993,23074,67,30,6,Naviera_006697
9007509,Buque_007509,Malta,2008,22057,143,23,9,Naviera_001225
9007510,Buque_007510,Liberia,1994,5965,200,16,13,Naviera_003228
9007511,Buque_007511,Mexico,2014,14879,360,45,7,Naviera_006359
9007512,Buque_007512,Bahamas,1991,20827,210,42,10,Naviera_004670
9007513,Buque_007513,Bahamas,1998,17992,265,25,15,Naviera_006998
9007514,Buque_007514,Singapur,1991,15168,119,35,19,Naviera_009810
9007515,Buque_007515,Colombia,2014,6631,246,42,15,Naviera_003655
9007516,Buque_007516,Chile,2012,15531,360,11,13,Naviera_003470
9007517,Buque_007517,Peru,1991,19403,242,57,16,Naviera_007036
9007518,Buque_007518,Alemania,1990,2042,174,16,10,Naviera_008371
9007519,Buque_007519,Noruega,2015,13126,223,29,17,Naviera_002847
9007520,Buque_007520,Liberia,2015,20225,207,47,5,Naviera_006264
9007521,Buque_007521,Japon,1995,8941,56,25,19,Naviera_000277
9007522,Buque_007522,Chile,1980,6071,307,23,19,Naviera_003222
9007523,Buque_007523,Malta,2020,6861,50,32,12,Naviera_008668
9007524,Buque_007524,Estados Unidos,2001,17115,59,24,19,Naviera_001506
9007525,Buque_007525,Panama,2002,3139,269,20,9,Naviera_004512
9007526,Buque_007526,Estados Unidos,2015,12757,85,57,5,Naviera_002879
9007527,Buque_007527,Dinamarca,2025,15397,99,13,7,Naviera_006772
9007528,Buque_007528,Japon,1987,647,254,45,19,Naviera_005333
9007529,Buque_007529,Japon,2000,12872,74,50,14,Naviera_002806
9007530,Buque_007530,Grecia,1994,5608,102,24,17,Naviera_009941
9007531,Buque_007531,Grecia,1984,14716,94,10,19,Naviera_002039
9007532,Buque_007532,Peru,1988,17769,376,42,15,Naviera_001627
9007533,Buque_007533,Reino Unido,1991,23315,157,31,9,Naviera_004631
9007534,Buque_007534,Malta,2024,18456,220,56,16,Naviera_002429
9007535,Buque_007535,Bahamas,2001,1607,144,48,15,Naviera_002476
9007536,Buque_007536,Alemania,1994,14062,290,11,10,Naviera_002851
9007537,Buque_007537,Brasil,2021,12424,382,12,18,Naviera_002397
9007538,Buque_007538,China,1997,3114,365,44,19,Naviera_002600
9007539,Buque_007539,Estados Unidos,2019,17167,381,42,17,Naviera_009837
9007540,Buque_007540,Peru,1995,12608,97,52,10,Naviera_006827
9007541,Buque_007541,Reino Unido,1987,12222,232,16,12,Naviera_008548
9007542,Buque_007542,Islas Marshall,2023,12690,185,29,6,Naviera_009025
9007543,Buque_007543,Ecuador,2012,13326,151,27,17,Naviera_006366
9007544,Buque_007544,Singapur,1996,22801,391,21,15,Naviera_009808
9007545,Buque_007545,Hong Kong,1989,8159,370,56,10,Naviera_008276
9007546,Buque_007546,Hong Kong,2013,15984,104,32,6,Naviera_000104
9007547,Buque_007547,Dinamarca,2011,15309,355,37,10,Naviera_003577
9007548,Buque_007548,Colombia,1981,18579,348,35,10,Naviera_009741
9007549,Buque_007549,Espana,1980,14946,176,55,7,Naviera_000062
9007550,Buque_007550,Reino Unido,1987,5307,332,21,14,Naviera_000697
9007551,Buque_007551,Chile,1999,4987,90,28,7,Naviera_006751
9007552,Buque_007552,Grecia,1987,18066,102,19,8,Naviera_009423
9007553,Buque_007553,Islas Marshall,2001,22835,162,38,14,Naviera_005887
9007554,Buque_007554,Grecia,2014,6692,171,10,8,Naviera_004223
9007555,Buque_007555,Mexico,2004,9479,290,10,11,Naviera_004540
9007556,Buque_007556,Mexico,1990,4709,285,49,12,Naviera_000201
9007557,Buque_007557,Chile,2002,9042,176,18,13,Naviera_005692
9007558,Buque_007558,Islas Marshall,1996,4515,245,38,5,Naviera_001287
9007559,Buque_007559,Noruega,2014,18143,398,24,13,Naviera_006914
9007560,Buque_007560,Panama,1997,23887,255,38,6,Naviera_007841
9007561,Buque_007561,Espana,1992,1309,226,17,15,Naviera_008424
9007562,Buque_007562,Chile,2004,20871,83,26,7,Naviera_006237
9007563,Buque_007563,Hong Kong,2000,6090,116,56,13,Naviera_004700
9007564,Buque_007564,Japon,1982,13687,141,36,17,Naviera_000942
9007565,Buque_007565,Hong Kong,2015,2326,103,15,10,Naviera_009261
9007566,Buque_007566,Ecuador,2013,12495,97,19,18,Naviera_005731
9007567,Buque_007567,Alemania,2025,13714,307,32,7,Naviera_009306
9007568,Buque_007568,Liberia,2001,4213,273,53,8,Naviera_007079
9007569,Buque_007569,Dinamarca,2000,23482,287,51,13,Naviera_007166
9007570,Buque_007570,Reino Unido,2023,23446,394,57,7,Naviera_007698
9007571,Buque_007571,Brasil,2013,19486,344,38,11,Naviera_008377
9007572,Buque_007572,Bahamas,2019,20797,139,31,18,Naviera_002719
9007573,Buque_007573,Dinamarca,2022,20992,121,51,14,Naviera_004762
9007574,Buque_007574,Islas Marshall,2008,8027,360,26,9,Naviera_008043
9007575,Buque_007575,Colombia,1980,18524,70,57,5,Naviera_007749
9007576,Buque_007576,Espana,2015,18985,66,38,16,Naviera_002879
9007577,Buque_007577,Dinamarca,1994,10700,165,21,15,Naviera_006794
9007578,Buque_007578,Espana,1994,6167,325,14,9,Naviera_004632
9007579,Buque_007579,Estados Unidos,1996,4177,229,26,19,Naviera_002292
9007580,Buque_007580,Dinamarca,1988,3017,376,52,13,Naviera_002027
9007581,Buque_007581,Ecuador,2017,1319,281,58,13,Naviera_004120
9007582,Buque_007582,Peru,1997,15482,144,21,13,Naviera_002906
9007583,Buque_007583,Ecuador,1997,19041,211,31,12,Naviera_005433
9007584,Buque_007584,Alemania,1987,15487,354,49,16,Naviera_006500
9007585,Buque_007585,Alemania,2016,857,80,43,16,Naviera_007800
9007586,Buque_007586,Islas Marshall,2021,11948,275,26,6,Naviera_005412
9007587,Buque_007587,Noruega,1998,22446,53,43,11,Naviera_004958
9007588,Buque_007588,Alemania,1999,4106,382,43,12,Naviera_009058
9007589,Buque_007589,Bahamas,1980,10543,70,55,10,Naviera_008690
9007590,Buque_007590,China,1994,2940,234,21,13,Naviera_000403
9007591,Buque_007591,Noruega,1997,1220,184,46,10,Naviera_000935
9007592,Buque_007592,China,2025,22454,82,21,19,Naviera_008053
9007593,Buque_007593,Espana,1991,3893,96,12,19,Naviera_008306
9007594,Buque_007594,Hong Kong,1991,18923,105,41,7,Naviera_005963
9007595,Buque_007595,Reino Unido,2020,3596,397,38,12,Naviera_009672
9007596,Buque_007596,Brasil,2001,21801,91,34,16,Naviera_008393
9007597,Buque_007597,Chile,2008,2311,115,29,5,Naviera_003198
9007598,Buque_007598,Estados Unidos,2011,3125,320,36,6,Naviera_000771
9007599,Buque_007599,Islas Marshall,2006,23733,80,58,5,Naviera_001021
9007600,Buque_007600,Panama,2016,20490,191,53,10,Naviera_008812
9007601,Buque_007601,Panama,1984,21992,397,38,5,Naviera_003234
9007602,Buque_007602,Chile,2012,10303,86,45,14,Naviera_005628
9007603,Buque_007603,Singapur,1983,16366,254,19,19,Naviera_005202
9007604,Buque_007604,Liberia,2012,19486,271,28,10,Naviera_006658
9007605,Buque_007605,Mexico,2024,12633,358,17,7,Naviera_002368
9007606,Buque_007606,Japon,2008,2072,288,57,8,Naviera_009336
9007607,Buque_007607,Brasil,2022,15229,388,20,10,Naviera_006933
9007608,Buque_007608,Liberia,2019,6626,342,40,7,Naviera_008930
9007609,Buque_007609,Panama,1994,6021,93,46,14,Naviera_001300
9007610,Buque_007610,Malta,1981,16618,347,38,5,Naviera_001893
9007611,Buque_007611,Liberia,1996,21825,108,40,16,Naviera_003049
9007612,Buque_007612,Liberia,1989,4197,176,32,19,Naviera_006392
9007613,Buque_007613,Bahamas,2005,20903,336,48,17,Naviera_008662
9007614,Buque_007614,Noruega,2001,20346,274,21,16,Naviera_003458
9007615,Buque_007615,Brasil,1997,16406,62,11,8,Naviera_009208
9007616,Buque_007616,Colombia,2000,10115,387,26,6,Naviera_004627
9007617,Buque_007617,Singapur,1997,10997,381,55,9,Naviera_008628
9007618,Buque_007618,Noruega,1994,7830,156,27,17,Naviera_005292
9007619,Buque_007619,Panama,1980,6046,341,27,10,Naviera_003854
9007620,Buque_007620,Dinamarca,2013,20505,304,23,18,Naviera_001626
9007621,Buque_007621,Malta,2004,20757,135,43,13,Naviera_006542
9007622,Buque_007622,Espana,2001,13404,253,59,14,Naviera_002669
9007623,Buque_007623,Panama,1980,9735,135,45,14,Naviera_000207
9007624,Buque_007624,Mexico,1982,13776,200,36,8,Naviera_000791
9007625,Buque_007625,Grecia,1993,22913,154,37,8,Naviera_006814
9007626,Buque_007626,China,2019,6823,88,15,7,Naviera_006616
9007627,Buque_007627,Alemania,2003,20946,314,31,14,Naviera_006985
9007628,Buque_007628,Colombia,2014,1191,270,57,8,Naviera_000862
9007629,Buque_007629,Islas Marshall,1996,14612,144,57,12,Naviera_007635
9007630,Buque_007630,Japon,2025,15058,378,57,12,Naviera_008058
9007631,Buque_007631,Chile,1980,21361,227,26,5,Naviera_001354
9007632,Buque_007632,Dinamarca,1999,9559,296,17,13,Naviera_006599
9007633,Buque_007633,Estados Unidos,1993,14222,91,11,7,Naviera_008419
9007634,Buque_007634,Mexico,1988,23271,250,34,14,Naviera_000959
9007635,Buque_007635,Panama,2020,6853,215,43,12,Naviera_002034
9007636,Buque_007636,Peru,1997,19560,259,11,9,Naviera_009290
9007637,Buque_007637,Estados Unidos,1987,20657,173,44,17,Naviera_005206
9007638,Buque_007638,Alemania,2012,17501,175,52,8,Naviera_007106
9007639,Buque_007639,Mexico,2010,19871,131,17,9,Naviera_005036
9007640,Buque_007640,Singapur,2002,13016,318,20,13,Naviera_002245
9007641,Buque_007641,Peru,2004,17823,225,32,15,Naviera_001995
9007642,Buque_007642,Ecuador,2004,19714,371,57,17,Naviera_004647
9007643,Buque_007643,Panama,2007,17908,200,58,8,Naviera_001207
9007644,Buque_007644,Japon,2009,19373,184,31,7,Naviera_003315
9007645,Buque_007645,Brasil,1981,22505,111,17,6,Naviera_001170
9007646,Buque_007646,Bahamas,1989,14803,133,25,11,Naviera_005916
9007647,Buque_007647,Hong Kong,2013,2187,163,24,11,Naviera_009300
9007648,Buque_007648,Singapur,1981,15559,103,33,7,Naviera_002035
9007649,Buque_007649,Colombia,1982,13711,192,34,5,Naviera_004887
9007650,Buque_007650,Islas Marshall,2008,20821,265,51,19,Naviera_006843
9007651,Buque_007651,Hong Kong,2009,20396,391,58,13,Naviera_007508
9007652,Buque_007652,Hong Kong,1994,20454,107,29,10,Naviera_009743
9007653,Buque_007653,Islas Marshall,1996,2422,155,16,9,Naviera_005824
9007654,Buque_007654,Estados Unidos,1996,753,340,25,10,Naviera_003533
9007655,Buque_007655,Chile,1988,23579,67,30,6,Naviera_002100
9007656,Buque_007656,Peru,1991,5879,250,51,16,Naviera_000070
9007657,Buque_007657,Dinamarca,2008,23461,206,39,15,Naviera_005889
9007658,Buque_007658,Peru,1993,23651,172,39,19,Naviera_007403
9007659,Buque_007659,Liberia,2002,10290,320,41,11,Naviera_005954
9007660,Buque_007660,Panama,1993,20743,304,50,11,Naviera_004562
9007661,Buque_007661,Noruega,2017,15897,82,38,13,Naviera_005269
9007662,Buque_007662,Reino Unido,1998,9283,89,11,8,Naviera_009932
9007663,Buque_007663,Estados Unidos,2008,5316,288,49,9,Naviera_006945
9007664,Buque_007664,Bahamas,2012,7292,241,45,9,Naviera_005160
9007665,Buque_007665,Liberia,2001,21744,382,30,13,Naviera_002068
9007666,Buque_007666,Alemania,1996,2186,278,55,10,Naviera_001194
9007667,Buque_007667,Dinamarca,2013,13922,178,20,17,Naviera_000530
9007668,Buque_007668,Brasil,2011,7033,191,36,18,Naviera_008598
9007669,Buque_007669,Colombia,2020,18366,114,49,17,Naviera_002271
9007670,Buque_007670,Liberia,1994,11543,394,32,9,Naviera_004495
9007671,Buque_007671,Mexico,1995,15013,86,48,15,Naviera_007967
9007672,Buque_007672,Brasil,2008,12712,305,30,6,Naviera_002729
9007673,Buque_007673,Espana,1993,18584,87,44,14,Naviera_001350
9007674,Buque_007674,Grecia,2007,20584,354,43,12,Naviera_001791
9007675,Buque_007675,Reino Unido,2020,23642,74,15,8,Naviera_005567
9007676,Buque_007676,Singapur,1991,15951,283,25,16,Naviera_008042
9007677,Buque_007677,Malta,2022,12951,141,23,7,Naviera_009388
9007678,Buque_007678,Peru,2017,15426,50,37,7,Naviera_006680
9007679,Buque_007679,Grecia,2004,3544,77,22,19,Naviera_005993
9007680,Buque_007680,Alemania,1985,16764,58,24,12,Naviera_008234
9007681,Buque_007681,Brasil,2009,12855,388,33,19,Naviera_001409
9007682,Buque_007682,Reino Unido,1986,23058,291,43,6,Naviera_003634
9007683,Buque_007683,Alemania,2003,9653,344,39,8,Naviera_003191
9007684,Buque_007684,Espana,2023,8803,310,23,11,Naviera_006106
9007685,Buque_007685,Malta,2024,19799,218,14,8,Naviera_001725
9007686,Buque_007686,Dinamarca,2014,11281,329,23,6,Naviera_004385
9007687,Buque_007687,Brasil,1996,20566,257,37,15,Naviera_000079
9007688,Buque_007688,Singapur,2005,23919,217,33,11,Naviera_000739
9007689,Buque_007689,Chile,1997,12547,108,53,6,Naviera_006305
9007690,Buque_007690,Panama,2013,7449,216,50,17,Naviera_000122
9007691,Buque_007691,Chile,2016,8202,346,30,6,Naviera_003212
9007692,Buque_007692,Islas Marshall,1991,4046,243,33,5,Naviera_008377
9007693,Buque_007693,China,2010,15710,175,19,19,Naviera_008717
9007694,Buque_007694,Bahamas,1991,6536,303,40,8,Naviera_005862
9007695,Buque_007695,Alemania,2019,2153,53,55,12,Naviera_003897
9007696,Buque_007696,Chile,2002,20273,388,34,14,Naviera_005405
9007697,Buque_007697,Liberia,1995,20140,250,35,16,Naviera_009222
9007698,Buque_007698,Ecuador,2023,15239,153,21,18,Naviera_002685
9007699,Buque_007699,Peru,2017,12209,127,30,6,Naviera_009852
9007700,Buque_007700,Peru,1987,14304,235,41,8,Naviera_002559
9007701,Buque_007701,Espana,2003,11008,327,12,9,Naviera_002412
9007702,Buque_007702,Bahamas,2001,17743,81,56,10,Naviera_005818
9007703,Buque_007703,Singapur,2004,4904,164,20,9,Naviera_000152
9007704,Buque_007704,Colombia,2009,7983,115,52,13,Naviera_007751
9007705,Buque_007705,Bahamas,2009,22191,275,26,10,Naviera_002999
9007706,Buque_007706,Ecuador,1984,18757,243,57,12,Naviera_006150
9007707,Buque_007707,Estados Unidos,2005,13703,123,12,10,Naviera_003009
9007708,Buque_007708,Mexico,1980,20553,271,12,15,Naviera_000036
9007709,Buque_007709,Hong Kong,2025,5309,57,32,15,Naviera_004186
9007710,Buque_007710,Colombia,1993,4594,373,27,7,Naviera_000992
9007711,Buque_007711,Grecia,1997,2402,177,50,14,Naviera_006285
9007712,Buque_007712,Alemania,1983,9428,250,18,9,Naviera_005922
9007713,Buque_007713,Panama,2005,10032,179,37,10,Naviera_004677
9007714,Buque_007714,Brasil,2013,4382,254,35,14,Naviera_000489
9007715,Buque_007715,Bahamas,1983,8943,326,29,7,Naviera_008010
9007716,Buque_007716,Estados Unidos,2013,12229,242,22,17,Naviera_008962
9007717,Buque_007717,Japon,1990,14756,89,29,17,Naviera_001791
9007718,Buque_007718,Alemania,2023,12961,318,19,19,Naviera_009330
9007719,Buque_007719,Peru,2014,13519,88,47,12,Naviera_007036
9007720,Buque_007720,Brasil,2010,18053,123,31,5,Naviera_002957
9007721,Buque_007721,Dinamarca,1988,2898,192,10,12,Naviera_002611
9007722,Buque_007722,Peru,2022,7582,196,38,10,Naviera_007452
9007723,Buque_007723,Alemania,2017,1807,347,33,6,Naviera_009857
9007724,Buque_007724,Estados Unidos,2024,21274,388,45,10,Naviera_000755
9007725,Buque_007725,Malta,2023,1125,131,21,12,Naviera_002385
9007726,Buque_007726,Colombia,1992,18562,282,20,12,Naviera_006612
9007727,Buque_007727,Ecuador,2024,5794,290,44,6,Naviera_003746
9007728,Buque_007728,Chile,2006,10355,381,34,12,Naviera_009464
9007729,Buque_007729,Estados Unidos,1987,16252,273,50,6,Naviera_004405
9007730,Buque_007730,Singapur,2025,21034,391,54,6,Naviera_003369
9007731,Buque_007731,Alemania,1983,6414,303,33,17,Naviera_009409
9007732,Buque_007732,Chile,1992,23987,132,33,7,Naviera_006358
9007733,Buque_007733,Singapur,1988,5308,99,47,13,Naviera_008760
9007734,Buque_007734,Japon,2021,3265,259,38,6,Naviera_002583
9007735,Buque_007735,Brasil,1996,2662,59,46,5,Naviera_009490
9007736,Buque_007736,Brasil,2004,12133,229,59,19,Naviera_009372
9007737,Buque_007737,Chile,1982,13242,309,38,12,Naviera_006696
9007738,Buque_007738,Ecuador,1989,19259,330,36,15,Naviera_002655
9007739,Buque_007739,Ecuador,2008,18827,122,27,15,Naviera_007543
9007740,Buque_007740,Dinamarca,2024,9451,377,44,13,Naviera_007808
9007741,Buque_007741,Singapur,1996,13939,304,33,5,Naviera_000245
9007742,Buque_007742,Panama,1980,5768,212,57,15,Naviera_002900
9007743,Buque_007743,Liberia,1982,14546,117,51,16,Naviera_003286
9007744,Buque_007744,China,2022,12756,337,42,7,Naviera_008529
9007745,Buque_007745,China,2003,13617,237,58,10,Naviera_002163
9007746,Buque_007746,Noruega,1990,3605,154,40,11,Naviera_000154
9007747,Buque_007747,Hong Kong,2015,19260,86,34,6,Naviera_008927
9007748,Buque_007748,Islas Marshall,2022,21400,191,15,19,Naviera_003738
9007749,Buque_007749,Liberia,1986,8678,267,53,15,Naviera_003378
9007750,Buque_007750,China,2023,21061,116,50,19,Naviera_004568
9007751,Buque_007751,Peru,1995,6319,267,59,11,Naviera_004959
9007752,Buque_007752,Japon,1986,7732,101,12,12,Naviera_001187
9007753,Buque_007753,Espana,1983,12941,230,57,7,Naviera_002964
9007754,Buque_007754,Liberia,1985,15763,379,23,11,Naviera_006891
9007755,Buque_007755,Singapur,1989,17948,92,27,19,Naviera_001923
9007756,Buque_007756,Liberia,2017,12655,257,38,13,Naviera_007263
9007757,Buque_007757,Dinamarca,1982,15781,264,27,5,Naviera_003051
9007758,Buque_007758,Chile,1980,7690,305,49,17,Naviera_001486
9007759,Buque_007759,Alemania,1997,16857,227,56,12,Naviera_004520
9007760,Buque_007760,Islas Marshall,1984,6032,396,38,19,Naviera_003713
9007761,Buque_007761,Estados Unidos,2019,5489,380,36,13,Naviera_003929
9007762,Buque_007762,Hong Kong,2014,10438,296,53,15,Naviera_005388
9007763,Buque_007763,Singapur,1998,11898,317,51,9,Naviera_008188
9007764,Buque_007764,Ecuador,2011,18369,305,43,7,Naviera_003884
9007765,Buque_007765,Hong Kong,2019,23156,77,43,9,Naviera_008215
9007766,Buque_007766,Ecuador,1986,5569,124,57,19,Naviera_004209
9007767,Buque_007767,Japon,2007,19166,315,30,19,Naviera_006319
9007768,Buque_007768,Japon,2021,13056,394,30,6,Naviera_007736
9007769,Buque_007769,Dinamarca,2013,11982,277,32,17,Naviera_000972
9007770,Buque_007770,Reino Unido,2020,9996,164,29,5,Naviera_005923
9007771,Buque_007771,Ecuador,1987,12446,82,13,19,Naviera_006259
9007772,Buque_007772,Espana,2018,5533,191,22,6,Naviera_000186
9007773,Buque_007773,Colombia,1982,2923,113,58,14,Naviera_001610
9007774,Buque_007774,Peru,1995,14161,133,37,18,Naviera_008758
9007775,Buque_007775,Hong Kong,1987,12455,111,25,17,Naviera_001880
9007776,Buque_007776,Reino Unido,1990,11908,116,43,19,Naviera_004688
9007777,Buque_007777,China,1984,8466,392,52,5,Naviera_002680
9007778,Buque_007778,Alemania,2012,2850,158,56,7,Naviera_004072
9007779,Buque_007779,Bahamas,1992,6460,286,29,11,Naviera_001468
9007780,Buque_007780,Espana,2014,17881,370,51,10,Naviera_008424
9007781,Buque_007781,Malta,2007,13930,141,12,5,Naviera_000948
9007782,Buque_007782,Reino Unido,1984,22310,76,10,11,Naviera_006922
9007783,Buque_007783,Estados Unidos,1984,18747,114,22,7,Naviera_008925
9007784,Buque_007784,Alemania,1989,18532,131,27,11,Naviera_005228
9007785,Buque_007785,China,2013,13835,201,34,14,Naviera_001253
9007786,Buque_007786,Alemania,2007,17569,86,31,14,Naviera_004708
9007787,Buque_007787,Bahamas,1980,17273,78,10,10,Naviera_008919
9007788,Buque_007788,Reino Unido,1994,16378,198,29,19,Naviera_001894
9007789,Buque_007789,Mexico,2017,14615,355,14,11,Naviera_005274
9007790,Buque_007790,Liberia,2008,19075,122,46,13,Naviera_002225
9007791,Buque_007791,Islas Marshall,2009,15401,158,49,11,Naviera_006142
9007792,Buque_007792,Mexico,2025,6636,296,21,11,Naviera_001680
9007793,Buque_007793,Peru,2020,6088,351,25,14,Naviera_005914
9007794,Buque_007794,Japon,2012,7606,94,24,7,Naviera_001569
9007795,Buque_007795,Singapur,2021,22990,218,10,17,Naviera_007474
9007796,Buque_007796,Panama,1996,14693,214,25,15,Naviera_003781
9007797,Buque_007797,Bahamas,2001,17453,243,54,7,Naviera_002628
9007798,Buque_007798,Hong Kong,2002,14088,305,22,13,Naviera_007077
9007799,Buque_007799,Malta,1983,2677,279,34,18,Naviera_003272
9007800,Buque_007800,Peru,2001,2429,314,39,16,Naviera_001805
9007801,Buque_007801,Ecuador,2001,22034,215,20,19,Naviera_008610
9007802,Buque_007802,Mexico,2016,11982,148,58,9,Naviera_006061
9007803,Buque_007803,Espana,2008,23948,386,30,14,Naviera_009805
9007804,Buque_007804,Malta,2023,20335,254,20,9,Naviera_008405
9007805,Buque_007805,Malta,2024,22873,391,59,18,Naviera_006310
9007806,Buque_007806,Panama,2010,5008,126,20,11,Naviera_008386
9007807,Buque_007807,Brasil,2015,12985,326,39,5,Naviera_005373
9007808,Buque_007808,China,2006,1201,134,23,10,Naviera_009660
9007809,Buque_007809,Estados Unidos,1998,17675,129,11,13,Naviera_008174
9007810,Buque_007810,Brasil,1996,17902,126,11,7,Naviera_001252
9007811,Buque_007811,Liberia,2011,16756,384,54,16,Naviera_005727
9007812,Buque_007812,Mexico,2013,18675,111,57,7,Naviera_006460
9007813,Buque_007813,Peru,2017,23524,202,37,17,Naviera_001611
9007814,Buque_007814,Dinamarca,2019,4871,288,22,13,Naviera_001672
9007815,Buque_007815,Panama,2003,14321,123,13,6,Naviera_004453
9007816,Buque_007816,Ecuador,2001,16893,363,35,17,Naviera_004577
9007817,Buque_007817,Dinamarca,2016,11940,187,33,8,Naviera_001480
9007818,Buque_007818,Chile,1999,17500,330,46,8,Naviera_006927
9007819,Buque_007819,Ecuador,1996,10063,55,22,19,Naviera_009487
9007820,Buque_007820,Alemania,1980,15204,234,31,13,Naviera_002370
9007821,Buque_007821,Liberia,2005,18497,180,48,12,Naviera_001291
9007822,Buque_007822,Malta,2003,9716,253,11,10,Naviera_001815
9007823,Buque_007823,Dinamarca,1994,16490,288,25,10,Naviera_001854
9007824,Buque_007824,Colombia,2025,1374,243,11,17,Naviera_008666
9007825,Buque_007825,Liberia,1999,23722,208,13,5,Naviera_001226
9007826,Buque_007826,China,2023,10170,71,18,12,Naviera_000787
9007827,Buque_007827,Peru,2020,10010,196,48,13,Naviera_006677
9007828,Buque_007828,Reino Unido,1994,2614,102,33,14,Naviera_000913
9007829,Buque_007829,Mexico,1982,2964,131,48,17,Naviera_007538
9007830,Buque_007830,Peru,1981,20578,272,25,13,Naviera_001529
9007831,Buque_007831,Grecia,1984,5699,286,49,16,Naviera_000889
9007832,Buque_007832,Islas Marshall,2008,16158,302,10,16,Naviera_002167
9007833,Buque_007833,Chile,1981,15306,295,50,6,Naviera_008043
9007834,Buque_007834,China,2023,6418,154,48,5,Naviera_000021
9007835,Buque_007835,Colombia,2009,9272,392,46,14,Naviera_007310
9007836,Buque_007836,Alemania,1983,9563,320,23,7,Naviera_008402
9007837,Buque_007837,Espana,2014,22965,289,22,17,Naviera_003152
9007838,Buque_007838,Grecia,2025,13895,185,12,10,Naviera_000667
9007839,Buque_007839,Panama,1980,18191,374,18,16,Naviera_007911
9007840,Buque_007840,Hong Kong,2019,17164,279,13,12,Naviera_009948
9007841,Buque_007841,Peru,2019,11513,113,26,8,Naviera_005930
9007842,Buque_007842,Dinamarca,1986,18636,73,43,16,Naviera_006986
9007843,Buque_007843,Singapur,1997,23979,87,43,19,Naviera_001375
9007844,Buque_007844,China,2021,10498,379,39,8,Naviera_009176
9007845,Buque_007845,Peru,2017,5680,279,19,6,Naviera_000883
9007846,Buque_007846,China,1994,22029,284,58,13,Naviera_002390
9007847,Buque_007847,Alemania,1987,5282,85,54,10,Naviera_005659
9007848,Buque_007848,Espana,2010,12715,101,45,14,Naviera_008276
9007849,Buque_007849,Panama,2000,7480,318,36,14,Naviera_007603
9007850,Buque_007850,Bahamas,2022,4219,371,32,16,Naviera_003202
9007851,Buque_007851,Hong Kong,1981,6689,290,13,17,Naviera_002230
9007852,Buque_007852,Malta,1985,6480,80,45,12,Naviera_000036
9007853,Buque_007853,Brasil,1987,17882,58,21,12,Naviera_003821
9007854,Buque_007854,Colombia,2020,11853,279,33,8,Naviera_004476
9007855,Buque_007855,Mexico,2024,12322,115,43,8,Naviera_003859
9007856,Buque_007856,Brasil,2013,23712,379,41,12,Naviera_007387
9007857,Buque_007857,Bahamas,1993,21921,316,23,14,Naviera_003701
9007858,Buque_007858,Japon,2011,5325,287,29,6,Naviera_008306
9007859,Buque_007859,Singapur,1986,2429,94,53,12,Naviera_003699
9007860,Buque_007860,Brasil,2015,5722,366,22,5,Naviera_003621
9007861,Buque_007861,Reino Unido,2014,22337,68,54,6,Naviera_001534
9007862,Buque_007862,Chile,1993,3227,358,13,5,Naviera_007568
9007863,Buque_007863,Hong Kong,2019,17646,284,29,14,Naviera_003454
9007864,Buque_007864,Liberia,2017,11747,376,12,19,Naviera_009362
9007865,Buque_007865,Alemania,1982,11931,336,10,16,Naviera_006298
9007866,Buque_007866,Singapur,2019,16639,384,51,13,Naviera_000881
9007867,Buque_007867,Liberia,2023,16993,142,54,19,Naviera_001163
9007868,Buque_007868,Espana,2006,13041,146,27,9,Naviera_001012
9007869,Buque_007869,China,1983,19283,296,50,15,Naviera_009492
9007870,Buque_007870,Liberia,2008,20093,251,24,18,Naviera_007112
9007871,Buque_007871,Alemania,1984,8155,280,13,16,Naviera_003545
9007872,Buque_007872,Mexico,2022,20816,265,26,16,Naviera_008250
9007873,Buque_007873,Mexico,1991,23643,252,22,7,Naviera_005491
9007874,Buque_007874,Colombia,1988,11126,217,19,10,Naviera_007404
9007875,Buque_007875,Islas Marshall,2013,15331,129,40,9,Naviera_006905
9007876,Buque_007876,China,2004,7070,53,29,6,Naviera_006811
9007877,Buque_007877,Dinamarca,2007,12503,114,38,8,Naviera_006287
9007878,Buque_007878,Liberia,1990,1202,302,59,18,Naviera_004095
9007879,Buque_007879,Islas Marshall,2000,12492,91,15,6,Naviera_005786
9007880,Buque_007880,Islas Marshall,2004,640,151,18,17,Naviera_009842
9007881,Buque_007881,Japon,1991,11905,160,16,12,Naviera_003547
9007882,Buque_007882,China,1982,10756,93,17,18,Naviera_003901
9007883,Buque_007883,Singapur,2021,7884,164,57,9,Naviera_002520
9007884,Buque_007884,Chile,2011,3593,221,53,11,Naviera_002480
9007885,Buque_007885,Hong Kong,2015,1179,324,25,16,Naviera_002505
9007886,Buque_007886,Bahamas,2001,14126,284,10,6,Naviera_002781
9007887,Buque_007887,Malta,1982,5040,149,32,12,Naviera_007570
9007888,Buque_007888,Alemania,2024,19088,206,14,9,Naviera_001609
9007889,Buque_007889,Estados Unidos,2016,20723,331,22,15,Naviera_006382
9007890,Buque_007890,Ecuador,1995,13401,184,57,19,Naviera_002814
9007891,Buque_007891,Noruega,2024,2088,380,40,14,Naviera_008098
9007892,Buque_007892,Malta,2003,13952,195,53,12,Naviera_004730
9007893,Buque_007893,Noruega,2007,15153,103,22,12,Naviera_005777
9007894,Buque_007894,Estados Unidos,2025,21529,104,27,6,Naviera_000364
9007895,Buque_007895,Singapur,1986,12969,198,38,8,Naviera_004315
9007896,Buque_007896,Colombia,2020,5452,104,18,5,Naviera_004647
9007897,Buque_007897,Dinamarca,2000,4330,224,14,13,Naviera_008136
9007898,Buque_007898,Noruega,1989,21596,350,22,13,Naviera_006790
9007899,Buque_007899,Alemania,2007,4959,58,48,6,Naviera_007713
9007900,Buque_007900,Estados Unidos,2002,5313,129,28,9,Naviera_001125
9007901,Buque_007901,Japon,2025,10225,376,45,18,Naviera_009731
9007902,Buque_007902,Islas Marshall,2021,6667,224,53,13,Naviera_007797
9007903,Buque_007903,Mexico,2010,6079,125,24,15,Naviera_008323
9007904,Buque_007904,Colombia,2001,22284,151,47,14,Naviera_006921
9007905,Buque_007905,Japon,1982,13549,194,34,18,Naviera_003091
9007906,Buque_007906,Panama,2001,8382,237,16,9,Naviera_006913
9007907,Buque_007907,Ecuador,1998,16357,136,34,8,Naviera_003509
9007908,Buque_007908,Peru,1992,11764,202,42,17,Naviera_000929
9007909,Buque_007909,Colombia,2008,21065,289,56,13,Naviera_009524
9007910,Buque_007910,Liberia,2019,4623,393,44,14,Naviera_001642
9007911,Buque_007911,Grecia,2000,3478,376,24,7,Naviera_007648
9007912,Buque_007912,Brasil,1987,12222,224,32,8,Naviera_009700
9007913,Buque_007913,Ecuador,2013,2005,319,51,6,Naviera_004080
9007914,Buque_007914,Reino Unido,2004,18086,146,21,10,Naviera_009860
9007915,Buque_007915,Japon,2019,12554,65,10,7,Naviera_001910
9007916,Buque_007916,Bahamas,1981,3885,338,59,15,Naviera_006086
9007917,Buque_007917,Dinamarca,2023,818,122,34,13,Naviera_000659
9007918,Buque_007918,Peru,2013,7039,96,41,7,Naviera_008238
9007919,Buque_007919,Ecuador,2015,22502,372,41,12,Naviera_005885
9007920,Buque_007920,Estados Unidos,1999,10732,246,15,17,Naviera_002078
9007921,Buque_007921,Espana,2017,13416,180,58,11,Naviera_002244
9007922,Buque_007922,Japon,1986,1761,208,23,10,Naviera_006661
9007923,Buque_007923,Hong Kong,2025,23463,374,11,13,Naviera_000540
9007924,Buque_007924,Liberia,1994,12192,287,43,6,Naviera_009894
9007925,Buque_007925,Japon,1980,801,98,36,16,Naviera_004925
9007926,Buque_007926,Estados Unidos,2024,7291,334,58,16,Naviera_003543
9007927,Buque_007927,Espana,1988,21569,167,44,19,Naviera_008925
9007928,Buque_007928,Singapur,1989,7505,293,34,10,Naviera_000623
9007929,Buque_007929,Panama,2003,22131,221,22,14,Naviera_007106
9007930,Buque_007930,Islas Marshall,2022,14550,325,29,14,Naviera_002870
9007931,Buque_007931,Espana,2018,22272,141,22,9,Naviera_002587
9007932,Buque_007932,Noruega,2015,12558,87,51,17,Naviera_008247
9007933,Buque_007933,Peru,2004,15462,375,22,16,Naviera_002078
9007934,Buque_007934,Reino Unido,2022,13512,390,25,11,Naviera_005861
9007935,Buque_007935,Espana,1995,11743,125,19,17,Naviera_004220
9007936,Buque_007936,Alemania,2006,9744,353,48,11,Naviera_004520
9007937,Buque_007937,Bahamas,2020,11395,235,57,12,Naviera_002661
9007938,Buque_007938,Chile,1989,13884,158,20,16,Naviera_009384
9007939,Buque_007939,Chile,1980,18032,174,32,7,Naviera_005061
9007940,Buque_007940,Peru,2004,16782,287,38,12,Naviera_005666
9007941,Buque_007941,Hong Kong,2009,17013,112,13,5,Naviera_003511
9007942,Buque_007942,Japon,2022,7969,229,29,8,Naviera_003162
9007943,Buque_007943,China,2021,14370,373,56,12,Naviera_003521
9007944,Buque_007944,Alemania,2019,23244,317,32,9,Naviera_003050
9007945,Buque_007945,Bahamas,2019,10658,388,32,19,Naviera_006057
9007946,Buque_007946,Chile,2003,6387,186,58,18,Naviera_006969
9007947,Buque_007947,Estados Unidos,2016,23789,307,44,18,Naviera_002186
9007948,Buque_007948,Alemania,1982,8295,103,31,5,Naviera_002135
9007949,Buque_007949,Reino Unido,1984,16673,145,38,16,Naviera_003982
9007950,Buque_007950,Estados Unidos,1990,7586,99,40,17,Naviera_005371
9007951,Buque_007951,Bahamas,2018,13135,252,43,6,Naviera_000026
9007952,Buque_007952,Alemania,2007,11696,256,54,14,Naviera_005396
9007953,Buque_007953,Grecia,2008,19357,165,54,8,Naviera_003890
9007954,Buque_007954,Malta,2014,6630,216,51,9,Naviera_009307
9007955,Buque_007955,Chile,2017,1942,98,31,7,Naviera_001802
9007956,Buque_007956,Mexico,2019,18850,153,42,19,Naviera_003717
9007957,Buque_007957,Islas Marshall,1995,8409,234,25,5,Naviera_004340
9007958,Buque_007958,Malta,2020,8511,327,33,19,Naviera_004809
9007959,Buque_007959,Alemania,2018,21053,314,34,6,Naviera_002333
9007960,Buque_007960,Bahamas,2011,995,218,17,9,Naviera_005253
9007961,Buque_007961,Reino Unido,2018,1116,363,24,16,Naviera_003639
9007962,Buque_007962,Mexico,2022,6106,265,16,6,Naviera_000595
9007963,Buque_007963,Brasil,1982,7352,346,22,17,Naviera_005027
9007964,Buque_007964,Singapur,1984,12317,363,32,15,Naviera_002443
9007965,Buque_007965,Reino Unido,2011,8412,73,55,14,Naviera_009247
9007966,Buque_007966,Reino Unido,1993,5975,52,32,15,Naviera_007582
9007967,Buque_007967,Brasil,1985,10755,264,14,13,Naviera_002106
9007968,Buque_007968,China,1990,4446,369,19,14,Naviera_007831
9007969,Buque_007969,Japon,1983,9393,285,35,12,Naviera_008357
9007970,Buque_007970,Peru,2023,9695,132,22,12,Naviera_002201
9007971,Buque_007971,Japon,1994,23994,271,41,10,Naviera_009944
9007972,Buque_007972,Grecia,1981,2064,80,33,15,Naviera_003095
9007973,Buque_007973,Espana,2023,17624,100,32,10,Naviera_003552
9007974,Buque_007974,Espana,1985,1418,186,14,14,Naviera_006491
9007975,Buque_007975,Bahamas,2007,19626,327,11,10,Naviera_003299
9007976,Buque_007976,China,2021,11567,81,46,16,Naviera_007200
9007977,Buque_007977,Alemania,2011,13558,245,33,14,Naviera_006287
9007978,Buque_007978,Liberia,1989,5519,242,22,13,Naviera_001104
9007979,Buque_007979,China,2004,8052,302,30,12,Naviera_003742
9007980,Buque_007980,Liberia,2019,15644,116,11,15,Naviera_002290
9007981,Buque_007981,Singapur,2009,20953,353,40,10,Naviera_009640
9007982,Buque_007982,Malta,2022,15116,262,24,5,Naviera_004889
9007983,Buque_007983,Mexico,1986,2535,231,18,12,Naviera_005142
9007984,Buque_007984,Hong Kong,2004,604,146,48,10,Naviera_002745
9007985,Buque_007985,Brasil,2000,7546,86,54,17,Naviera_008636
9007986,Buque_007986,Chile,2006,22829,224,14,13,Naviera_001244
9007987,Buque_007987,Peru,2005,7868,325,55,14,Naviera_001048
9007988,Buque_007988,Peru,2004,20551,228,21,13,Naviera_000966
9007989,Buque_007989,China,2007,8563,106,32,8,Naviera_002740
9007990,Buque_007990,Noruega,2022,23306,84,45,10,Naviera_007590
9007991,Buque_007991,Bahamas,1987,15633,260,52,9,Naviera_001535
9007992,Buque_007992,Chile,2004,18963,196,21,12,Naviera_002140
9007993,Buque_007993,Ecuador,1981,13229,252,54,16,Naviera_009439
9007994,Buque_007994,Grecia,1999,13065,258,29,17,Naviera_006196
9007995,Buque_007995,Singapur,1992,21108,111,12,12,Naviera_002352
9007996,Buque_007996,Estados Unidos,2025,20874,352,59,19,Naviera_004498
9007997,Buque_007997,Singapur,2010,10025,63,14,7,Naviera_001940
9007998,Buque_007998,Espana,2009,23269,295,47,7,Naviera_005221
9007999,Buque_007999,Reino Unido,2019,13307,373,29,16,Naviera_000190
9008000,Buque_008000,Noruega,2007,681,334,11,10,Naviera_005121
9008001,Buque_008001,Mexico,2000,15623,102,10,5,Naviera_002078
9008002,Buque_008002,Japon,2006,6196,312,25,13,Naviera_002611
9008003,Buque_008003,Islas Marshall,2017,21875,333,15,7,Naviera_009362
9008004,Buque_008004,China,2008,19107,303,38,14,Naviera_003850
9008005,Buque_008005,Singapur,1997,12045,344,34,8,Naviera_008031
9008006,Buque_008006,Estados Unidos,2019,18271,363,47,8,Naviera_004839
9008007,Buque_008007,China,2005,20962,107,46,17,Naviera_000100
9008008,Buque_008008,Alemania,1998,7213,60,27,16,Naviera_007249
9008009,Buque_008009,Chile,1990,9203,257,34,15,Naviera_007779
9008010,Buque_008010,China,2023,22188,125,23,9,Naviera_000625
9008011,Buque_008011,Liberia,2024,1590,372,25,5,Naviera_009413
9008012,Buque_008012,Noruega,2020,17710,150,27,11,Naviera_000291
9008013,Buque_008013,Japon,1995,2950,217,46,19,Naviera_008825
9008014,Buque_008014,Brasil,2014,10017,354,54,12,Naviera_005923
9008015,Buque_008015,Grecia,2011,20378,270,19,15,Naviera_000211
9008016,Buque_008016,Grecia,1983,18735,149,38,16,Naviera_000112
9008017,Buque_008017,Islas Marshall,2004,13550,195,49,15,Naviera_001369
9008018,Buque_008018,Islas Marshall,2019,5798,228,44,13,Naviera_004053
9008019,Buque_008019,Mexico,1982,21669,55,21,19,Naviera_007842
9008020,Buque_008020,Grecia,2018,3561,268,36,6,Naviera_009671
9008021,Buque_008021,Mexico,2014,2651,251,14,15,Naviera_002175
9008022,Buque_008022,Grecia,2008,23263,358,50,16,Naviera_001759
9008023,Buque_008023,Reino Unido,2009,797,169,27,19,Naviera_008946
9008024,Buque_008024,Liberia,1997,3908,342,20,13,Naviera_001554
9008025,Buque_008025,Espana,2009,15949,308,18,8,Naviera_007248
9008026,Buque_008026,Panama,1987,18902,289,21,12,Naviera_009114
9008027,Buque_008027,Singapur,2025,534,378,56,14,Naviera_009686
9008028,Buque_008028,Reino Unido,2008,19453,68,41,7,Naviera_003643
9008029,Buque_008029,China,1990,5927,186,45,19,Naviera_000850
9008030,Buque_008030,Brasil,2009,12161,77,22,14,Naviera_002826
9008031,Buque_008031,Estados Unidos,2019,5804,61,38,9,Naviera_004944
9008032,Buque_008032,Dinamarca,1993,16942,61,46,15,Naviera_001673
9008033,Buque_008033,Reino Unido,2007,5824,357,47,7,Naviera_004405
9008034,Buque_008034,Singapur,1994,16942,195,35,12,Naviera_004769
9008035,Buque_008035,Liberia,2008,21982,81,19,11,Naviera_008839
9008036,Buque_008036,Espana,2023,22645,82,29,18,Naviera_002578
9008037,Buque_008037,Panama,1993,17051,230,22,7,Naviera_002241
9008038,Buque_008038,Singapur,2000,22993,361,50,12,Naviera_006915
9008039,Buque_008039,Alemania,2003,13760,235,51,9,Naviera_002137
9008040,Buque_008040,Chile,1988,23620,188,47,19,Naviera_002650
9008041,Buque_008041,Brasil,2021,12294,170,24,19,Naviera_005737
9008042,Buque_008042,Reino Unido,1988,20665,63,10,10,Naviera_006592
9008043,Buque_008043,Brasil,2006,16598,289,38,19,Naviera_007133
9008044,Buque_008044,Mexico,2018,13716,280,43,10,Naviera_002476
9008045,Buque_008045,Liberia,1985,23520,229,15,5,Naviera_003670
9008046,Buque_008046,Mexico,1985,7365,278,24,8,Naviera_008709
9008047,Buque_008047,Bahamas,2020,1479,65,43,17,Naviera_007479
9008048,Buque_008048,Brasil,2009,21206,91,56,10,Naviera_009902
9008049,Buque_008049,Ecuador,1996,13860,367,23,12,Naviera_006087
9008050,Buque_008050,Alemania,2008,3978,183,12,10,Naviera_008540
9008051,Buque_008051,China,2017,23196,375,37,15,Naviera_000439
9008052,Buque_008052,Panama,2009,7787,354,17,7,Naviera_002712
9008053,Buque_008053,Noruega,1982,3743,258,25,5,Naviera_002921
9008054,Buque_008054,China,2023,10467,117,41,8,Naviera_001314
9008055,Buque_008055,Estados Unidos,1986,5708,223,10,16,Naviera_005988
9008056,Buque_008056,Islas Marshall,1985,15338,76,42,7,Naviera_003001
9008057,Buque_008057,Estados Unidos,1981,2965,327,56,16,Naviera_005260
9008058,Buque_008058,Alemania,1999,11330,286,55,7,Naviera_000637
9008059,Buque_008059,China,1993,20653,192,23,7,Naviera_006303
9008060,Buque_008060,Reino Unido,2016,16661,330,54,8,Naviera_003374
9008061,Buque_008061,Reino Unido,1984,11859,153,38,9,Naviera_000890
9008062,Buque_008062,Peru,1982,9079,220,36,9,Naviera_007497
9008063,Buque_008063,Colombia,1991,4901,387,49,19,Naviera_008066
9008064,Buque_008064,Dinamarca,2007,19041,270,21,16,Naviera_002637
9008065,Buque_008065,Estados Unidos,2008,16556,202,35,10,Naviera_007296
9008066,Buque_008066,Alemania,2005,1893,62,53,9,Naviera_004809
9008067,Buque_008067,Mexico,1983,14166,254,33,6,Naviera_003611
9008068,Buque_008068,Singapur,1991,1225,377,38,15,Naviera_003952
9008069,Buque_008069,Chile,1999,13424,218,19,16,Naviera_005787
9008070,Buque_008070,China,1989,2181,116,17,19,Naviera_001607
9008071,Buque_008071,Mexico,2000,2520,260,38,8,Naviera_008410
9008072,Buque_008072,Liberia,2021,16650,210,23,11,Naviera_007024
9008073,Buque_008073,Mexico,1995,17724,235,16,13,Naviera_003465
9008074,Buque_008074,Mexico,2019,20666,212,10,12,Naviera_008021
9008075,Buque_008075,Noruega,2013,11022,172,14,8,Naviera_005817
9008076,Buque_008076,Chile,2004,14675,166,38,19,Naviera_006768
9008077,Buque_008077,China,2025,9842,106,23,11,Naviera_000898
9008078,Buque_008078,Malta,2007,13237,90,31,14,Naviera_006841
9008079,Buque_008079,Bahamas,2020,9157,276,36,17,Naviera_005621
9008080,Buque_008080,Singapur,1994,14827,384,20,16,Naviera_008519
9008081,Buque_008081,Malta,2011,10753,325,40,5,Naviera_005780
9008082,Buque_008082,Mexico,2006,6436,380,16,11,Naviera_001222
9008083,Buque_008083,Singapur,2007,22799,374,10,16,Naviera_002803
9008084,Buque_008084,Peru,1995,16561,138,56,7,Naviera_001767
9008085,Buque_008085,China,2025,10177,357,16,16,Naviera_001516
9008086,Buque_008086,Dinamarca,1994,1958,105,42,7,Naviera_007161
9008087,Buque_008087,Liberia,2002,19226,211,13,5,Naviera_009711
9008088,Buque_008088,Alemania,2007,887,80,44,15,Naviera_004750
9008089,Buque_008089,Liberia,1981,6656,369,14,13,Naviera_009858
9008090,Buque_008090,Malta,1983,7484,283,34,19,Naviera_000856
9008091,Buque_008091,Singapur,1998,16369,176,47,8,Naviera_005143
9008092,Buque_008092,Colombia,2010,5769,148,39,14,Naviera_005997
9008093,Buque_008093,Estados Unidos,1994,6222,352,33,10,Naviera_003763
9008094,Buque_008094,Malta,1981,1854,313,10,17,Naviera_000225
9008095,Buque_008095,Reino Unido,2011,4434,271,13,17,Naviera_007455
9008096,Buque_008096,Chile,1989,20883,62,11,15,Naviera_002275
9008097,Buque_008097,Estados Unidos,2009,16023,340,55,9,Naviera_001364
9008098,Buque_008098,Dinamarca,2014,15511,229,23,19,Naviera_009410
9008099,Buque_008099,Noruega,2019,3121,155,32,14,Naviera_008046
9008100,Buque_008100,Liberia,2009,5999,190,26,15,Naviera_007161
9008101,Buque_008101,Malta,2003,1763,289,15,12,Naviera_005648
9008102,Buque_008102,Grecia,2020,5100,318,38,17,Naviera_005877
9008103,Buque_008103,Colombia,2011,11300,127,29,8,Naviera_006906
9008104,Buque_008104,Reino Unido,2010,22059,197,30,7,Naviera_001583
9008105,Buque_008105,Espana,2022,14235,148,20,5,Naviera_008750
9008106,Buque_008106,Singapur,1989,2168,385,38,18,Naviera_003431
9008107,Buque_008107,Grecia,2016,14177,387,12,11,Naviera_000585
9008108,Buque_008108,Estados Unidos,1992,16034,173,59,19,Naviera_006052
9008109,Buque_008109,Peru,1985,14288,315,12,5,Naviera_009299
9008110,Buque_008110,Alemania,2001,22295,167,59,16,Naviera_002883
9008111,Buque_008111,Estados Unidos,1983,23424,387,50,18,Naviera_000385
9008112,Buque_008112,China,2007,12316,358,52,16,Naviera_000099
9008113,Buque_008113,Espana,1997,23901,303,37,7,Naviera_009158
9008114,Buque_008114,Panama,1990,20844,81,51,12,Naviera_000790
9008115,Buque_008115,Bahamas,1981,19949,174,24,10,Naviera_007607
9008116,Buque_008116,Bahamas,1999,12163,227,53,5,Naviera_009414
9008117,Buque_008117,Colombia,1980,6508,352,53,14,Naviera_000545
9008118,Buque_008118,Islas Marshall,1993,4141,310,45,9,Naviera_001763
9008119,Buque_008119,Mexico,1983,19840,55,33,14,Naviera_000415
9008120,Buque_008120,Liberia,1988,17847,270,50,9,Naviera_006046
9008121,Buque_008121,Brasil,1981,12805,65,48,13,Naviera_001486
9008122,Buque_008122,Mexico,1990,16660,139,18,16,Naviera_005921
9008123,Buque_008123,Ecuador,2014,1191,67,47,5,Naviera_000186
9008124,Buque_008124,Mexico,1982,8875,157,26,16,Naviera_009286
9008125,Buque_008125,Colombia,1998,23678,173,24,15,Naviera_004753
9008126,Buque_008126,Estados Unidos,2025,9434,279,47,9,Naviera_009738
9008127,Buque_008127,Ecuador,1993,10979,332,48,19,Naviera_003155
9008128,Buque_008128,Mexico,2019,16311,355,35,10,Naviera_009722
9008129,Buque_008129,Alemania,2012,16461,252,50,19,Naviera_003402
9008130,Buque_008130,Malta,2012,19699,287,43,17,Naviera_003131
9008131,Buque_008131,Dinamarca,1999,13913,107,15,17,Naviera_009115
9008132,Buque_008132,Japon,2009,5678,125,25,6,Naviera_005517
9008133,Buque_008133,Espana,2006,16649,80,28,5,Naviera_004434
9008134,Buque_008134,Panama,2017,1400,143,47,9,Naviera_006402
9008135,Buque_008135,Colombia,1998,5432,125,16,5,Naviera_009971
9008136,Buque_008136,Alemania,1996,15809,144,55,9,Naviera_009708
9008137,Buque_008137,Peru,2001,3996,312,50,5,Naviera_007980
9008138,Buque_008138,Malta,2001,23777,395,21,13,Naviera_006474
9008139,Buque_008139,Dinamarca,2023,19479,208,30,7,Naviera_004899
9008140,Buque_008140,Islas Marshall,2008,3522,237,41,9,Naviera_001862
9008141,Buque_008141,Peru,1992,2664,142,37,15,Naviera_006459
9008142,Buque_008142,Japon,1980,17333,391,58,8,Naviera_009714
9008143,Buque_008143,Grecia,2006,18062,81,50,13,Naviera_004555
9008144,Buque_008144,Colombia,2000,11925,119,42,7,Naviera_002431
9008145,Buque_008145,Singapur,2018,8524,276,17,15,Naviera_006731
9008146,Buque_008146,Liberia,1999,19028,388,50,6,Naviera_003801
9008147,Buque_008147,Alemania,2017,13530,378,26,11,Naviera_008758
9008148,Buque_008148,Malta,2010,5742,151,47,18,Naviera_000761
9008149,Buque_008149,Reino Unido,2019,19530,373,12,15,Naviera_001105
9008150,Buque_008150,Bahamas,2017,1028,141,32,16,Naviera_002998
9008151,Buque_008151,Noruega,2001,17871,399,18,10,Naviera_003887
9008152,Buque_008152,Panama,1998,15103,381,23,13,Naviera_005777
9008153,Buque_008153,Alemania,1989,23496,281,17,17,Naviera_001231
9008154,Buque_008154,Brasil,1986,23644,162,31,6,Naviera_008703
9008155,Buque_008155,Chile,2024,4741,51,46,5,Naviera_008263
9008156,Buque_008156,Chile,1999,8126,260,31,13,Naviera_001223
9008157,Buque_008157,Brasil,2017,15729,245,13,14,Naviera_005572
9008158,Buque_008158,Panama,1997,21512,55,12,8,Naviera_009653
9008159,Buque_008159,Estados Unidos,2023,3228,381,12,5,Naviera_003978
9008160,Buque_008160,Alemania,1986,5679,259,25,13,Naviera_008543
9008161,Buque_008161,Grecia,1990,22130,133,58,11,Naviera_007107
9008162,Buque_008162,Japon,1984,4661,115,20,11,Naviera_006558
9008163,Buque_008163,Noruega,2018,17818,270,18,9,Naviera_006644
9008164,Buque_008164,Hong Kong,2013,12131,61,59,9,Naviera_000592
9008165,Buque_008165,Grecia,2018,16251,72,13,6,Naviera_009675
9008166,Buque_008166,Peru,1995,16309,84,58,7,Naviera_001534
9008167,Buque_008167,Malta,2021,21256,263,49,5,Naviera_007663
9008168,Buque_008168,Islas Marshall,2002,6597,254,11,13,Naviera_003228
9008169,Buque_008169,Alemania,1983,3410,375,49,5,Naviera_001414
9008170,Buque_008170,Peru,2007,750,155,10,5,Naviera_002668
9008171,Buque_008171,Grecia,2011,19011,147,58,6,Naviera_007776
9008172,Buque_008172,Bahamas,1989,17472,353,32,12,Naviera_005299
9008173,Buque_008173,Islas Marshall,2012,10556,179,17,16,Naviera_002595
9008174,Buque_008174,Peru,1991,14078,361,33,11,Naviera_004808
9008175,Buque_008175,Bahamas,1995,21994,276,10,6,Naviera_008703
9008176,Buque_008176,Islas Marshall,2021,7888,203,11,14,Naviera_005451
9008177,Buque_008177,Brasil,1998,10478,54,20,15,Naviera_003201
9008178,Buque_008178,Panama,1992,17637,234,50,18,Naviera_009576
9008179,Buque_008179,Peru,2009,4834,174,53,5,Naviera_008387
9008180,Buque_008180,China,2014,23228,214,10,13,Naviera_003750
9008181,Buque_008181,Dinamarca,1983,3846,191,42,6,Naviera_005200
9008182,Buque_008182,Dinamarca,1991,8324,126,48,12,Naviera_001082
9008183,Buque_008183,Singapur,1993,6064,80,18,11,Naviera_007576
9008184,Buque_008184,Colombia,2008,2046,298,10,14,Naviera_006356
9008185,Buque_008185,China,1994,14295,275,42,17,Naviera_003948
9008186,Buque_008186,Reino Unido,1993,15771,364,18,19,Naviera_005401
9008187,Buque_008187,Japon,2021,5677,321,27,16,Naviera_000048
9008188,Buque_008188,Ecuador,1983,16912,389,17,18,Naviera_007213
9008189,Buque_008189,Grecia,2024,12812,176,17,17,Naviera_008449
9008190,Buque_008190,Noruega,1985,3030,82,28,13,Naviera_003407
9008191,Buque_008191,Grecia,2005,15339,172,36,18,Naviera_008698
9008192,Buque_008192,Mexico,2022,8934,211,38,9,Naviera_008909
9008193,Buque_008193,Singapur,1985,9408,274,19,15,Naviera_006677
9008194,Buque_008194,Peru,1994,7160,310,14,14,Naviera_004018
9008195,Buque_008195,Chile,2008,23434,252,57,13,Naviera_008770
9008196,Buque_008196,Grecia,1993,4488,154,49,5,Naviera_001199
9008197,Buque_008197,Mexico,1998,8146,361,15,16,Naviera_008006
9008198,Buque_008198,Peru,2021,3556,134,20,14,Naviera_001043
9008199,Buque_008199,Japon,2008,10836,389,58,13,Naviera_007967
9008200,Buque_008200,China,2025,7007,270,50,12,Naviera_000960
9008201,Buque_008201,Chile,2025,19472,356,31,15,Naviera_002270
9008202,Buque_008202,Liberia,2020,3905,243,49,13,Naviera_003352
9008203,Buque_008203,Mexico,2009,11320,354,42,13,Naviera_006809
9008204,Buque_008204,Liberia,1988,18253,362,43,5,Naviera_003682
9008205,Buque_008205,Hong Kong,2025,1534,171,49,15,Naviera_006124
9008206,Buque_008206,Reino Unido,1991,2701,258,55,19,Naviera_004681
9008207,Buque_008207,Estados Unidos,2004,12134,161,20,15,Naviera_005505
9008208,Buque_008208,Mexico,2010,6272,270,10,18,Naviera_005505
9008209,Buque_008209,Grecia,2001,8172,141,27,16,Naviera_003041
9008210,Buque_008210,Islas Marshall,2012,4846,321,22,15,Naviera_004012
9008211,Buque_008211,Panama,1995,12697,191,53,11,Naviera_008912
9008212,Buque_008212,Reino Unido,1984,23316,328,57,10,Naviera_005303
9008213,Buque_008213,Japon,2006,23542,199,52,10,Naviera_008178
9008214,Buque_008214,Chile,1992,7533,63,39,7,Naviera_009720
9008215,Buque_008215,Ecuador,1995,10014,352,16,19,Naviera_000737
9008216,Buque_008216,Chile,1999,1507,336,18,19,Naviera_002762
9008217,Buque_008217,Peru,1986,4648,67,44,11,Naviera_005522
9008218,Buque_008218,Alemania,2018,4072,255,39,10,Naviera_001449
9008219,Buque_008219,Ecuador,2006,10634,164,24,5,Naviera_006925
9008220,Buque_008220,Alemania,2020,8870,213,15,11,Naviera_006178
9008221,Buque_008221,Espana,2005,11156,399,48,9,Naviera_004500
9008222,Buque_008222,Colombia,1998,16107,73,30,10,Naviera_005531
9008223,Buque_008223,Mexico,1996,10524,177,43,5,Naviera_000040
9008224,Buque_008224,Brasil,1999,3655,230,17,17,Naviera_007239
9008225,Buque_008225,Chile,2000,16909,326,41,8,Naviera_004489
9008226,Buque_008226,Liberia,1999,13533,69,38,9,Naviera_008635
9008227,Buque_008227,China,1997,6044,78,13,6,Naviera_009650
9008228,Buque_008228,Brasil,2007,7111,352,19,19,Naviera_005950
9008229,Buque_008229,Hong Kong,2000,13731,298,10,9,Naviera_005635
9008230,Buque_008230,Alemania,2002,14447,352,34,6,Naviera_008513
9008231,Buque_008231,Reino Unido,2005,10082,372,43,18,Naviera_003589
9008232,Buque_008232,Ecuador,1980,22118,134,25,6,Naviera_000633
9008233,Buque_008233,Ecuador,2001,23529,315,23,8,Naviera_002893
9008234,Buque_008234,Brasil,1985,20341,384,51,16,Naviera_002256
9008235,Buque_008235,Reino Unido,1986,559,308,50,6,Naviera_003520
9008236,Buque_008236,Hong Kong,1999,6354,94,41,11,Naviera_008795
9008237,Buque_008237,Reino Unido,1990,1438,156,28,19,Naviera_007293
9008238,Buque_008238,Colombia,1983,8930,105,18,10,Naviera_000824
9008239,Buque_008239,Mexico,1987,2773,254,52,16,Naviera_005735
9008240,Buque_008240,Colombia,1982,19824,138,27,9,Naviera_001143
9008241,Buque_008241,Brasil,2021,5904,55,58,13,Naviera_009834
9008242,Buque_008242,Chile,2003,11236,262,23,7,Naviera_004634
9008243,Buque_008243,Liberia,2011,1394,105,42,19,Naviera_009789
9008244,Buque_008244,Bahamas,2014,18512,175,54,12,Naviera_003304
9008245,Buque_008245,Dinamarca,2022,17359,141,59,13,Naviera_009290
9008246,Buque_008246,Hong Kong,1998,22468,324,56,9,Naviera_006384
9008247,Buque_008247,China,1992,23880,266,15,19,Naviera_004708
9008248,Buque_008248,Liberia,2001,22860,285,15,10,Naviera_007170
9008249,Buque_008249,Hong Kong,1994,8951,70,29,16,Naviera_002197
9008250,Buque_008250,Bahamas,1995,23678,317,38,18,Naviera_003453
9008251,Buque_008251,Islas Marshall,1991,6575,220,36,5,Naviera_001773
9008252,Buque_008252,Islas Marshall,2020,6354,106,26,19,Naviera_002588
9008253,Buque_008253,Bahamas,2014,21569,313,41,11,Naviera_009031
9008254,Buque_008254,Colombia,2025,7277,308,33,16,Naviera_007320
9008255,Buque_008255,Noruega,1995,15177,286,32,11,Naviera_007676
9008256,Buque_008256,Reino Unido,2001,20457,69,40,14,Naviera_006216
9008257,Buque_008257,Bahamas,2016,1057,190,21,5,Naviera_006971
9008258,Buque_008258,Singapur,2002,21105,140,18,11,Naviera_006540
9008259,Buque_008259,Mexico,2016,19669,345,17,10,Naviera_003686
9008260,Buque_008260,Hong Kong,2010,12320,399,24,7,Naviera_003890
9008261,Buque_008261,Japon,1993,22833,104,46,14,Naviera_008872
9008262,Buque_008262,Estados Unidos,1998,12859,167,52,13,Naviera_004920
9008263,Buque_008263,Colombia,2023,1974,83,15,14,Naviera_006558
9008264,Buque_008264,Japon,2021,11573,251,23,19,Naviera_009425
9008265,Buque_008265,Singapur,2007,23054,311,41,11,Naviera_001572
9008266,Buque_008266,Chile,1988,4812,375,21,12,Naviera_006592
9008267,Buque_008267,Singapur,2009,8603,143,41,10,Naviera_006505
9008268,Buque_008268,Dinamarca,2020,8056,208,54,15,Naviera_004474
9008269,Buque_008269,Alemania,1986,5056,392,23,13,Naviera_006956
9008270,Buque_008270,Noruega,1983,15628,101,22,14,Naviera_003637
9008271,Buque_008271,Dinamarca,2022,11851,249,35,15,Naviera_006076
9008272,Buque_008272,Hong Kong,1980,3960,90,37,19,Naviera_005957
9008273,Buque_008273,Reino Unido,1984,23056,291,53,9,Naviera_000801
9008274,Buque_008274,Liberia,2024,22672,129,27,5,Naviera_005145
9008275,Buque_008275,Hong Kong,2003,2760,156,15,7,Naviera_003202
9008276,Buque_008276,Liberia,1990,23625,350,28,17,Naviera_004964
9008277,Buque_008277,Malta,2008,5277,69,51,10,Naviera_001872
9008278,Buque_008278,Espana,1990,12151,122,18,16,Naviera_006809
9008279,Buque_008279,Brasil,2002,6909,328,59,12,Naviera_008115
9008280,Buque_008280,Peru,2014,6559,122,47,14,Naviera_004553
9008281,Buque_008281,Hong Kong,2005,6129,262,54,17,Naviera_006170
9008282,Buque_008282,Japon,1990,22683,137,14,14,Naviera_005736
9008283,Buque_008283,Colombia,2013,2025,365,29,11,Naviera_009425
9008284,Buque_008284,Singapur,1993,19940,276,26,15,Naviera_008084
9008285,Buque_008285,Mexico,1989,5545,378,46,11,Naviera_005532
9008286,Buque_008286,Islas Marshall,1998,6607,206,49,13,Naviera_008997
9008287,Buque_008287,Noruega,1990,20018,198,27,19,Naviera_008757
9008288,Buque_008288,Hong Kong,2009,10693,364,54,5,Naviera_009501
9008289,Buque_008289,Peru,2019,10573,311,44,6,Naviera_001568
9008290,Buque_008290,Alemania,2007,11367,224,40,19,Naviera_002224
9008291,Buque_008291,Colombia,1988,2150,239,48,18,Naviera_003077
9008292,Buque_008292,Dinamarca,2021,19990,358,35,18,Naviera_005865
9008293,Buque_008293,Chile,2015,9710,145,26,17,Naviera_007523
9008294,Buque_008294,Peru,2009,908,391,26,9,Naviera_005724
9008295,Buque_008295,Mexico,1991,14828,367,22,14,Naviera_007058
9008296,Buque_008296,Japon,1990,2823,96,21,12,Naviera_001346
9008297,Buque_008297,Noruega,2008,22256,68,45,12,Naviera_000946
9008298,Buque_008298,Hong Kong,1984,1192,234,36,12,Naviera_008782
9008299,Buque_008299,Bahamas,1987,22654,388,22,10,Naviera_003086
9008300,Buque_008300,Dinamarca,1993,12146,206,19,15,Naviera_003582
9008301,Buque_008301,Panama,1982,20795,178,49,13,Naviera_005073
9008302,Buque_008302,Liberia,2012,10174,296,44,15,Naviera_002660
9008303,Buque_008303,Espana,2017,8442,273,38,12,Naviera_008198
9008304,Buque_008304,Islas Marshall,2000,10145,208,32,10,Naviera_001232
9008305,Buque_008305,Malta,1982,8886,398,55,14,Naviera_005408
9008306,Buque_008306,Espana,2025,4683,145,10,18,Naviera_001274
9008307,Buque_008307,Japon,2012,1627,158,26,19,Naviera_007365
9008308,Buque_008308,Islas Marshall,1992,20884,155,59,9,Naviera_001462
9008309,Buque_008309,Reino Unido,2014,23200,148,47,8,Naviera_009513
9008310,Buque_008310,Reino Unido,2013,19326,190,22,19,Naviera_009306
9008311,Buque_008311,Noruega,2005,9063,256,12,10,Naviera_002986
9008312,Buque_008312,Espana,1985,23299,61,51,13,Naviera_005240
9008313,Buque_008313,Espana,1984,21309,53,31,16,Naviera_004628
9008314,Buque_008314,China,2022,9356,317,47,11,Naviera_001236
9008315,Buque_008315,Japon,1981,14932,282,40,15,Naviera_009983
9008316,Buque_008316,Japon,1982,6574,286,54,18,Naviera_002369
9008317,Buque_008317,Chile,1990,11453,166,24,17,Naviera_006174
9008318,Buque_008318,Alemania,1999,19751,155,21,13,Naviera_008609
9008319,Buque_008319,Liberia,1989,10541,390,52,7,Naviera_002834
9008320,Buque_008320,Panama,2007,13773,250,17,10,Naviera_006293
9008321,Buque_008321,Reino Unido,1982,10424,257,46,18,Naviera_003953
9008322,Buque_008322,Estados Unidos,2018,19382,294,50,10,Naviera_006515
9008323,Buque_008323,Bahamas,1988,22404,309,31,17,Naviera_005325
9008324,Buque_008324,Peru,1980,22974,198,12,14,Naviera_006960
9008325,Buque_008325,China,2009,16635,211,52,7,Naviera_004980
9008326,Buque_008326,Peru,2015,16575,195,41,8,Naviera_007780
9008327,Buque_008327,Singapur,2002,15164,313,29,17,Naviera_003798
9008328,Buque_008328,Liberia,2009,18141,340,30,12,Naviera_000635
9008329,Buque_008329,Malta,2022,5742,130,21,14,Naviera_008503
9008330,Buque_008330,Dinamarca,2002,17341,54,29,14,Naviera_006217
9008331,Buque_008331,China,2025,21355,240,41,11,Naviera_009661
9008332,Buque_008332,Bahamas,2014,17135,326,38,17,Naviera_006142
9008333,Buque_008333,China,2019,8713,269,51,14,Naviera_002419
9008334,Buque_008334,Japon,2002,23687,85,36,11,Naviera_007486
9008335,Buque_008335,Colombia,2009,20541,305,44,14,Naviera_001649
9008336,Buque_008336,Hong Kong,2000,23204,302,56,7,Naviera_002219
9008337,Buque_008337,Grecia,1992,3904,309,17,8,Naviera_003601
9008338,Buque_008338,Mexico,1992,5888,138,39,12,Naviera_008667
9008339,Buque_008339,Dinamarca,2008,9216,119,58,8,Naviera_003764
9008340,Buque_008340,Bahamas,2007,18566,155,47,14,Naviera_003970
9008341,Buque_008341,China,1995,6797,242,24,7,Naviera_006271
9008342,Buque_008342,Hong Kong,1984,2422,120,10,6,Naviera_001483
9008343,Buque_008343,Malta,1993,21301,207,50,14,Naviera_005548
9008344,Buque_008344,Colombia,2024,4974,199,52,14,Naviera_005387
9008345,Buque_008345,Colombia,2000,2794,119,16,15,Naviera_007071
9008346,Buque_008346,Mexico,1982,21087,315,38,16,Naviera_003817
9008347,Buque_008347,Noruega,2006,10985,288,19,8,Naviera_008333
9008348,Buque_008348,Alemania,2000,6327,86,56,8,Naviera_001165
9008349,Buque_008349,Colombia,1996,19182,137,20,9,Naviera_009687
9008350,Buque_008350,Colombia,2001,3906,389,32,18,Naviera_006885
9008351,Buque_008351,Reino Unido,1982,7333,168,33,19,Naviera_003282
9008352,Buque_008352,Hong Kong,2014,18543,218,47,15,Naviera_006600
9008353,Buque_008353,China,2019,3916,363,53,16,Naviera_000779
9008354,Buque_008354,Hong Kong,1992,8343,128,25,13,Naviera_007219
9008355,Buque_008355,China,2015,18941,54,48,15,Naviera_008976
9008356,Buque_008356,Singapur,1991,19248,184,26,16,Naviera_002693
9008357,Buque_008357,Colombia,2010,8267,231,23,18,Naviera_000755
9008358,Buque_008358,Panama,2018,1155,395,29,11,Naviera_009754
9008359,Buque_008359,Singapur,2014,5306,219,17,14,Naviera_003678
9008360,Buque_008360,Malta,1985,1740,363,10,9,Naviera_007376
9008361,Buque_008361,Singapur,2005,17674,301,26,12,Naviera_003331
9008362,Buque_008362,Islas Marshall,2003,13390,349,34,19,Naviera_003581
9008363,Buque_008363,Peru,2012,19516,159,21,6,Naviera_001567
9008364,Buque_008364,Panama,2016,7298,267,13,14,Naviera_000129
9008365,Buque_008365,Hong Kong,2007,6484,274,18,9,Naviera_005693
9008366,Buque_008366,Alemania,1998,5738,392,10,12,Naviera_006329
9008367,Buque_008367,Islas Marshall,2007,20536,249,46,5,Naviera_002749
9008368,Buque_008368,Ecuador,1991,13846,334,39,15,Naviera_009611
9008369,Buque_008369,Peru,1996,2230,333,46,15,Naviera_008952
9008370,Buque_008370,Noruega,2007,11575,226,38,7,Naviera_008122
9008371,Buque_008371,Hong Kong,2015,671,160,30,19,Naviera_005237
9008372,Buque_008372,Japon,2015,5464,234,19,8,Naviera_002205
9008373,Buque_008373,Singapur,2024,5219,125,58,7,Naviera_000062
9008374,Buque_008374,Hong Kong,2015,12775,273,23,15,Naviera_004021
9008375,Buque_008375,Peru,1994,15615,232,25,7,Naviera_007619
9008376,Buque_008376,Hong Kong,2023,21534,388,11,10,Naviera_002185
9008377,Buque_008377,Estados Unidos,2021,5609,117,53,9,Naviera_003470
9008378,Buque_008378,China,2019,20555,257,49,13,Naviera_004689
9008379,Buque_008379,Ecuador,2018,6843,195,29,6,Naviera_007780
9008380,Buque_008380,Reino Unido,2017,3816,259,53,5,Naviera_000787
9008381,Buque_008381,Grecia,1989,19966,332,57,5,Naviera_005470
9008382,Buque_008382,Noruega,2011,2751,205,51,11,Naviera_003832
9008383,Buque_008383,Reino Unido,1988,535,173,53,7,Naviera_007052
9008384,Buque_008384,Chile,1988,18773,389,31,12,Naviera_002358
9008385,Buque_008385,Brasil,2001,1130,249,29,13,Naviera_004747
9008386,Buque_008386,Dinamarca,1995,2257,115,28,17,Naviera_003624
9008387,Buque_008387,Mexico,2008,22214,131,30,18,Naviera_001406
9008388,Buque_008388,Bahamas,1982,6758,219,56,17,Naviera_003798
9008389,Buque_008389,Colombia,2000,5296,372,37,6,Naviera_008610
9008390,Buque_008390,Japon,2007,17065,179,37,17,Naviera_001360
9008391,Buque_008391,Ecuador,1992,10354,58,41,15,Naviera_009007
9008392,Buque_008392,Malta,2021,21087,267,13,17,Naviera_001905
9008393,Buque_008393,Espana,2001,17697,52,16,18,Naviera_000973
9008394,Buque_008394,China,2001,22802,71,17,8,Naviera_005982
9008395,Buque_008395,Bahamas,2005,12224,201,52,9,Naviera_006997
9008396,Buque_008396,Chile,1982,21268,290,34,17,Naviera_008181
9008397,Buque_008397,Peru,2006,22340,110,34,6,Naviera_002023
9008398,Buque_008398,Reino Unido,2001,3538,348,23,16,Naviera_004993
9008399,Buque_008399,Dinamarca,2006,10155,139,41,10,Naviera_004466
9008400,Buque_008400,Islas Marshall,1987,7579,74,28,13,Naviera_007070
9008401,Buque_008401,Bahamas,2017,6979,162,10,11,Naviera_003118
9008402,Buque_008402,Liberia,2021,20846,75,21,5,Naviera_006479
9008403,Buque_008403,Dinamarca,1987,18823,224,35,10,Naviera_005527
9008404,Buque_008404,Grecia,2002,2628,64,22,15,Naviera_004266
9008405,Buque_008405,Noruega,1984,22113,169,10,18,Naviera_002275
9008406,Buque_008406,Ecuador,1992,13555,334,30,15,Naviera_001095
9008407,Buque_008407,Bahamas,2001,1671,87,10,8,Naviera_003222
9008408,Buque_008408,Espana,2010,5821,109,17,15,Naviera_004925
9008409,Buque_008409,Colombia,1995,22891,145,12,16,Naviera_008208
9008410,Buque_008410,Japon,2013,18713,74,49,9,Naviera_007463
9008411,Buque_008411,Bahamas,1995,19128,301,15,9,Naviera_007187
9008412,Buque_008412,Colombia,2006,16211,154,52,10,Naviera_001564
9008413,Buque_008413,Bahamas,1997,21383,70,14,16,Naviera_005294
9008414,Buque_008414,Espana,1987,3778,134,46,17,Naviera_007766
9008415,Buque_008415,Alemania,2002,18867,344,18,17,Naviera_001073
9008416,Buque_008416,Colombia,2013,9563,239,37,7,Naviera_009709
9008417,Buque_008417,Hong Kong,2014,3287,263,23,7,Naviera_004736
9008418,Buque_008418,Estados Unidos,1994,18271,399,14,18,Naviera_004508
9008419,Buque_008419,Mexico,2019,864,262,50,13,Naviera_006238
9008420,Buque_008420,Panama,2005,12909,115,43,16,Naviera_000245
9008421,Buque_008421,Reino Unido,2022,1335,220,48,15,Naviera_003317
9008422,Buque_008422,Brasil,1999,18070,236,17,9,Naviera_008548
9008423,Buque_008423,Alemania,2016,10457,387,21,8,Naviera_001570
9008424,Buque_008424,Grecia,2008,5625,82,35,17,Naviera_003050
9008425,Buque_008425,Islas Marshall,2017,21612,237,15,19,Naviera_002552
9008426,Buque_008426,China,1980,8467,299,57,18,Naviera_009260
9008427,Buque_008427,Grecia,2006,10978,347,12,10,Naviera_007796
9008428,Buque_008428,Mexico,2016,8651,124,54,10,Naviera_009909
9008429,Buque_008429,Malta,1988,20673,232,32,13,Naviera_006367
9008430,Buque_008430,Malta,1993,13825,207,42,12,Naviera_008943
9008431,Buque_008431,Alemania,2014,4751,280,50,10,Naviera_003873
9008432,Buque_008432,Hong Kong,2003,17675,224,49,5,Naviera_003665
9008433,Buque_008433,Brasil,1981,21566,306,57,18,Naviera_000112
9008434,Buque_008434,Brasil,1989,1951,185,56,19,Naviera_000972
9008435,Buque_008435,Panama,2004,13664,348,41,8,Naviera_002079
9008436,Buque_008436,Bahamas,1986,15854,191,59,12,Naviera_001191
9008437,Buque_008437,Ecuador,2017,19677,355,23,9,Naviera_007756
9008438,Buque_008438,Brasil,2003,6562,82,37,8,Naviera_000141
9008439,Buque_008439,Islas Marshall,1992,1246,259,20,6,Naviera_002304
9008440,Buque_008440,Liberia,2012,19462,197,44,7,Naviera_001593
9008441,Buque_008441,Reino Unido,2015,11772,171,27,5,Naviera_001494
9008442,Buque_008442,Mexico,2020,6003,168,13,8,Naviera_005528
9008443,Buque_008443,Espana,2017,21196,118,25,18,Naviera_004282
9008444,Buque_008444,Malta,2008,3038,100,13,16,Naviera_004517
9008445,Buque_008445,Estados Unidos,2015,2350,289,53,5,Naviera_001494
9008446,Buque_008446,Colombia,2019,20877,235,58,17,Naviera_003822
9008447,Buque_008447,Peru,1981,6038,318,22,8,Naviera_005902
9008448,Buque_008448,Alemania,2012,12027,238,29,18,Naviera_000346
9008449,Buque_008449,Ecuador,2011,21301,142,41,9,Naviera_008119
9008450,Buque_008450,Singapur,2015,21905,97,36,19,Naviera_006515
9008451,Buque_008451,Singapur,2021,20929,283,43,16,Naviera_004831
9008452,Buque_008452,Panama,1995,8868,388,42,9,Naviera_009402
9008453,Buque_008453,Reino Unido,1990,12682,102,56,11,Naviera_008655
9008454,Buque_008454,Liberia,1997,18296,214,40,11,Naviera_002953
9008455,Buque_008455,Chile,2003,23489,59,43,16,Naviera_002505
9008456,Buque_008456,Brasil,2012,21895,295,55,7,Naviera_000603
9008457,Buque_008457,Espana,2021,17929,203,52,12,Naviera_007966
9008458,Buque_008458,Liberia,2016,12311,239,46,17,Naviera_009640
9008459,Buque_008459,Alemania,1988,13466,327,22,18,Naviera_000108
9008460,Buque_008460,Singapur,1984,22819,245,53,12,Naviera_006957
9008461,Buque_008461,Bahamas,1994,20461,158,46,14,Naviera_008092
9008462,Buque_008462,Islas Marshall,2024,4319,363,31,16,Naviera_003947
9008463,Buque_008463,Ecuador,2010,6006,227,53,9,Naviera_003786
9008464,Buque_008464,Alemania,1992,5548,70,33,16,Naviera_001189
9008465,Buque_008465,Ecuador,1985,11626,95,25,13,Naviera_008651
9008466,Buque_008466,Japon,1980,9808,93,30,6,Naviera_009126
9008467,Buque_008467,Chile,2024,2355,92,12,11,Naviera_006982
9008468,Buque_008468,Mexico,1987,7856,51,10,11,Naviera_008777
9008469,Buque_008469,Estados Unidos,2014,5955,280,32,18,Naviera_006458
9008470,Buque_008470,China,2009,2338,250,48,15,Naviera_005488
9008471,Buque_008471,China,2019,23302,129,51,6,Naviera_003621
9008472,Buque_008472,Estados Unidos,2020,7997,184,32,14,Naviera_003145
9008473,Buque_008473,Estados Unidos,1990,8720,256,19,18,Naviera_007345
9008474,Buque_008474,Islas Marshall,2001,22989,226,24,12,Naviera_006391
9008475,Buque_008475,Malta,1986,12222,115,22,15,Naviera_000754
9008476,Buque_008476,Mexico,2001,7175,364,55,13,Naviera_000980
9008477,Buque_008477,Malta,2017,8817,123,56,11,Naviera_004916
9008478,Buque_008478,Peru,1997,15476,392,46,9,Naviera_000884
9008479,Buque_008479,Brasil,2020,15856,53,26,8,Naviera_009398
9008480,Buque_008480,Singapur,2020,11851,100,47,7,Naviera_007999
9008481,Buque_008481,Alemania,1999,11930,290,26,19,Naviera_002350
9008482,Buque_008482,Mexico,1998,7237,153,53,5,Naviera_009775
9008483,Buque_008483,Reino Unido,2020,9163,221,53,13,Naviera_000848
9008484,Buque_008484,Peru,2005,17392,320,42,16,Naviera_008554
9008485,Buque_008485,Grecia,2024,11019,130,33,16,Naviera_008768
9008486,Buque_008486,Dinamarca,2018,16320,72,13,9,Naviera_003505
9008487,Buque_008487,Bahamas,2021,23861,95,59,17,Naviera_007081
9008488,Buque_008488,Brasil,1999,8573,316,31,6,Naviera_009436
9008489,Buque_008489,Malta,1991,6475,327,49,15,Naviera_009550
9008490,Buque_008490,Japon,2010,22992,231,58,11,Naviera_002878
9008491,Buque_008491,Mexico,2017,11219,327,58,14,Naviera_001161
9008492,Buque_008492,Liberia,2003,16763,340,55,8,Naviera_008969
9008493,Buque_008493,Colombia,1983,12073,362,53,7,Naviera_002579
9008494,Buque_008494,Liberia,1999,6994,178,51,11,Naviera_003993
9008495,Buque_008495,Panama,2024,8615,89,41,7,Naviera_006182
9008496,Buque_008496,China,2022,18535,375,31,15,Naviera_008739
9008497,Buque_008497,Malta,2007,22215,54,16,6,Naviera_003700
9008498,Buque_008498,Noruega,1981,15352,56,42,11,Naviera_003179
9008499,Buque_008499,Ecuador,2003,9762,254,31,14,Naviera_004085
9008500,Buque_008500,Japon,2010,17570,244,12,19,Naviera_000319
9008501,Buque_008501,Espana,2021,8560,363,45,5,Naviera_000669
9008502,Buque_008502,Ecuador,1999,21780,217,56,6,Naviera_005397
9008503,Buque_008503,Peru,2019,5672,218,55,11,Naviera_004732
9008504,Buque_008504,Brasil,2020,17904,342,42,18,Naviera_001776
9008505,Buque_008505,Chile,1990,10288,165,35,7,Naviera_005593
9008506,Buque_008506,Reino Unido,1999,6790,62,12,9,Naviera_005453
9008507,Buque_008507,Chile,1981,1448,111,44,5,Naviera_003610
9008508,Buque_008508,Panama,2008,4022,106,20,5,Naviera_002794
9008509,Buque_008509,Chile,2000,18221,252,27,16,Naviera_004307
9008510,Buque_008510,Peru,2017,20073,234,31,5,Naviera_009178
9008511,Buque_008511,Liberia,2025,9330,340,57,16,Naviera_003440
9008512,Buque_008512,Reino Unido,2003,5582,119,36,9,Naviera_008486
9008513,Buque_008513,China,1985,15094,334,13,6,Naviera_003557
9008514,Buque_008514,Estados Unidos,1997,3464,274,34,14,Naviera_003373
9008515,Buque_008515,Espana,1986,21238,143,19,15,Naviera_002343
9008516,Buque_008516,Estados Unidos,1987,1252,166,17,16,Naviera_003096
9008517,Buque_008517,China,2020,8221,182,54,14,Naviera_009309
9008518,Buque_008518,Hong Kong,2002,1941,250,35,15,Naviera_008386
9008519,Buque_008519,China,2021,7788,80,37,18,Naviera_006825
9008520,Buque_008520,Estados Unidos,2010,7229,142,56,7,Naviera_007674
9008521,Buque_008521,Alemania,2012,18447,78,51,19,Naviera_006986
9008522,Buque_008522,Colombia,2024,15758,260,39,6,Naviera_001016
9008523,Buque_008523,Brasil,1990,17300,52,22,9,Naviera_008082
9008524,Buque_008524,Grecia,2002,9526,194,45,8,Naviera_009316
9008525,Buque_008525,Peru,1997,21654,53,26,12,Naviera_000869
9008526,Buque_008526,Ecuador,1987,22159,184,47,18,Naviera_009079
9008527,Buque_008527,Peru,1984,19451,120,56,12,Naviera_006227
9008528,Buque_008528,Mexico,1989,18336,101,34,6,Naviera_006519
9008529,Buque_008529,Japon,1996,760,358,44,7,Naviera_009690
9008530,Buque_008530,Brasil,2000,17564,373,41,15,Naviera_002069
9008531,Buque_008531,Hong Kong,2014,21135,205,43,19,Naviera_007635
9008532,Buque_008532,Reino Unido,2020,14591,270,50,6,Naviera_005780
9008533,Buque_008533,Brasil,2018,1849,368,57,11,Naviera_005334
9008534,Buque_008534,Liberia,1982,22464,296,28,13,Naviera_008468
9008535,Buque_008535,Peru,1988,6461,266,27,19,Naviera_009376
9008536,Buque_008536,Grecia,2005,11081,310,27,16,Naviera_003263
9008537,Buque_008537,Peru,2013,22160,321,11,11,Naviera_007992
9008538,Buque_008538,Malta,1994,3160,187,30,13,Naviera_003336
9008539,Buque_008539,Malta,1983,5948,59,37,8,Naviera_007700
9008540,Buque_008540,Dinamarca,2022,6853,126,49,14,Naviera_005813
9008541,Buque_008541,Bahamas,2022,1977,70,22,12,Naviera_009970
9008542,Buque_008542,Malta,2017,2811,388,37,8,Naviera_007676
9008543,Buque_008543,Chile,1984,16456,59,24,5,Naviera_006823
9008544,Buque_008544,Estados Unidos,1990,2701,373,18,17,Naviera_000270
9008545,Buque_008545,Colombia,2015,8598,179,30,11,Naviera_005181
9008546,Buque_008546,Malta,1989,21916,228,58,11,Naviera_002435
9008547,Buque_008547,Peru,2014,20964,195,50,5,Naviera_000993
9008548,Buque_008548,Bahamas,1990,19562,327,39,13,Naviera_006417
9008549,Buque_008549,Ecuador,2012,7889,274,29,19,Naviera_001965
9008550,Buque_008550,Grecia,1982,12835,260,45,9,Naviera_000878
9008551,Buque_008551,Colombia,2025,22552,380,13,9,Naviera_006924
9008552,Buque_008552,Reino Unido,2006,1635,203,46,10,Naviera_005855
9008553,Buque_008553,Estados Unidos,2015,2984,118,55,15,Naviera_007879
9008554,Buque_008554,Mexico,2004,8913,393,26,18,Naviera_008565
9008555,Buque_008555,Colombia,2021,16591,139,12,8,Naviera_005154
9008556,Buque_008556,Liberia,2000,6644,97,33,7,Naviera_002579
9008557,Buque_008557,Alemania,2003,22237,397,17,19,Naviera_005638
9008558,Buque_008558,Noruega,2024,4722,399,39,6,Naviera_004111
9008559,Buque_008559,Brasil,2025,16004,259,36,8,Naviera_007319
9008560,Buque_008560,Malta,2004,9306,139,34,11,Naviera_000309
9008561,Buque_008561,Noruega,2019,4750,190,56,11,Naviera_008677
9008562,Buque_008562,Noruega,2013,18587,191,20,11,Naviera_008240
9008563,Buque_008563,Panama,2019,10854,119,39,9,Naviera_005803
9008564,Buque_008564,Reino Unido,2021,22773,344,42,8,Naviera_001368
9008565,Buque_008565,Bahamas,1991,14710,76,43,17,Naviera_008680
9008566,Buque_008566,Islas Marshall,2014,2149,392,45,11,Naviera_003780
9008567,Buque_008567,Peru,2019,4158,286,18,7,Naviera_008541
9008568,Buque_008568,Noruega,2002,6222,74,15,9,Naviera_000106
9008569,Buque_008569,Reino Unido,1996,22814,363,31,13,Naviera_005703
9008570,Buque_008570,Espana,1981,16016,363,46,18,Naviera_001111
9008571,Buque_008571,Dinamarca,1981,15296,269,29,8,Naviera_008474
9008572,Buque_008572,Colombia,1996,5606,383,27,17,Naviera_007809
9008573,Buque_008573,Brasil,2004,19390,94,25,14,Naviera_009055
9008574,Buque_008574,Malta,2025,19318,291,52,15,Naviera_001894
9008575,Buque_008575,Grecia,1987,6762,333,41,10,Naviera_001840
9008576,Buque_008576,Noruega,1990,12995,74,58,15,Naviera_003633
9008577,Buque_008577,China,1994,13507,305,32,17,Naviera_008335
9008578,Buque_008578,Noruega,1982,5836,124,12,9,Naviera_004411
9008579,Buque_008579,Brasil,1997,10043,273,45,16,Naviera_007372
9008580,Buque_008580,Ecuador,1996,3643,153,18,6,Naviera_004370
9008581,Buque_008581,Chile,2001,15025,281,36,12,Naviera_006676
9008582,Buque_008582,Hong Kong,2002,579,315,28,17,Naviera_006274
9008583,Buque_008583,Liberia,1996,20194,123,22,10,Naviera_005020
9008584,Buque_008584,China,1995,16456,257,54,12,Naviera_004889
9008585,Buque_008585,China,1996,22922,334,41,6,Naviera_004663
9008586,Buque_008586,Ecuador,1990,7385,380,36,7,Naviera_006507
9008587,Buque_008587,Hong Kong,2002,15550,144,53,14,Naviera_003646
9008588,Buque_008588,Reino Unido,1988,8130,98,52,11,Naviera_001751
9008589,Buque_008589,Malta,1982,18285,357,39,9,Naviera_003019
9008590,Buque_008590,Japon,2015,13306,55,19,12,Naviera_002208
9008591,Buque_008591,Liberia,2001,13990,141,13,5,Naviera_008696
9008592,Buque_008592,Panama,1986,20704,147,55,16,Naviera_005391
9008593,Buque_008593,Chile,1981,4324,279,50,11,Naviera_000219
9008594,Buque_008594,Malta,2012,2841,297,25,6,Naviera_007427
9008595,Buque_008595,Alemania,2018,9792,354,56,19,Naviera_001364
9008596,Buque_008596,Singapur,2004,4992,123,53,9,Naviera_000278
9008597,Buque_008597,Islas Marshall,1982,19799,287,19,10,Naviera_001870
9008598,Buque_008598,Mexico,2016,5931,338,44,17,Naviera_003926
9008599,Buque_008599,Peru,1994,9729,377,22,11,Naviera_002239
9008600,Buque_008600,Chile,1995,5037,253,44,5,Naviera_003755
9008601,Buque_008601,Alemania,1993,18209,299,53,7,Naviera_005941
9008602,Buque_008602,Mexico,2014,18295,58,32,18,Naviera_007219
9008603,Buque_008603,Dinamarca,2019,13349,128,46,12,Naviera_003351
9008604,Buque_008604,Noruega,2016,8357,338,38,19,Naviera_001668
9008605,Buque_008605,Malta,1983,21261,234,58,8,Naviera_007396
9008606,Buque_008606,Malta,1997,13539,378,36,19,Naviera_007941
9008607,Buque_008607,Colombia,2002,6323,261,20,10,Naviera_006871
9008608,Buque_008608,Peru,2005,10384,97,24,14,Naviera_005245
9008609,Buque_008609,Japon,2016,23520,115,15,16,Naviera_003216
9008610,Buque_008610,China,2022,16883,101,42,6,Naviera_002383
9008611,Buque_008611,Bahamas,2014,10669,193,21,19,Naviera_000088
9008612,Buque_008612,Reino Unido,1992,22980,152,55,14,Naviera_003719
9008613,Buque_008613,Peru,2021,6590,181,13,12,Naviera_006643
9008614,Buque_008614,Ecuador,2007,5931,144,46,7,Naviera_004296
9008615,Buque_008615,Dinamarca,2012,5520,189,31,11,Naviera_008852
9008616,Buque_008616,Malta,1980,2292,204,14,13,Naviera_009844
9008617,Buque_008617,Espana,2009,9310,329,49,17,Naviera_001167
9008618,Buque_008618,Peru,2007,8504,196,20,10,Naviera_007052
9008619,Buque_008619,Malta,2020,8076,76,58,6,Naviera_003912
9008620,Buque_008620,Dinamarca,2010,16564,336,48,16,Naviera_004673
9008621,Buque_008621,Islas Marshall,2006,19136,261,20,17,Naviera_002161
9008622,Buque_008622,China,1984,3835,269,16,14,Naviera_003431
9008623,Buque_008623,Alemania,1996,11016,260,55,17,Naviera_002214
9008624,Buque_008624,Liberia,2012,16016,393,27,13,Naviera_006047
9008625,Buque_008625,Chile,1996,21711,372,17,18,Naviera_007479
9008626,Buque_008626,Liberia,2000,19184,229,59,15,Naviera_003252
9008627,Buque_008627,Brasil,1981,11333,137,45,15,Naviera_001467
9008628,Buque_008628,Alemania,1985,11283,95,18,13,Naviera_000076
9008629,Buque_008629,Islas Marshall,1991,22830,325,43,5,Naviera_002635
9008630,Buque_008630,Liberia,1989,1371,132,47,12,Naviera_004981
9008631,Buque_008631,Malta,2012,2630,279,29,14,Naviera_008822
9008632,Buque_008632,Reino Unido,2020,13352,305,31,9,Naviera_004023
9008633,Buque_008633,Islas Marshall,2015,18052,328,15,18,Naviera_002923
9008634,Buque_008634,Malta,1987,3533,398,40,8,Naviera_004820
9008635,Buque_008635,Estados Unidos,2011,2707,308,42,19,Naviera_007752
9008636,Buque_008636,Estados Unidos,1996,5357,118,54,5,Naviera_005866
9008637,Buque_008637,Bahamas,1995,6704,209,49,14,Naviera_002029
9008638,Buque_008638,Noruega,1997,17035,223,23,13,Naviera_002788
9008639,Buque_008639,Ecuador,1981,16745,218,45,9,Naviera_000317
9008640,Buque_008640,Espana,1985,12861,74,52,9,Naviera_005152
9008641,Buque_008641,Panama,2021,2321,263,14,5,Naviera_005638
9008642,Buque_008642,Peru,2001,3279,292,22,18,Naviera_006976
9008643,Buque_008643,Alemania,1988,15146,339,49,16,Naviera_005230
9008644,Buque_008644,Panama,1991,4821,88,43,16,Naviera_007604
9008645,Buque_008645,Estados Unidos,2021,19200,125,54,9,Naviera_002497
9008646,Buque_008646,Grecia,1985,3359,136,54,10,Naviera_006335
9008647,Buque_008647,Brasil,2025,19036,171,52,14,Naviera_006118
9008648,Buque_008648,China,2011,1633,267,16,19,Naviera_005082
9008649,Buque_008649,Liberia,1984,23621,228,52,15,Naviera_004242
9008650,Buque_008650,Espana,2019,23677,92,43,17,Naviera_000713
9008651,Buque_008651,Estados Unidos,2017,2158,222,27,9,Naviera_002815
9008652,Buque_008652,Noruega,2025,10774,254,37,9,Naviera_007930
9008653,Buque_008653,Bahamas,2018,7276,165,35,7,Naviera_007056
9008654,Buque_008654,Panama,2019,5618,89,41,6,Naviera_007482
9008655,Buque_008655,Reino Unido,1981,15889,55,16,13,Naviera_002537
9008656,Buque_008656,Panama,2003,4140,152,34,17,Naviera_006638
9008657,Buque_008657,Grecia,2018,4948,88,15,19,Naviera_000898
9008658,Buque_008658,Peru,2013,13711,309,35,7,Naviera_000547
9008659,Buque_008659,Espana,2011,10983,160,41,8,Naviera_000646
9008660,Buque_008660,Liberia,2004,11110,243,13,7,Naviera_007680
9008661,Buque_008661,Malta,2016,16945,61,52,8,Naviera_002353
9008662,Buque_008662,Singapur,1984,10988,315,10,18,Naviera_008387
9008663,Buque_008663,Noruega,1989,12869,89,59,5,Naviera_005783
9008664,Buque_008664,Bahamas,2025,5215,257,52,15,Naviera_003429
9008665,Buque_008665,Chile,2002,2305,97,33,7,Naviera_002842
9008666,Buque_008666,Japon,1996,15984,296,20,13,Naviera_008996
9008667,Buque_008667,Mexico,1981,12391,323,28,19,Naviera_005089
9008668,Buque_008668,Brasil,1988,23296,398,24,14,Naviera_007284
9008669,Buque_008669,Liberia,1990,19144,364,34,8,Naviera_009207
9008670,Buque_008670,Malta,2023,2534,397,36,18,Naviera_008765
9008671,Buque_008671,Malta,2007,9166,235,26,8,Naviera_007432
9008672,Buque_008672,Colombia,1993,20884,362,51,19,Naviera_001937
9008673,Buque_008673,Hong Kong,2002,18894,347,50,11,Naviera_005443
9008674,Buque_008674,Brasil,2025,13855,231,37,19,Naviera_004015
9008675,Buque_008675,Brasil,1994,22760,227,58,16,Naviera_003970
9008676,Buque_008676,Ecuador,2012,9331,178,13,14,Naviera_003006
9008677,Buque_008677,Noruega,2019,6439,79,42,17,Naviera_007307
9008678,Buque_008678,Ecuador,2004,23593,345,18,5,Naviera_003136
9008679,Buque_008679,Reino Unido,1982,3801,331,59,11,Naviera_002830
9008680,Buque_008680,Grecia,2025,12103,320,22,9,Naviera_000054
9008681,Buque_008681,Dinamarca,2016,2927,53,37,10,Naviera_001632
9008682,Buque_008682,Grecia,2004,2882,63,11,19,Naviera_007872
9008683,Buque_008683,Espana,1991,14548,302,39,17,Naviera_004895
9008684,Buque_008684,Reino Unido,1982,13267,252,41,8,Naviera_005979
9008685,Buque_008685,Liberia,1984,975,239,57,9,Naviera_000046
9008686,Buque_008686,Panama,2015,18081,265,37,6,Naviera_000579
9008687,Buque_008687,Ecuador,1994,10411,167,59,7,Naviera_005083
9008688,Buque_008688,China,2007,2643,312,20,9,Naviera_005696
9008689,Buque_008689,Bahamas,2021,5127,329,12,14,Naviera_005733
9008690,Buque_008690,Islas Marshall,1993,9057,219,27,14,Naviera_000008
9008691,Buque_008691,Liberia,2003,19538,92,42,5,Naviera_008290
9008692,Buque_008692,China,1996,10845,220,17,11,Naviera_000481
9008693,Buque_008693,Singapur,1986,5686,201,50,13,Naviera_002908
9008694,Buque_008694,Alemania,1988,6005,126,32,16,Naviera_007433
9008695,Buque_008695,Grecia,1996,9682,392,30,13,Naviera_000078
9008696,Buque_008696,Estados Unidos,2020,19872,324,58,19,Naviera_007840
9008697,Buque_008697,Peru,2023,12714,163,13,18,Naviera_005059
9008698,Buque_008698,Ecuador,2012,9920,197,18,12,Naviera_007630
9008699,Buque_008699,Liberia,1988,5986,144,25,14,Naviera_002859
9008700,Buque_008700,Malta,2015,23031,372,34,8,Naviera_005531
9008701,Buque_008701,Colombia,2005,9633,112,34,13,Naviera_002303
9008702,Buque_008702,Hong Kong,2016,16931,372,44,5,Naviera_007139
9008703,Buque_008703,Espana,2001,4226,61,50,5,Naviera_006695
9008704,Buque_008704,Reino Unido,2004,1451,347,23,17,Naviera_000608
9008705,Buque_008705,Mexico,2012,6922,137,50,9,Naviera_004337
9008706,Buque_008706,Peru,1984,2166,250,54,17,Naviera_009870
9008707,Buque_008707,Brasil,2011,6235,135,10,11,Naviera_004600
9008708,Buque_008708,Colombia,2008,17724,241,43,13,Naviera_008402
9008709,Buque_008709,Liberia,1991,2098,307,55,5,Naviera_004109
9008710,Buque_008710,Alemania,2007,10303,296,12,16,Naviera_004240
9008711,Buque_008711,Ecuador,1987,8116,189,34,10,Naviera_005183
9008712,Buque_008712,Hong Kong,2025,23370,62,59,9,Naviera_008751
9008713,Buque_008713,Liberia,2012,8257,274,30,14,Naviera_003487
9008714,Buque_008714,Chile,2003,14003,285,53,18,Naviera_006124
9008715,Buque_008715,Singapur,1989,4392,173,53,17,Naviera_008210
9008716,Buque_008716,Singapur,2015,12502,368,31,17,Naviera_007199
9008717,Buque_008717,Espana,2016,7534,184,25,16,Naviera_008461
9008718,Buque_008718,Alemania,2003,23886,392,13,19,Naviera_003534
9008719,Buque_008719,Panama,2005,21123,51,56,15,Naviera_003891
9008720,Buque_008720,Hong Kong,2011,14143,241,30,5,Naviera_006693
9008721,Buque_008721,Singapur,2022,2392,371,20,10,Naviera_004871
9008722,Buque_008722,Estados Unidos,2019,12989,115,13,7,Naviera_007767
9008723,Buque_008723,Colombia,2022,18783,65,16,18,Naviera_008000
9008724,Buque_008724,Espana,2007,18500,294,56,10,Naviera_000527
9008725,Buque_008725,Singapur,2006,14724,299,44,6,Naviera_002218
9008726,Buque_008726,Singapur,2001,16661,100,26,14,Naviera_004955
9008727,Buque_008727,Mexico,1997,1289,332,32,18,Naviera_000047
9008728,Buque_008728,Mexico,2000,12007,63,44,9,Naviera_009964
9008729,Buque_008729,Reino Unido,2015,9522,110,49,15,Naviera_007376
9008730,Buque_008730,Malta,2022,20172,174,22,11,Naviera_003503
9008731,Buque_008731,Panama,2010,10269,370,59,18,Naviera_004632
9008732,Buque_008732,Bahamas,2000,883,128,28,10,Naviera_009675
9008733,Buque_008733,Mexico,2018,10790,276,59,5,Naviera_006497
9008734,Buque_008734,Japon,1983,13538,247,58,7,Naviera_008872
9008735,Buque_008735,Chile,2014,1376,386,57,13,Naviera_000097
9008736,Buque_008736,China,1996,8292,67,37,9,Naviera_006508
9008737,Buque_008737,Bahamas,1989,9318,331,31,9,Naviera_000524
9008738,Buque_008738,Estados Unidos,2021,4395,114,21,7,Naviera_006498
9008739,Buque_008739,Peru,2017,21893,118,58,18,Naviera_000103
9008740,Buque_008740,Noruega,2010,18684,375,13,7,Naviera_006685
9008741,Buque_008741,Estados Unidos,1980,22988,55,23,9,Naviera_003636
9008742,Buque_008742,Espana,1994,10064,218,55,11,Naviera_003828
9008743,Buque_008743,Malta,1989,12996,247,55,10,Naviera_006839
9008744,Buque_008744,Chile,2016,13563,114,52,7,Naviera_003105
9008745,Buque_008745,China,2021,15708,332,20,11,Naviera_003103
9008746,Buque_008746,Japon,2003,23585,290,51,9,Naviera_003620
9008747,Buque_008747,Brasil,2012,9033,201,12,19,Naviera_005613
9008748,Buque_008748,Hong Kong,2022,19604,325,15,9,Naviera_000738
9008749,Buque_008749,Singapur,1998,9906,178,34,12,Naviera_005083
9008750,Buque_008750,Japon,2022,5723,295,59,8,Naviera_002104
9008751,Buque_008751,Bahamas,2018,14373,276,21,16,Naviera_006234
9008752,Buque_008752,Mexico,2014,9684,234,26,10,Naviera_001799
9008753,Buque_008753,Ecuador,2020,20739,354,18,12,Naviera_002767
9008754,Buque_008754,Hong Kong,2002,19165,153,19,11,Naviera_000779
9008755,Buque_008755,Chile,2002,21634,396,36,12,Naviera_006008
9008756,Buque_008756,Chile,1982,8581,81,11,6,Naviera_009139
9008757,Buque_008757,Noruega,1985,23952,303,13,12,Naviera_008795
9008758,Buque_008758,Panama,1990,3229,293,22,9,Naviera_009543
9008759,Buque_008759,Reino Unido,2000,8391,196,26,11,Naviera_005225
9008760,Buque_008760,Grecia,2004,15354,169,24,14,Naviera_008261
9008761,Buque_008761,Singapur,2002,17020,165,25,12,Naviera_006683
9008762,Buque_008762,Bahamas,2017,20437,362,43,10,Naviera_008468
9008763,Buque_008763,Colombia,1995,17723,258,16,19,Naviera_003416
9008764,Buque_008764,Dinamarca,2016,1981,191,24,16,Naviera_004230
9008765,Buque_008765,Peru,1987,9329,225,33,15,Naviera_006285
9008766,Buque_008766,China,1997,2452,121,44,8,Naviera_000707
9008767,Buque_008767,Hong Kong,2006,16882,196,33,19,Naviera_005206
9008768,Buque_008768,China,1981,15596,370,22,14,Naviera_003819
9008769,Buque_008769,Reino Unido,2001,852,95,55,5,Naviera_007240
9008770,Buque_008770,China,1981,8046,132,10,11,Naviera_005583
9008771,Buque_008771,Dinamarca,2016,23976,175,25,8,Naviera_004569
9008772,Buque_008772,Espana,1985,19367,234,53,13,Naviera_006999
9008773,Buque_008773,Malta,1993,9439,115,36,11,Naviera_000524
9008774,Buque_008774,Espana,2017,19461,147,46,12,Naviera_008518
9008775,Buque_008775,Japon,2004,17246,323,54,18,Naviera_005234
9008776,Buque_008776,Mexico,1994,20745,69,53,18,Naviera_007630
9008777,Buque_008777,Espana,1997,1740,326,28,18,Naviera_009340
9008778,Buque_008778,Espana,2020,7662,214,52,16,Naviera_007567
9008779,Buque_008779,Grecia,2012,1787,94,12,5,Naviera_006846
9008780,Buque_008780,Alemania,2018,1998,120,23,8,Naviera_003464
9008781,Buque_008781,Grecia,1989,23236,192,17,16,Naviera_009888
9008782,Buque_008782,Colombia,2018,23787,350,59,17,Naviera_005704
9008783,Buque_008783,Japon,1982,21439,209,19,8,Naviera_007786
9008784,Buque_008784,Singapur,2005,1652,238,58,7,Naviera_008048
9008785,Buque_008785,Chile,2020,15124,242,39,11,Naviera_002741
9008786,Buque_008786,Malta,1990,11803,101,13,9,Naviera_002977
9008787,Buque_008787,Malta,2012,12525,170,31,14,Naviera_004135
9008788,Buque_008788,Ecuador,1993,16196,135,24,6,Naviera_002390
9008789,Buque_008789,Grecia,1981,9475,142,28,13,Naviera_000955
9008790,Buque_008790,China,2010,3191,248,13,6,Naviera_007656
9008791,Buque_008791,Mexico,2017,16108,362,21,19,Naviera_002116
9008792,Buque_008792,Peru,2024,19222,223,53,8,Naviera_002567
9008793,Buque_008793,Mexico,2018,9184,246,37,10,Naviera_009055
9008794,Buque_008794,Estados Unidos,2020,22018,61,50,17,Naviera_005324
9008795,Buque_008795,Brasil,2020,8378,78,32,13,Naviera_009395
9008796,Buque_008796,Singapur,1986,3042,293,55,15,Naviera_004252
9008797,Buque_008797,Colombia,1994,15465,251,31,14,Naviera_002478
9008798,Buque_008798,Islas Marshall,2002,5428,397,13,15,Naviera_006617
9008799,Buque_008799,Brasil,2024,12962,259,57,11,Naviera_000375
9008800,Buque_008800,Estados Unidos,1984,17815,262,54,16,Naviera_006426
9008801,Buque_008801,Mexico,2009,7058,239,53,8,Naviera_002074
9008802,Buque_008802,Malta,1998,4405,301,53,12,Naviera_004464
9008803,Buque_008803,Singapur,2010,20216,80,48,8,Naviera_008582
9008804,Buque_008804,Liberia,2022,18486,374,40,8,Naviera_003944
9008805,Buque_008805,Hong Kong,2023,8344,159,37,14,Naviera_002078
9008806,Buque_008806,Japon,2016,5699,55,19,6,Naviera_001780
9008807,Buque_008807,Colombia,1989,13609,281,25,17,Naviera_006127
9008808,Buque_008808,China,2009,17883,227,42,14,Naviera_009549
9008809,Buque_008809,Noruega,2007,9780,221,25,5,Naviera_003112
9008810,Buque_008810,Panama,2007,14666,228,33,19,Naviera_003173
9008811,Buque_008811,Reino Unido,2022,737,244,56,7,Naviera_007923
9008812,Buque_008812,Mexico,1982,9432,308,42,11,Naviera_009215
9008813,Buque_008813,Japon,2021,9296,231,20,10,Naviera_003574
9008814,Buque_008814,Malta,2009,6341,71,27,11,Naviera_006025
9008815,Buque_008815,Espana,2012,4764,251,43,10,Naviera_002632
9008816,Buque_008816,Colombia,1993,20894,275,17,6,Naviera_008867
9008817,Buque_008817,Brasil,1988,7862,311,29,5,Naviera_004689
9008818,Buque_008818,Panama,1983,17759,106,14,10,Naviera_006463
9008819,Buque_008819,Peru,2011,6415,257,59,6,Naviera_006636
9008820,Buque_008820,Chile,2011,11274,247,34,16,Naviera_005337
9008821,Buque_008821,Dinamarca,1982,5370,163,13,12,Naviera_004532
9008822,Buque_008822,Singapur,1998,1527,182,24,13,Naviera_009471
9008823,Buque_008823,Dinamarca,2019,21373,364,46,9,Naviera_007602
9008824,Buque_008824,Espana,1995,18607,183,28,6,Naviera_000209
9008825,Buque_008825,Alemania,1999,12109,110,46,11,Naviera_004904
9008826,Buque_008826,Liberia,2012,3927,366,17,8,Naviera_009671
9008827,Buque_008827,Singapur,1991,11733,388,17,6,Naviera_006118
9008828,Buque_008828,Ecuador,2004,20214,185,17,15,Naviera_007453
9008829,Buque_008829,Alemania,2018,11901,286,59,15,Naviera_008115
9008830,Buque_008830,Brasil,2010,19291,133,53,15,Naviera_001260
9008831,Buque_008831,Mexico,1984,16260,277,35,17,Naviera_009822
9008832,Buque_008832,Singapur,2000,17650,339,47,9,Naviera_000533
9008833,Buque_008833,Bahamas,2015,14234,197,53,14,Naviera_000979
9008834,Buque_008834,Reino Unido,1996,3572,370,44,16,Naviera_003813
9008835,Buque_008835,Japon,1988,15441,309,52,6,Naviera_006804
9008836,Buque_008836,Liberia,2011,22379,252,21,7,Naviera_007638
9008837,Buque_008837,Mexico,1996,9040,236,41,5,Naviera_003510
9008838,Buque_008838,Liberia,2023,7375,245,47,8,Naviera_006982
9008839,Buque_008839,Singapur,1990,3981,339,26,12,Naviera_006039
9008840,Buque_008840,Japon,2009,1191,126,32,7,Naviera_000145
9008841,Buque_008841,Islas Marshall,1981,19391,98,17,17,Naviera_006126
9008842,Buque_008842,Grecia,2004,3787,265,12,8,Naviera_001000
9008843,Buque_008843,Alemania,1986,11740,136,57,5,Naviera_002786
9008844,Buque_008844,Mexico,2019,10117,322,48,13,Naviera_009996
9008845,Buque_008845,Ecuador,1994,23843,227,13,5,Naviera_000211
9008846,Buque_008846,Brasil,1985,8417,350,56,9,Naviera_003407
9008847,Buque_008847,Japon,2016,1180,263,56,5,Naviera_008764
9008848,Buque_008848,Peru,2015,23914,200,59,13,Naviera_009699
9008849,Buque_008849,Dinamarca,2009,6471,289,52,7,Naviera_001537
9008850,Buque_008850,Dinamarca,2004,2444,139,15,12,Naviera_004891
9008851,Buque_008851,Alemania,1985,20546,153,59,19,Naviera_007608
9008852,Buque_008852,Colombia,2007,22712,186,56,9,Naviera_003122
9008853,Buque_008853,Liberia,2005,10256,77,49,9,Naviera_003388
9008854,Buque_008854,Bahamas,2008,14422,375,31,17,Naviera_001423
9008855,Buque_008855,Estados Unidos,1998,9737,130,35,5,Naviera_001383
9008856,Buque_008856,Singapur,1982,3804,84,18,8,Naviera_005244
9008857,Buque_008857,Dinamarca,2017,3654,334,37,9,Naviera_002592
9008858,Buque_008858,Islas Marshall,2005,3500,323,27,10,Naviera_005660
9008859,Buque_008859,Noruega,2007,8638,350,51,14,Naviera_007441
9008860,Buque_008860,Bahamas,1987,12946,359,24,7,Naviera_008264
9008861,Buque_008861,Peru,1980,9915,281,10,18,Naviera_004726
9008862,Buque_008862,Estados Unidos,1990,20746,229,55,11,Naviera_009855
9008863,Buque_008863,Liberia,2023,5739,78,14,5,Naviera_009093
9008864,Buque_008864,Alemania,1993,16632,381,41,19,Naviera_005429
9008865,Buque_008865,Panama,2021,19551,210,26,9,Naviera_002210
9008866,Buque_008866,Panama,2019,7679,227,37,18,Naviera_006663
9008867,Buque_008867,Islas Marshall,1983,12739,127,32,17,Naviera_002448
9008868,Buque_008868,Islas Marshall,1994,1024,207,12,7,Naviera_006833
9008869,Buque_008869,Liberia,2018,7125,153,31,13,Naviera_000294
9008870,Buque_008870,Bahamas,1983,11524,69,32,14,Naviera_008236
9008871,Buque_008871,Grecia,2023,14389,293,45,10,Naviera_005061
9008872,Buque_008872,Chile,2014,18936,202,14,5,Naviera_000590
9008873,Buque_008873,Espana,2003,5536,214,53,6,Naviera_004760
9008874,Buque_008874,Espana,2001,11642,123,59,18,Naviera_006458
9008875,Buque_008875,China,1988,10555,86,34,18,Naviera_003317
9008876,Buque_008876,Ecuador,2014,2333,78,16,16,Naviera_001839
9008877,Buque_008877,Malta,2009,7389,131,42,12,Naviera_008397
9008878,Buque_008878,China,2017,7253,169,37,11,Naviera_004158
9008879,Buque_008879,Noruega,2013,19525,368,10,13,Naviera_007291
9008880,Buque_008880,Colombia,1990,15700,152,13,11,Naviera_004357
9008881,Buque_008881,Reino Unido,2006,19510,207,25,14,Naviera_009412
9008882,Buque_008882,Liberia,2009,19956,148,44,5,Naviera_004732
9008883,Buque_008883,Ecuador,1983,16410,300,47,5,Naviera_007507
9008884,Buque_008884,Noruega,2016,7536,246,27,13,Naviera_007072
9008885,Buque_008885,Colombia,2023,22643,278,36,18,Naviera_004224
9008886,Buque_008886,Panama,1992,3444,229,37,13,Naviera_005331
9008887,Buque_008887,Ecuador,1994,1361,270,32,6,Naviera_009920
9008888,Buque_008888,Bahamas,1981,4463,59,39,18,Naviera_003304
9008889,Buque_008889,Estados Unidos,1988,2114,285,54,12,Naviera_008499
9008890,Buque_008890,Ecuador,1999,19639,226,58,17,Naviera_001264
9008891,Buque_008891,Noruega,1985,5588,236,27,10,Naviera_001528
9008892,Buque_008892,Peru,2024,13102,140,24,13,Naviera_004689
9008893,Buque_008893,Liberia,1988,13741,338,57,13,Naviera_005177
9008894,Buque_008894,Noruega,1986,15474,351,26,11,Naviera_004486
9008895,Buque_008895,Chile,2001,2971,240,17,11,Naviera_001077
9008896,Buque_008896,Alemania,2005,1408,160,35,17,Naviera_007144
9008897,Buque_008897,Japon,1980,3874,207,36,10,Naviera_003194
9008898,Buque_008898,Liberia,2013,15381,54,46,8,Naviera_000598
9008899,Buque_008899,China,2000,21499,374,29,11,Naviera_001806
9008900,Buque_008900,Bahamas,2017,10788,213,37,10,Naviera_007121
9008901,Buque_008901,Brasil,2025,13533,92,36,18,Naviera_006808
9008902,Buque_008902,Alemania,1987,1022,201,55,12,Naviera_008187
9008903,Buque_008903,Noruega,1988,19256,399,58,15,Naviera_001477
9008904,Buque_008904,Mexico,1981,22857,272,22,12,Naviera_006124
9008905,Buque_008905,Panama,2019,11471,353,19,17,Naviera_001823
9008906,Buque_008906,Hong Kong,2021,20748,342,36,18,Naviera_007258
9008907,Buque_008907,Singapur,2013,11376,190,29,6,Naviera_005465
9008908,Buque_008908,Chile,1992,1649,283,59,10,Naviera_005411
9008909,Buque_008909,Mexico,1991,9007,263,55,5,Naviera_002726
9008910,Buque_008910,Espana,2017,2655,260,36,10,Naviera_006308
9008911,Buque_008911,Singapur,1987,11167,394,25,8,Naviera_002788
9008912,Buque_008912,Malta,2005,18218,256,14,11,Naviera_008930
9008913,Buque_008913,Ecuador,2005,3798,243,28,18,Naviera_005728
9008914,Buque_008914,Malta,2001,16146,146,53,8,Naviera_004310
9008915,Buque_008915,Noruega,2012,11624,223,44,7,Naviera_009194
9008916,Buque_008916,Mexico,1997,6017,76,39,10,Naviera_003638
9008917,Buque_008917,Malta,2013,4733,294,56,12,Naviera_002165
9008918,Buque_008918,Hong Kong,1987,3142,286,26,19,Naviera_007067
9008919,Buque_008919,Malta,1982,12294,346,43,17,Naviera_001465
9008920,Buque_008920,Reino Unido,1992,8152,281,28,18,Naviera_000902
9008921,Buque_008921,Bahamas,1994,8510,345,39,10,Naviera_007263
9008922,Buque_008922,Chile,2004,21533,161,10,19,Naviera_002830
9008923,Buque_008923,Malta,1990,13164,253,44,12,Naviera_008293
9008924,Buque_008924,Panama,2014,18924,63,20,16,Naviera_007623
9008925,Buque_008925,Peru,1995,16107,170,26,8,Naviera_005887
9008926,Buque_008926,Liberia,2010,16495,347,36,12,Naviera_000741
9008927,Buque_008927,Islas Marshall,1987,13408,104,41,8,Naviera_008538
9008928,Buque_008928,Brasil,1982,20373,91,18,17,Naviera_009186
9008929,Buque_008929,Brasil,2013,15779,379,22,16,Naviera_000505
9008930,Buque_008930,Liberia,2014,18788,297,37,14,Naviera_000672
9008931,Buque_008931,Liberia,1993,9847,317,51,13,Naviera_009512
9008932,Buque_008932,Alemania,2023,12162,162,20,17,Naviera_001376
9008933,Buque_008933,Japon,2011,5183,281,21,8,Naviera_001022
9008934,Buque_008934,Ecuador,1993,10941,257,58,9,Naviera_005848
9008935,Buque_008935,Grecia,2011,18950,82,10,19,Naviera_006661
9008936,Buque_008936,Peru,1990,16887,232,28,8,Naviera_004791
9008937,Buque_008937,Liberia,2010,18780,220,36,12,Naviera_004034
9008938,Buque_008938,Colombia,1995,16704,167,47,10,Naviera_009974
9008939,Buque_008939,Alemania,2000,10060,295,55,9,Naviera_008170
9008940,Buque_008940,Liberia,1981,15022,90,45,18,Naviera_002993
9008941,Buque_008941,Reino Unido,2006,16515,186,40,19,Naviera_004069
9008942,Buque_008942,China,1992,7025,255,44,6,Naviera_002359
9008943,Buque_008943,Ecuador,2010,13051,80,36,14,Naviera_000298
9008944,Buque_008944,Grecia,2014,3512,80,32,15,Naviera_004800
9008945,Buque_008945,Bahamas,2014,1378,271,55,11,Naviera_006828
9008946,Buque_008946,Chile,1992,2420,135,43,15,Naviera_007030
9008947,Buque_008947,Mexico,2001,9328,191,28,9,Naviera_008488
9008948,Buque_008948,Noruega,1989,2810,276,52,13,Naviera_006407
9008949,Buque_008949,Brasil,1996,4374,356,46,8,Naviera_004389
9008950,Buque_008950,China,1993,8393,273,34,11,Naviera_009354
9008951,Buque_008951,Grecia,1983,18013,133,16,5,Naviera_002969
9008952,Buque_008952,Alemania,2010,11266,223,44,11,Naviera_008186
9008953,Buque_008953,Hong Kong,2003,14169,165,37,14,Naviera_004795
9008954,Buque_008954,Colombia,2003,6821,91,18,12,Naviera_009073
9008955,Buque_008955,Bahamas,2005,13869,350,36,12,Naviera_000442
9008956,Buque_008956,Panama,2016,21524,325,40,13,Naviera_000155
9008957,Buque_008957,Islas Marshall,1988,23004,266,42,6,Naviera_005093
9008958,Buque_008958,Ecuador,1981,21634,315,42,12,Naviera_004115
9008959,Buque_008959,China,2012,13941,183,59,19,Naviera_009302
9008960,Buque_008960,Noruega,1990,665,67,53,6,Naviera_002208
9008961,Buque_008961,Chile,1981,13998,130,55,12,Naviera_001555
9008962,Buque_008962,Alemania,2010,4631,322,16,6,Naviera_007599
9008963,Buque_008963,China,1984,10534,223,55,16,Naviera_009771
9008964,Buque_008964,Dinamarca,1994,16785,315,33,13,Naviera_005824
9008965,Buque_008965,Peru,1995,10443,156,43,11,Naviera_006085
9008966,Buque_008966,Hong Kong,1996,22140,310,13,12,Naviera_003791
9008967,Buque_008967,Colombia,2005,3014,292,52,11,Naviera_006625
9008968,Buque_008968,Bahamas,2002,22507,248,47,15,Naviera_000819
9008969,Buque_008969,China,1995,13574,76,41,19,Naviera_003631
9008970,Buque_008970,Chile,1990,23402,366,36,14,Naviera_001314
9008971,Buque_008971,Dinamarca,2000,15638,165,34,12,Naviera_004381
9008972,Buque_008972,Mexico,1994,12758,162,23,12,Naviera_009788
9008973,Buque_008973,Noruega,1993,753,277,17,18,Naviera_000072
9008974,Buque_008974,China,1997,20575,394,14,12,Naviera_006959
9008975,Buque_008975,Chile,1997,22271,92,59,8,Naviera_003069
9008976,Buque_008976,Singapur,1997,20921,201,30,15,Naviera_008045
9008977,Buque_008977,Grecia,2022,18061,361,49,12,Naviera_005497
9008978,Buque_008978,Islas Marshall,2007,11779,68,24,7,Naviera_007010
9008979,Buque_008979,Chile,2011,4558,214,39,5,Naviera_002172
9008980,Buque_008980,Islas Marshall,1980,11218,356,37,15,Naviera_007145
9008981,Buque_008981,Reino Unido,1999,4652,245,46,8,Naviera_004040
9008982,Buque_008982,Hong Kong,1985,18487,52,41,18,Naviera_004323
9008983,Buque_008983,Malta,2012,15967,215,41,10,Naviera_009038
9008984,Buque_008984,Noruega,2007,3776,358,44,7,Naviera_004821
9008985,Buque_008985,Espana,1991,5179,382,43,19,Naviera_008776
9008986,Buque_008986,Ecuador,2016,23733,58,57,10,Naviera_001551
9008987,Buque_008987,Reino Unido,1991,20664,348,32,12,Naviera_000911
9008988,Buque_008988,Espana,2011,18652,273,10,7,Naviera_004971
9008989,Buque_008989,Peru,2022,2937,372,28,5,Naviera_006034
9008990,Buque_008990,Estados Unidos,1984,2911,341,27,17,Naviera_001434
9008991,Buque_008991,Mexico,2004,23509,391,49,12,Naviera_002846
9008992,Buque_008992,Reino Unido,1981,21916,168,17,9,Naviera_007531
9008993,Buque_008993,Malta,2012,18088,250,48,12,Naviera_000785
9008994,Buque_008994,Japon,1984,21269,347,50,6,Naviera_005674
9008995,Buque_008995,Reino Unido,2005,8821,137,24,18,Naviera_002552
9008996,Buque_008996,Liberia,2016,4401,390,35,7,Naviera_003669
9008997,Buque_008997,Japon,2006,1094,304,23,13,Naviera_009938
9008998,Buque_008998,Grecia,2015,6947,242,49,6,Naviera_007422
9008999,Buque_008999,Colombia,2016,646,92,15,19,Naviera_003081
9009000,Buque_009000,Mexico,1985,4184,197,43,13,Naviera_009618
9009001,Buque_009001,Hong Kong,1999,21230,267,19,19,Naviera_004442
9009002,Buque_009002,Reino Unido,1984,16149,366,34,9,Naviera_009784
9009003,Buque_009003,Ecuador,1985,23687,87,13,10,Naviera_006061
9009004,Buque_009004,Bahamas,2017,3987,281,32,12,Naviera_004516
9009005,Buque_009005,Japon,1985,10667,124,25,17,Naviera_000023
9009006,Buque_009006,Islas Marshall,2005,1199,104,43,7,Naviera_000406
9009007,Buque_009007,Liberia,2008,9640,164,35,14,Naviera_007076
9009008,Buque_009008,Chile,1985,11185,192,37,13,Naviera_000892
9009009,Buque_009009,Grecia,2014,18790,284,52,11,Naviera_002284
9009010,Buque_009010,Islas Marshall,2007,19102,197,15,6,Naviera_009241
9009011,Buque_009011,Peru,1993,8751,132,44,7,Naviera_003133
9009012,Buque_009012,Brasil,1983,22146,169,35,13,Naviera_006374
9009013,Buque_009013,Singapur,2015,23807,232,29,16,Naviera_007681
9009014,Buque_009014,Espana,2012,14479,158,29,17,Naviera_002649
9009015,Buque_009015,Chile,1991,8563,212,42,11,Naviera_003371
9009016,Buque_009016,Ecuador,2025,22600,129,37,18,Naviera_006785
9009017,Buque_009017,Mexico,1983,15028,343,13,5,Naviera_008151
9009018,Buque_009018,Panama,1998,2486,216,56,12,Naviera_006533
9009019,Buque_009019,Singapur,2010,6100,300,49,19,Naviera_009209
9009020,Buque_009020,Reino Unido,2012,9577,200,40,11,Naviera_001527
9009021,Buque_009021,Mexico,2015,11126,307,13,6,Naviera_006595
9009022,Buque_009022,Bahamas,1990,9482,118,47,5,Naviera_004243
9009023,Buque_009023,Alemania,1984,6905,293,54,12,Naviera_008888
9009024,Buque_009024,Alemania,2024,14847,257,18,9,Naviera_008210
9009025,Buque_009025,Japon,2018,11598,215,17,5,Naviera_002104
9009026,Buque_009026,Singapur,2000,22866,257,50,17,Naviera_004507
9009027,Buque_009027,Mexico,1985,10165,283,43,9,Naviera_001288
9009028,Buque_009028,Noruega,2003,7203,92,22,11,Naviera_009028
9009029,Buque_009029,Singapur,1990,11952,329,23,9,Naviera_001388
9009030,Buque_009030,Islas Marshall,1999,20720,104,33,14,Naviera_001059
9009031,Buque_009031,Reino Unido,2004,19948,154,26,11,Naviera_006062
9009032,Buque_009032,Noruega,2018,22861,399,27,18,Naviera_002445
9009033,Buque_009033,Chile,1996,12355,322,22,17,Naviera_005397
9009034,Buque_009034,Malta,1994,626,328,31,10,Naviera_007508
9009035,Buque_009035,Chile,2004,4458,383,24,8,Naviera_000546
9009036,Buque_009036,Chile,2014,2360,119,49,10,Naviera_007649
9009037,Buque_009037,Peru,2008,18454,67,47,17,Naviera_004928
9009038,Buque_009038,Reino Unido,2019,13134,92,30,19,Naviera_002635
9009039,Buque_009039,Liberia,1993,4448,169,16,9,Naviera_003820
9009040,Buque_009040,Noruega,2023,13797,196,19,7,Naviera_002609
9009041,Buque_009041,Noruega,1980,7563,115,18,13,Naviera_006438
9009042,Buque_009042,Singapur,2011,16592,261,21,7,Naviera_003403
9009043,Buque_009043,Malta,2020,1347,156,55,11,Naviera_006406
9009044,Buque_009044,Espana,1989,21706,161,32,6,Naviera_007133
9009045,Buque_009045,Colombia,1989,10647,57,48,17,Naviera_007873
9009046,Buque_009046,Bahamas,2006,17138,295,28,18,Naviera_004795
9009047,Buque_009047,Islas Marshall,2013,19651,332,59,11,Naviera_003152
9009048,Buque_009048,Noruega,2022,3485,122,11,9,Naviera_006414
9009049,Buque_009049,Estados Unidos,1998,13661,290,26,12,Naviera_000181
9009050,Buque_009050,Dinamarca,1986,4413,230,16,18,Naviera_000479
9009051,Buque_009051,Alemania,2012,8274,87,34,7,Naviera_003708
9009052,Buque_009052,China,2013,15624,296,15,6,Naviera_005371
9009053,Buque_009053,Malta,2000,19579,116,25,12,Naviera_008210
9009054,Buque_009054,Malta,2023,1461,179,39,11,Naviera_008945
9009055,Buque_009055,Estados Unidos,1992,6885,283,31,5,Naviera_004781
9009056,Buque_009056,Chile,1994,11897,194,52,8,Naviera_004634
9009057,Buque_009057,Ecuador,2016,14704,258,42,17,Naviera_009366
9009058,Buque_009058,Bahamas,1984,8701,250,44,14,Naviera_004763
9009059,Buque_009059,Alemania,2021,23685,76,14,9,Naviera_005670
9009060,Buque_009060,Estados Unidos,2001,12294,229,16,17,Naviera_009068
9009061,Buque_009061,Ecuador,2015,2427,168,22,7,Naviera_005370
9009062,Buque_009062,Espana,1980,5318,300,34,8,Naviera_003803
9009063,Buque_009063,Malta,1990,1611,370,14,9,Naviera_006300
9009064,Buque_009064,Panama,1991,23345,72,33,15,Naviera_006065
9009065,Buque_009065,Dinamarca,2013,11790,59,38,16,Naviera_003256
9009066,Buque_009066,Brasil,2004,9831,57,42,7,Naviera_005223
9009067,Buque_009067,Singapur,2003,2425,186,33,14,Naviera_000826
9009068,Buque_009068,Singapur,1997,4412,356,31,8,Naviera_006127
9009069,Buque_009069,Noruega,2006,11649,388,43,11,Naviera_002870
9009070,Buque_009070,Chile,2015,3563,69,42,8,Naviera_007119
9009071,Buque_009071,Colombia,2023,7586,306,22,12,Naviera_004638
9009072,Buque_009072,Mexico,1987,2661,355,54,16,Naviera_007084
9009073,Buque_009073,Japon,1981,8853,50,19,7,Naviera_002569
9009074,Buque_009074,Liberia,2008,12116,316,46,9,Naviera_006639
9009075,Buque_009075,Singapur,1997,15689,396,47,11,Naviera_000558
9009076,Buque_009076,Peru,2005,16200,75,46,13,Naviera_007543
9009077,Buque_009077,Hong Kong,1999,16190,195,58,10,Naviera_000262
9009078,Buque_009078,Alemania,2003,14385,388,20,8,Naviera_008143
9009079,Buque_009079,Espana,1980,15748,197,17,7,Naviera_008809
9009080,Buque_009080,Mexico,2023,14252,122,35,14,Naviera_000865
9009081,Buque_009081,Alemania,1997,2274,95,49,15,Naviera_001874
9009082,Buque_009082,Singapur,2007,23605,100,32,17,Naviera_003777
9009083,Buque_009083,Malta,2012,18239,372,44,8,Naviera_001128
9009084,Buque_009084,Dinamarca,1987,22563,91,34,14,Naviera_007087
9009085,Buque_009085,Bahamas,1991,18866,114,16,10,Naviera_005599
9009086,Buque_009086,Dinamarca,1981,21005,329,40,13,Naviera_006465
9009087,Buque_009087,China,2022,13935,269,48,8,Naviera_005650
9009088,Buque_009088,Singapur,2014,11766,172,16,12,Naviera_005757
9009089,Buque_009089,Brasil,2003,14041,100,54,16,Naviera_005511
9009090,Buque_009090,Estados Unidos,2019,15489,287,59,13,Naviera_003552
9009091,Buque_009091,Peru,1989,7972,194,47,18,Naviera_004329
9009092,Buque_009092,Noruega,2013,9541,325,15,8,Naviera_004249
9009093,Buque_009093,Singapur,2024,8055,193,23,10,Naviera_003482
9009094,Buque_009094,Japon,1994,4999,161,57,7,Naviera_002833
9009095,Buque_009095,Estados Unidos,2006,22509,255,49,9,Naviera_002683
9009096,Buque_009096,Noruega,2009,23739,205,50,8,Naviera_006220
9009097,Buque_009097,Mexico,2016,10638,347,30,15,Naviera_001939
9009098,Buque_009098,Bahamas,2025,4599,222,59,10,Naviera_001002
9009099,Buque_009099,Ecuador,2008,14815,71,15,12,Naviera_000650
9009100,Buque_009100,Liberia,2020,11393,315,10,6,Naviera_001494
9009101,Buque_009101,Espana,2011,20897,191,17,6,Naviera_007871
9009102,Buque_009102,Alemania,1992,1285,185,27,5,Naviera_002089
9009103,Buque_009103,Brasil,2024,11825,254,13,15,Naviera_005321
9009104,Buque_009104,Alemania,2019,6922,234,29,14,Naviera_009212
9009105,Buque_009105,Alemania,2006,20340,86,57,8,Naviera_007785
9009106,Buque_009106,Singapur,1994,19876,265,47,13,Naviera_008255
9009107,Buque_009107,Mexico,2000,12653,255,25,8,Naviera_002712
9009108,Buque_009108,Chile,2003,19861,318,41,14,Naviera_009624
9009109,Buque_009109,Noruega,1980,1820,169,51,6,Naviera_000603
9009110,Buque_009110,Liberia,2009,12076,141,25,11,Naviera_007699
9009111,Buque_009111,Japon,1997,20193,111,24,5,Naviera_000125
9009112,Buque_009112,Peru,2023,1821,312,15,8,Naviera_008338
9009113,Buque_009113,Mexico,1984,22280,191,27,18,Naviera_002790
9009114,Buque_009114,Ecuador,1989,6523,61,36,7,Naviera_001476
9009115,Buque_009115,Islas Marshall,1991,12290,100,58,6,Naviera_004654
9009116,Buque_009116,Reino Unido,2010,12707,103,32,8,Naviera_005310
9009117,Buque_009117,Malta,2012,12924,340,22,19,Naviera_002705
9009118,Buque_009118,Alemania,2000,10669,70,34,6,Naviera_003967
9009119,Buque_009119,Malta,1994,3635,110,17,6,Naviera_006546
9009120,Buque_009120,Peru,1999,18619,74,16,6,Naviera_009503
9009121,Buque_009121,Chile,2020,23382,314,49,12,Naviera_009185
9009122,Buque_009122,Bahamas,1988,16240,337,17,13,Naviera_007535
9009123,Buque_009123,Noruega,2025,11125,323,12,9,Naviera_008900
9009124,Buque_009124,Espana,2019,22072,78,17,7,Naviera_004965
9009125,Buque_009125,Islas Marshall,1991,15472,188,25,18,Naviera_004996
9009126,Buque_009126,Islas Marshall,1982,18258,375,43,17,Naviera_007463
9009127,Buque_009127,Islas Marshall,1983,14966,351,37,12,Naviera_000991
9009128,Buque_009128,Ecuador,1989,17197,76,53,12,Naviera_000772
9009129,Buque_009129,Reino Unido,2022,6515,344,44,11,Naviera_009525
9009130,Buque_009130,Mexico,2024,14644,345,14,7,Naviera_008732
9009131,Buque_009131,China,2010,9742,144,22,13,Naviera_009469
9009132,Buque_009132,Liberia,2011,5927,82,34,13,Naviera_009543
9009133,Buque_009133,Japon,2023,19811,242,54,7,Naviera_009396
9009134,Buque_009134,Noruega,2005,16348,151,54,18,Naviera_007190
9009135,Buque_009135,Dinamarca,1988,17295,64,41,18,Naviera_008125
9009136,Buque_009136,Noruega,2023,23990,306,18,19,Naviera_002527
9009137,Buque_009137,Grecia,1982,21006,285,51,12,Naviera_001713
9009138,Buque_009138,Brasil,2025,20413,62,34,13,Naviera_001566
9009139,Buque_009139,Hong Kong,1985,9526,344,49,13,Naviera_001159
9009140,Buque_009140,Espana,1981,21585,162,31,11,Naviera_007358
9009141,Buque_009141,Peru,2013,19504,248,38,10,Naviera_007442
9009142,Buque_009142,Grecia,2000,17048,288,46,5,Naviera_003095
9009143,Buque_009143,Panama,2024,18357,356,13,11,Naviera_005403
9009144,Buque_009144,Islas Marshall,1981,9630,83,30,17,Naviera_003294
9009145,Buque_009145,Peru,1981,1163,375,17,8,Naviera_009206
9009146,Buque_009146,Estados Unidos,2021,7705,229,26,6,Naviera_001614
9009147,Buque_009147,Malta,1990,12958,227,12,8,Naviera_009891
9009148,Buque_009148,Alemania,1980,17292,339,46,13,Naviera_007782
9009149,Buque_009149,Liberia,1980,5841,90,30,19,Naviera_002018
9009150,Buque_009150,Singapur,2023,1012,84,44,19,Naviera_000789
9009151,Buque_009151,Malta,2015,7650,188,12,18,Naviera_004187
9009152,Buque_009152,Hong Kong,2015,17268,386,59,12,Naviera_005755
9009153,Buque_009153,Peru,2017,6413,90,18,7,Naviera_009478
9009154,Buque_009154,Bahamas,1991,21178,387,26,7,Naviera_006712
9009155,Buque_009155,Singapur,2003,1406,326,57,8,Naviera_002716
9009156,Buque_009156,Peru,2001,22724,179,27,9,Naviera_001750
9009157,Buque_009157,Espana,2007,3947,225,48,18,Naviera_005764
9009158,Buque_009158,Peru,2008,12379,252,42,16,Naviera_009719
9009159,Buque_009159,Espana,2011,17555,261,47,15,Naviera_002697
9009160,Buque_009160,Noruega,2023,2707,120,38,18,Naviera_000686
9009161,Buque_009161,Japon,1984,12431,385,45,19,Naviera_009850
9009162,Buque_009162,Bahamas,2001,11994,199,16,10,Naviera_007147
9009163,Buque_009163,Grecia,1981,4286,301,35,18,Naviera_004797
9009164,Buque_009164,Alemania,1999,17927,202,55,18,Naviera_003838
9009165,Buque_009165,Panama,1982,13484,256,27,6,Naviera_005120
9009166,Buque_009166,Reino Unido,1990,13744,219,41,6,Naviera_008752
9009167,Buque_009167,Singapur,1999,10162,380,12,15,Naviera_007148
9009168,Buque_009168,Bahamas,2020,11349,330,51,5,Naviera_006462
9009169,Buque_009169,Grecia,2023,1356,205,50,12,Naviera_007057
9009170,Buque_009170,Colombia,1983,641,119,40,6,Naviera_007420
9009171,Buque_009171,Dinamarca,2018,21332,349,19,9,Naviera_007231
9009172,Buque_009172,Panama,2009,9936,360,14,6,Naviera_006385
9009173,Buque_009173,Espana,1990,7782,350,47,5,Naviera_005635
9009174,Buque_009174,Reino Unido,1986,20379,64,36,8,Naviera_001296
9009175,Buque_009175,Espana,1987,16891,200,41,8,Naviera_009849
9009176,Buque_009176,Malta,2020,16341,88,35,15,Naviera_001412
9009177,Buque_009177,Mexico,1985,3490,381,34,9,Naviera_003936
9009178,Buque_009178,Mexico,2020,6528,185,21,17,Naviera_003904
9009179,Buque_009179,Islas Marshall,2023,4245,220,43,8,Naviera_006142
9009180,Buque_009180,Liberia,2023,14509,192,16,9,Naviera_004107
9009181,Buque_009181,Noruega,2009,4360,58,56,5,Naviera_008115
9009182,Buque_009182,Liberia,1984,15464,121,16,18,Naviera_004109
9009183,Buque_009183,Bahamas,1996,16362,354,18,5,Naviera_000600
9009184,Buque_009184,Peru,2002,9609,305,28,14,Naviera_000919
9009185,Buque_009185,Alemania,1988,10290,267,39,15,Naviera_004934
9009186,Buque_009186,Hong Kong,2016,7645,93,10,7,Naviera_009221
9009187,Buque_009187,Dinamarca,1996,2393,219,11,18,Naviera_005787
9009188,Buque_009188,Brasil,1989,11460,346,15,15,Naviera_008029
9009189,Buque_009189,Espana,2011,15939,162,10,8,Naviera_007348
9009190,Buque_009190,Panama,1986,19620,106,54,6,Naviera_007780
9009191,Buque_009191,Mexico,2003,3837,261,14,9,Naviera_008135
9009192,Buque_009192,Bahamas,1998,1373,201,23,11,Naviera_001814
9009193,Buque_009193,Grecia,2024,20530,60,37,6,Naviera_007632
9009194,Buque_009194,Singapur,1988,11576,112,50,9,Naviera_003131
9009195,Buque_009195,Chile,2009,15370,394,10,6,Naviera_002115
9009196,Buque_009196,Mexico,2015,14129,124,15,12,Naviera_002338
9009197,Buque_009197,Singapur,2007,10174,107,53,12,Naviera_000408
9009198,Buque_009198,China,1980,22193,390,59,8,Naviera_007055
9009199,Buque_009199,Alemania,2012,19536,384,24,5,Naviera_007474
9009200,Buque_009200,Malta,2006,20589,260,59,14,Naviera_005054
9009201,Buque_009201,Espana,2012,7467,349,57,7,Naviera_008734
9009202,Buque_009202,Singapur,1987,6017,171,28,15,Naviera_001070
9009203,Buque_009203,Liberia,2011,17916,306,43,16,Naviera_001785
9009204,Buque_009204,Noruega,2017,5445,177,34,13,Naviera_008812
9009205,Buque_009205,Islas Marshall,1989,4116,110,47,11,Naviera_009301
9009206,Buque_009206,Brasil,2020,21679,135,56,10,Naviera_009911
9009207,Buque_009207,Peru,1989,10326,67,30,12,Naviera_005102
9009208,Buque_009208,Chile,2014,8398,380,13,19,Naviera_001993
9009209,Buque_009209,Islas Marshall,1986,1488,367,14,12,Naviera_006413
9009210,Buque_009210,Ecuador,1995,14954,397,31,19,Naviera_008543
9009211,Buque_009211,China,2008,22759,390,41,9,Naviera_001712
9009212,Buque_009212,China,2000,15063,169,14,10,Naviera_004530
9009213,Buque_009213,Espana,2020,12616,76,26,18,Naviera_008506
9009214,Buque_009214,Malta,2005,13145,283,17,9,Naviera_001909
9009215,Buque_009215,Islas Marshall,2016,22896,210,49,6,Naviera_002128
9009216,Buque_009216,Peru,2015,22943,251,24,13,Naviera_006753
9009217,Buque_009217,Islas Marshall,1994,15890,385,18,13,Naviera_003142
9009218,Buque_009218,Hong Kong,2012,19711,181,14,9,Naviera_009427
9009219,Buque_009219,Estados Unidos,1985,13947,229,11,11,Naviera_003280
9009220,Buque_009220,Islas Marshall,2000,6195,205,49,8,Naviera_007315
9009221,Buque_009221,Chile,2015,9586,203,57,13,Naviera_008423
9009222,Buque_009222,Grecia,1997,12593,156,46,15,Naviera_003201
9009223,Buque_009223,Japon,2022,12829,89,34,12,Naviera_005331
9009224,Buque_009224,Grecia,2012,8633,385,13,17,Naviera_002219
9009225,Buque_009225,Estados Unidos,2017,9434,163,52,7,Naviera_003131
9009226,Buque_009226,Noruega,2005,17423,65,17,9,Naviera_009112
9009227,Buque_009227,Peru,2013,7045,334,17,10,Naviera_001559
9009228,Buque_009228,Hong Kong,1987,20911,351,19,16,Naviera_004773
9009229,Buque_009229,Liberia,2012,8810,222,22,16,Naviera_001143
9009230,Buque_009230,Peru,2023,1184,352,44,5,Naviera_000664
9009231,Buque_009231,Malta,1980,4788,313,44,18,Naviera_005225
9009232,Buque_009232,Singapur,2006,9206,224,14,7,Naviera_000617
9009233,Buque_009233,Grecia,2020,7400,53,49,5,Naviera_003397
9009234,Buque_009234,Japon,1989,11789,277,13,5,Naviera_003117
9009235,Buque_009235,Estados Unidos,2021,17596,368,37,19,Naviera_003093
9009236,Buque_009236,Bahamas,2003,1751,304,55,10,Naviera_003472
9009237,Buque_009237,Islas Marshall,1980,21331,242,45,15,Naviera_001128
9009238,Buque_009238,China,2012,2835,125,48,15,Naviera_002346
9009239,Buque_009239,Dinamarca,2022,3069,186,57,12,Naviera_002271
9009240,Buque_009240,Colombia,1981,20701,231,39,8,Naviera_005373
9009241,Buque_009241,Japon,2000,21525,188,59,9,Naviera_003492
9009242,Buque_009242,Dinamarca,2023,12885,326,51,13,Naviera_000255
9009243,Buque_009243,Peru,2008,2244,120,50,6,Naviera_009248
9009244,Buque_009244,Liberia,2008,5812,249,19,18,Naviera_008906
9009245,Buque_009245,Brasil,2009,2944,322,54,7,Naviera_003376
9009246,Buque_009246,Alemania,2011,4335,89,32,5,Naviera_008492
9009247,Buque_009247,Chile,2024,22188,343,12,8,Naviera_009461
9009248,Buque_009248,Reino Unido,1992,8609,220,26,6,Naviera_001018
9009249,Buque_009249,Malta,1981,15314,55,26,11,Naviera_004281
9009250,Buque_009250,Liberia,2011,7539,212,34,6,Naviera_003944
9009251,Buque_009251,Bahamas,1998,10734,258,45,19,Naviera_002364
9009252,Buque_009252,Brasil,2023,20182,124,13,16,Naviera_001510
9009253,Buque_009253,Estados Unidos,2024,9253,116,53,7,Naviera_007927
9009254,Buque_009254,Espana,1994,22577,315,24,7,Naviera_008682
9009255,Buque_009255,Brasil,2010,14000,149,43,7,Naviera_000353
9009256,Buque_009256,Chile,1999,12970,287,35,10,Naviera_005879
9009257,Buque_009257,Noruega,2005,18915,70,49,18,Naviera_005138
9009258,Buque_009258,Dinamarca,2000,17251,281,49,12,Naviera_000701
9009259,Buque_009259,Dinamarca,2009,16601,136,16,19,Naviera_006239
9009260,Buque_009260,Malta,2008,12077,285,53,8,Naviera_004571
9009261,Buque_009261,Ecuador,2002,7517,164,49,19,Naviera_007898
9009262,Buque_009262,Grecia,1989,10367,361,27,15,Naviera_004659
9009263,Buque_009263,Islas Marshall,2019,1631,306,35,6,Naviera_001734
9009264,Buque_009264,Mexico,1981,15490,96,32,14,Naviera_005156
9009265,Buque_009265,Dinamarca,2005,2427,310,24,10,Naviera_008705
9009266,Buque_009266,Chile,1989,748,197,33,14,Naviera_003382
9009267,Buque_009267,Grecia,2009,4708,110,20,15,Naviera_007151
9009268,Buque_009268,China,2017,4113,168,17,7,Naviera_003687
9009269,Buque_009269,Peru,2023,7701,320,50,16,Naviera_001159
9009270,Buque_009270,Ecuador,2016,16492,317,24,9,Naviera_003560
9009271,Buque_009271,Hong Kong,1982,17507,295,32,13,Naviera_001651
9009272,Buque_009272,Ecuador,1990,19746,313,42,5,Naviera_007616
9009273,Buque_009273,Islas Marshall,2012,21701,347,17,5,Naviera_002498
9009274,Buque_009274,Ecuador,2021,788,59,34,19,Naviera_009719
9009275,Buque_009275,Estados Unidos,2003,18579,262,54,15,Naviera_005949
9009276,Buque_009276,Grecia,2019,21698,334,56,7,Naviera_006310
9009277,Buque_009277,Singapur,1991,16211,185,33,17,Naviera_001540
9009278,Buque_009278,Espana,2004,12238,89,55,18,Naviera_003021
9009279,Buque_009279,Bahamas,2015,23160,252,17,9,Naviera_000082
9009280,Buque_009280,China,2017,703,65,28,5,Naviera_009312
9009281,Buque_009281,Hong Kong,1986,20076,348,32,15,Naviera_006081
9009282,Buque_009282,Estados Unidos,1995,22553,148,44,7,Naviera_009954
9009283,Buque_009283,Malta,1996,22927,369,53,9,Naviera_004875
9009284,Buque_009284,Japon,2023,3097,261,53,17,Naviera_005690
9009285,Buque_009285,Reino Unido,2018,6914,141,13,9,Naviera_006245
9009286,Buque_009286,Colombia,1991,22167,213,45,18,Naviera_006962
9009287,Buque_009287,Peru,2015,10988,217,29,13,Naviera_008647
9009288,Buque_009288,Islas Marshall,1995,18895,238,59,12,Naviera_009081
9009289,Buque_009289,Dinamarca,2022,17207,175,38,17,Naviera_008411
9009290,Buque_009290,Alemania,1987,19490,303,30,11,Naviera_005013
9009291,Buque_009291,Colombia,2019,11653,169,31,14,Naviera_002821
9009292,Buque_009292,China,1981,12282,225,51,13,Naviera_007469
9009293,Buque_009293,Noruega,1997,11358,284,51,11,Naviera_005715
9009294,Buque_009294,China,2006,5294,56,34,17,Naviera_004981
9009295,Buque_009295,Malta,2003,20344,96,14,17,Naviera_008334
9009296,Buque_009296,Alemania,1992,17320,247,57,6,Naviera_003387
9009297,Buque_009297,Noruega,1981,19953,290,48,14,Naviera_001689
9009298,Buque_009298,Liberia,2013,23675,164,11,9,Naviera_008214
9009299,Buque_009299,Panama,1982,8889,105,14,12,Naviera_007954
9009300,Buque_009300,Islas Marshall,2001,696,129,23,5,Naviera_006799
9009301,Buque_009301,Chile,2025,17548,358,15,5,Naviera_005185
9009302,Buque_009302,Malta,1995,9851,270,57,5,Naviera_004964
9009303,Buque_009303,Mexico,2013,2403,131,45,13,Naviera_006451
9009304,Buque_009304,Liberia,1994,18771,351,41,13,Naviera_000382
9009305,Buque_009305,Hong Kong,1986,16688,112,41,13,Naviera_004031
9009306,Buque_009306,Brasil,2008,12267,121,57,12,Naviera_008614
9009307,Buque_009307,Estados Unidos,2019,14362,271,51,10,Naviera_009348
9009308,Buque_009308,Islas Marshall,1995,19970,104,14,16,Naviera_007124
9009309,Buque_009309,Estados Unidos,2008,11528,258,15,11,Naviera_002554
9009310,Buque_009310,Mexico,2011,20299,208,24,9,Naviera_000980
9009311,Buque_009311,Grecia,2011,6455,134,23,10,Naviera_000529
9009312,Buque_009312,Grecia,2013,6111,158,37,9,Naviera_004691
9009313,Buque_009313,Hong Kong,2003,1333,368,59,10,Naviera_005783
9009314,Buque_009314,Malta,1980,1163,91,13,16,Naviera_006826
9009315,Buque_009315,Alemania,2009,7992,226,58,15,Naviera_004936
9009316,Buque_009316,Hong Kong,2012,8473,383,50,15,Naviera_005993
9009317,Buque_009317,Japon,1988,3855,128,29,16,Naviera_002724
9009318,Buque_009318,Chile,2009,18544,182,13,12,Naviera_001770
9009319,Buque_009319,Estados Unidos,1988,615,361,13,8,Naviera_006339
9009320,Buque_009320,Colombia,2024,22815,162,44,17,Naviera_007401
9009321,Buque_009321,Grecia,1995,698,285,50,10,Naviera_009003
9009322,Buque_009322,Islas Marshall,1984,18852,291,18,10,Naviera_009400
9009323,Buque_009323,Colombia,1996,8531,312,27,16,Naviera_002517
9009324,Buque_009324,Ecuador,1981,2710,151,50,13,Naviera_007667
9009325,Buque_009325,Estados Unidos,1995,22784,217,15,5,Naviera_009525
9009326,Buque_009326,China,1984,16617,398,39,13,Naviera_006813
9009327,Buque_009327,Liberia,2011,11664,248,58,11,Naviera_009508
9009328,Buque_009328,Islas Marshall,2025,870,258,19,18,Naviera_008787
9009329,Buque_009329,Bahamas,1987,1782,151,47,17,Naviera_002619
9009330,Buque_009330,Brasil,1996,22520,57,12,16,Naviera_002448
9009331,Buque_009331,Hong Kong,1993,16159,87,56,11,Naviera_007207
9009332,Buque_009332,Brasil,2021,23623,217,20,8,Naviera_009373
9009333,Buque_009333,Chile,1981,17353,123,47,17,Naviera_004739
9009334,Buque_009334,Peru,2023,2717,51,41,12,Naviera_007605
9009335,Buque_009335,Noruega,1990,23893,185,58,9,Naviera_002038
9009336,Buque_009336,Hong Kong,1989,21534,94,55,17,Naviera_002518
9009337,Buque_009337,Mexico,2008,3577,166,40,16,Naviera_001102
9009338,Buque_009338,Peru,2024,9334,293,52,16,Naviera_009187
9009339,Buque_009339,Hong Kong,2010,9664,136,27,13,Naviera_002621
9009340,Buque_009340,Singapur,1988,19191,129,59,14,Naviera_001646
9009341,Buque_009341,Espana,2025,10534,390,40,15,Naviera_009225
9009342,Buque_009342,Mexico,1984,5255,249,49,5,Naviera_009774
9009343,Buque_009343,Islas Marshall,2022,10506,337,28,11,Naviera_000324
9009344,Buque_009344,Liberia,1983,23982,236,53,17,Naviera_001613
9009345,Buque_009345,Grecia,2022,1247,236,57,16,Naviera_003268
9009346,Buque_009346,China,1995,4865,94,11,12,Naviera_007917
9009347,Buque_009347,Panama,1996,8340,352,51,14,Naviera_007651
9009348,Buque_009348,Ecuador,2015,17813,325,12,7,Naviera_000890
9009349,Buque_009349,Mexico,2008,19764,392,59,15,Naviera_000154
9009350,Buque_009350,Estados Unidos,2001,14539,77,31,6,Naviera_007224
9009351,Buque_009351,Ecuador,2002,3113,365,31,16,Naviera_003877
9009352,Buque_009352,Espana,1990,1505,227,42,5,Naviera_002076
9009353,Buque_009353,Dinamarca,2005,19004,343,27,12,Naviera_009959
9009354,Buque_009354,Japon,2018,1323,352,24,16,Naviera_007622
9009355,Buque_009355,Chile,2012,13834,301,59,18,Naviera_003513
9009356,Buque_009356,Grecia,2003,10662,256,10,15,Naviera_000495
9009357,Buque_009357,Singapur,2018,20209,114,38,13,Naviera_006584
9009358,Buque_009358,Malta,1992,15189,187,38,7,Naviera_009092
9009359,Buque_009359,Espana,1990,7616,248,42,19,Naviera_009721
9009360,Buque_009360,Colombia,1981,4115,234,20,8,Naviera_001732
9009361,Buque_009361,Colombia,2016,631,370,30,17,Naviera_001174
9009362,Buque_009362,Mexico,1999,11444,278,50,13,Naviera_001715
9009363,Buque_009363,Noruega,1986,4373,167,58,11,Naviera_007889
9009364,Buque_009364,Brasil,1994,16743,329,35,14,Naviera_002821
9009365,Buque_009365,Estados Unidos,2001,10304,332,48,7,Naviera_008593
9009366,Buque_009366,Bahamas,2001,14636,370,57,17,Naviera_005495
9009367,Buque_009367,Brasil,2002,5887,194,18,16,Naviera_004914
9009368,Buque_009368,Liberia,2021,7006,333,12,17,Naviera_004941
9009369,Buque_009369,Alemania,2023,8152,377,36,14,Naviera_008664
9009370,Buque_009370,Dinamarca,2005,18698,343,49,5,Naviera_002076
9009371,Buque_009371,Alemania,2020,4958,100,55,14,Naviera_008738
9009372,Buque_009372,Colombia,1999,2227,214,48,8,Naviera_003723
9009373,Buque_009373,Noruega,2004,6769,175,14,6,Naviera_009220
9009374,Buque_009374,China,1991,1688,164,32,9,Naviera_003984
9009375,Buque_009375,Panama,2012,17964,109,59,11,Naviera_009631
9009376,Buque_009376,Hong Kong,2023,19225,383,25,10,Naviera_003953
9009377,Buque_009377,Espana,2022,5765,229,41,15,Naviera_002352
9009378,Buque_009378,Malta,1993,1647,192,41,19,Naviera_008641
9009379,Buque_009379,Hong Kong,1994,14519,153,12,13,Naviera_003881
9009380,Buque_009380,Noruega,2006,17543,199,44,14,Naviera_000730
9009381,Buque_009381,Grecia,1985,23678,320,10,19,Naviera_002430
9009382,Buque_009382,Brasil,2003,15011,371,39,19,Naviera_009472
9009383,Buque_009383,Espana,2024,12772,328,37,6,Naviera_006588
9009384,Buque_009384,Chile,2019,878,305,19,12,Naviera_005486
9009385,Buque_009385,Malta,2023,14700,191,22,18,Naviera_002931
9009386,Buque_009386,Malta,1983,19789,77,27,17,Naviera_000984
9009387,Buque_009387,Chile,1984,13036,294,50,18,Naviera_003758
9009388,Buque_009388,Panama,2013,15964,250,24,6,Naviera_009723
9009389,Buque_009389,Grecia,2018,19044,305,29,15,Naviera_004482
9009390,Buque_009390,China,1984,628,175,14,18,Naviera_002022
9009391,Buque_009391,Chile,1989,3997,362,20,9,Naviera_004134
9009392,Buque_009392,Brasil,1981,21063,94,35,15,Naviera_001495
9009393,Buque_009393,Grecia,2011,18386,146,15,11,Naviera_003307
9009394,Buque_009394,Grecia,1989,12022,101,35,19,Naviera_000886
9009395,Buque_009395,Colombia,2015,19651,296,39,9,Naviera_007393
9009396,Buque_009396,Dinamarca,1994,7912,278,41,19,Naviera_008572
9009397,Buque_009397,Ecuador,2016,15147,257,59,14,Naviera_008133
9009398,Buque_009398,Panama,2015,15767,230,28,18,Naviera_009467
9009399,Buque_009399,Malta,2009,18400,386,47,17,Naviera_000695
9009400,Buque_009400,Mexico,1994,16731,261,18,5,Naviera_007964
9009401,Buque_009401,Panama,1989,7517,342,32,7,Naviera_009792
9009402,Buque_009402,Noruega,2007,17148,195,33,15,Naviera_000755
9009403,Buque_009403,Mexico,2018,9658,338,23,8,Naviera_001126
9009404,Buque_009404,Espana,2011,21388,215,50,9,Naviera_008261
9009405,Buque_009405,Bahamas,1982,5730,356,38,14,Naviera_007797
9009406,Buque_009406,Colombia,2013,8097,122,23,18,Naviera_007328
9009407,Buque_009407,Malta,1983,14204,302,31,10,Naviera_008783
9009408,Buque_009408,Colombia,2018,4174,204,57,17,Naviera_008752
9009409,Buque_009409,Hong Kong,2001,5136,339,23,12,Naviera_007574
9009410,Buque_009410,Dinamarca,1984,20778,64,22,19,Naviera_001885
9009411,Buque_009411,Malta,2005,4306,347,12,6,Naviera_004956
9009412,Buque_009412,Panama,1990,3276,226,53,12,Naviera_004363
9009413,Buque_009413,Dinamarca,1987,21511,53,30,15,Naviera_006105
9009414,Buque_009414,Dinamarca,2008,15945,237,20,12,Naviera_008785
9009415,Buque_009415,Bahamas,1986,1861,311,54,14,Naviera_005553
9009416,Buque_009416,Japon,2004,4742,286,54,13,Naviera_002140
9009417,Buque_009417,Islas Marshall,1992,16753,394,56,8,Naviera_006518
9009418,Buque_009418,Islas Marshall,2001,2769,195,50,8,Naviera_006575
9009419,Buque_009419,Liberia,2017,3328,175,34,10,Naviera_005897
9009420,Buque_009420,Estados Unidos,2025,1601,174,54,7,Naviera_004640
9009421,Buque_009421,Alemania,1991,9303,397,27,18,Naviera_003318
9009422,Buque_009422,Bahamas,2015,10002,209,29,18,Naviera_003870
9009423,Buque_009423,Chile,1994,11597,267,25,18,Naviera_000530
9009424,Buque_009424,Noruega,1986,7664,146,12,10,Naviera_004746
9009425,Buque_009425,Noruega,2008,5772,210,55,19,Naviera_004850
9009426,Buque_009426,Peru,2018,2259,79,56,17,Naviera_006884
9009427,Buque_009427,China,1982,13311,241,27,10,Naviera_005629
9009428,Buque_009428,Malta,1982,5444,90,20,10,Naviera_007326
9009429,Buque_009429,Espana,2013,22313,75,19,10,Naviera_005584
9009430,Buque_009430,Malta,2024,5047,399,22,6,Naviera_003734
9009431,Buque_009431,China,1991,16981,219,52,16,Naviera_000067
9009432,Buque_009432,Colombia,1980,3123,277,18,7,Naviera_006431
9009433,Buque_009433,Brasil,2019,18026,291,42,8,Naviera_001367
9009434,Buque_009434,Ecuador,2000,10523,335,24,5,Naviera_006701
9009435,Buque_009435,Bahamas,1991,5582,158,47,15,Naviera_007173
9009436,Buque_009436,Chile,2001,13314,295,28,8,Naviera_001609
9009437,Buque_009437,Islas Marshall,2021,5646,341,50,16,Naviera_003427
9009438,Buque_009438,Chile,2022,23506,349,30,14,Naviera_001780
9009439,Buque_009439,Chile,2002,14544,107,12,5,Naviera_008655
9009440,Buque_009440,Noruega,1986,18303,156,46,11,Naviera_003924
9009441,Buque_009441,Dinamarca,1991,1729,376,51,19,Naviera_007795
9009442,Buque_009442,Japon,2011,8037,215,54,16,Naviera_002153
9009443,Buque_009443,Brasil,2010,18343,228,40,15,Naviera_007222
9009444,Buque_009444,Alemania,1980,10678,69,16,14,Naviera_006555
9009445,Buque_009445,Dinamarca,1993,19186,73,57,8,Naviera_006165
9009446,Buque_009446,Noruega,1999,23942,293,14,16,Naviera_002243
9009447,Buque_009447,Estados Unidos,2020,13632,362,24,9,Naviera_003285
9009448,Buque_009448,Chile,1983,19754,141,10,17,Naviera_001870
9009449,Buque_009449,Singapur,2017,23214,53,27,17,Naviera_009714
9009450,Buque_009450,Colombia,2025,18846,103,35,18,Naviera_007163
9009451,Buque_009451,Alemania,2006,16567,250,12,16,Naviera_007541
9009452,Buque_009452,Mexico,2006,8275,113,17,17,Naviera_008568
9009453,Buque_009453,Brasil,1996,15587,138,42,12,Naviera_000078
9009454,Buque_009454,Japon,1981,12456,203,31,5,Naviera_000347
9009455,Buque_009455,Estados Unidos,2005,17770,129,58,5,Naviera_005622
9009456,Buque_009456,Panama,1990,3839,334,29,12,Naviera_008461
9009457,Buque_009457,Reino Unido,1993,18096,335,34,10,Naviera_004391
9009458,Buque_009458,Hong Kong,1989,15956,335,46,19,Naviera_005380
9009459,Buque_009459,Estados Unidos,2000,23367,340,53,14,Naviera_006593
9009460,Buque_009460,Liberia,2018,6966,285,27,14,Naviera_000164
9009461,Buque_009461,Hong Kong,1982,13777,330,57,10,Naviera_009680
9009462,Buque_009462,Estados Unidos,1981,18262,74,40,17,Naviera_004701
9009463,Buque_009463,Singapur,1996,4422,86,23,11,Naviera_009940
9009464,Buque_009464,Liberia,2006,23304,166,56,7,Naviera_000194
9009465,Buque_009465,Panama,2005,16831,292,52,7,Naviera_007202
9009466,Buque_009466,Islas Marshall,2025,13933,81,48,18,Naviera_008132
9009467,Buque_009467,Espana,1987,10192,309,27,13,Naviera_003671
9009468,Buque_009468,Espana,2018,8585,93,14,18,Naviera_004066
9009469,Buque_009469,Hong Kong,2007,1463,156,59,12,Naviera_001393
9009470,Buque_009470,Hong Kong,1990,16299,70,11,18,Naviera_005440
9009471,Buque_009471,China,1985,11902,264,20,11,Naviera_002808
9009472,Buque_009472,Liberia,2017,8140,276,41,15,Naviera_007019
9009473,Buque_009473,Colombia,1989,14541,125,10,11,Naviera_005977
9009474,Buque_009474,Bahamas,2006,1900,395,58,15,Naviera_009644
9009475,Buque_009475,Chile,2005,11623,162,17,13,Naviera_000593
9009476,Buque_009476,Grecia,2002,21769,391,22,5,Naviera_007858
9009477,Buque_009477,Ecuador,1986,22504,125,56,13,Naviera_001739
9009478,Buque_009478,Brasil,2006,7443,290,50,12,Naviera_008329
9009479,Buque_009479,Liberia,1986,932,268,42,8,Naviera_001765
9009480,Buque_009480,Islas Marshall,2019,16837,176,42,7,Naviera_009209
9009481,Buque_009481,Espana,1984,9633,148,17,7,Naviera_007748
9009482,Buque_009482,China,2001,5306,212,38,6,Naviera_004812
9009483,Buque_009483,Islas Marshall,1987,6122,335,17,13,Naviera_002237
9009484,Buque_009484,Estados Unidos,1999,5109,203,21,14,Naviera_009393
9009485,Buque_009485,Ecuador,1998,12031,391,13,9,Naviera_002431
9009486,Buque_009486,Reino Unido,2006,19597,337,25,17,Naviera_008895
9009487,Buque_009487,Estados Unidos,2021,14288,63,19,5,Naviera_007563
9009488,Buque_009488,Singapur,2006,8528,357,51,16,Naviera_000381
9009489,Buque_009489,Grecia,2021,714,341,33,11,Naviera_003224
9009490,Buque_009490,Chile,2003,18936,385,36,18,Naviera_001256
9009491,Buque_009491,Malta,2013,22177,373,24,13,Naviera_007642
9009492,Buque_009492,Singapur,1980,19631,95,23,7,Naviera_002895
9009493,Buque_009493,Liberia,1988,22240,163,11,19,Naviera_004477
9009494,Buque_009494,Alemania,2007,11824,256,11,19,Naviera_007017
9009495,Buque_009495,Mexico,2025,18562,112,34,9,Naviera_005618
9009496,Buque_009496,Islas Marshall,1983,2026,160,45,6,Naviera_003822
9009497,Buque_009497,Colombia,2024,12337,120,13,15,Naviera_000393
9009498,Buque_009498,Espana,2020,12490,90,12,17,Naviera_007044
9009499,Buque_009499,Brasil,2013,10899,101,34,12,Naviera_003839
9009500,Buque_009500,Singapur,2019,8723,147,55,6,Naviera_004798
9009501,Buque_009501,Alemania,2013,9079,311,18,11,Naviera_009789
9009502,Buque_009502,Panama,2019,10280,105,17,5,Naviera_006828
9009503,Buque_009503,Alemania,1996,21533,142,51,15,Naviera_008376
9009504,Buque_009504,Peru,2007,2121,102,13,14,Naviera_009304
9009505,Buque_009505,Noruega,2019,19283,86,53,9,Naviera_001340
9009506,Buque_009506,Chile,2022,13696,103,11,15,Naviera_000126
9009507,Buque_009507,Peru,2012,17225,155,47,7,Naviera_008699
9009508,Buque_009508,Hong Kong,1986,7235,110,16,19,Naviera_008608
9009509,Buque_009509,China,1993,10705,213,43,5,Naviera_008592
9009510,Buque_009510,Grecia,2022,19200,270,48,16,Naviera_004099
9009511,Buque_009511,Estados Unidos,2023,4487,59,20,17,Naviera_005079
9009512,Buque_009512,Chile,2012,23825,326,13,7,Naviera_008556
9009513,Buque_009513,Panama,2017,20509,125,31,19,Naviera_004278
9009514,Buque_009514,Peru,1981,7508,307,50,8,Naviera_004927
9009515,Buque_009515,Malta,2023,11429,338,46,19,Naviera_003268
9009516,Buque_009516,Malta,1982,19144,137,21,17,Naviera_001429
9009517,Buque_009517,Singapur,2005,5703,233,30,16,Naviera_000156
9009518,Buque_009518,Bahamas,1985,8917,87,52,12,Naviera_007266
9009519,Buque_009519,Estados Unidos,2025,12629,154,23,15,Naviera_003842
9009520,Buque_009520,Noruega,2002,3464,218,36,18,Naviera_007729
9009521,Buque_009521,Hong Kong,1980,22606,239,32,13,Naviera_008618
9009522,Buque_009522,Singapur,2003,6733,261,19,10,Naviera_004706
9009523,Buque_009523,Peru,2005,18676,220,56,13,Naviera_008878
9009524,Buque_009524,Espana,2018,11285,246,48,19,Naviera_009476
9009525,Buque_009525,Liberia,2007,18593,368,47,13,Naviera_008469
9009526,Buque_009526,Liberia,2009,11980,74,24,7,Naviera_004976
9009527,Buque_009527,Ecuador,2016,9795,274,41,11,Naviera_008479
9009528,Buque_009528,Singapur,2025,4077,125,11,16,Naviera_007393
9009529,Buque_009529,Ecuador,2009,2348,358,35,14,Naviera_009454
9009530,Buque_009530,Espana,2024,1964,266,55,17,Naviera_005302
9009531,Buque_009531,Noruega,2018,1962,366,21,6,Naviera_008759
9009532,Buque_009532,Dinamarca,2013,3281,261,31,6,Naviera_001163
9009533,Buque_009533,Estados Unidos,2013,2419,312,14,13,Naviera_000726
9009534,Buque_009534,Alemania,2012,16721,297,42,9,Naviera_001693
9009535,Buque_009535,Japon,2024,18908,325,52,14,Naviera_002704
9009536,Buque_009536,Peru,2022,20469,83,53,16,Naviera_001046
9009537,Buque_009537,Alemania,1981,11059,319,44,11,Naviera_008097
9009538,Buque_009538,Bahamas,1996,11215,258,45,9,Naviera_008973
9009539,Buque_009539,Panama,1983,3535,325,23,15,Naviera_003096
9009540,Buque_009540,Estados Unidos,1985,545,295,20,17,Naviera_008153
9009541,Buque_009541,Japon,1989,12264,390,24,18,Naviera_002500
9009542,Buque_009542,Espana,1981,2098,338,48,12,Naviera_001290
9009543,Buque_009543,Dinamarca,1984,16314,223,30,8,Naviera_005365
9009544,Buque_009544,Hong Kong,2020,23981,192,53,16,Naviera_008449
9009545,Buque_009545,Islas Marshall,2017,17765,173,27,8,Naviera_003634
9009546,Buque_009546,Colombia,1986,23008,313,48,13,Naviera_001419
9009547,Buque_009547,Malta,1999,5113,364,59,8,Naviera_007566
9009548,Buque_009548,Singapur,2004,6974,319,14,14,Naviera_000163
9009549,Buque_009549,Ecuador,2022,2660,382,37,12,Naviera_009710
9009550,Buque_009550,China,2002,12598,96,53,14,Naviera_001470
9009551,Buque_009551,Ecuador,2016,18339,320,22,18,Naviera_001988
9009552,Buque_009552,Chile,2012,16068,305,55,7,Naviera_000823
9009553,Buque_009553,China,2021,4370,110,49,11,Naviera_003109
9009554,Buque_009554,Ecuador,2002,11226,376,54,8,Naviera_000133
9009555,Buque_009555,Peru,2010,9023,143,21,17,Naviera_003907
9009556,Buque_009556,Peru,2022,23023,329,15,15,Naviera_001080
9009557,Buque_009557,Panama,2024,2739,91,19,7,Naviera_008266
9009558,Buque_009558,Colombia,2018,16682,194,41,9,Naviera_007244
9009559,Buque_009559,Panama,1997,17084,396,30,5,Naviera_002030
9009560,Buque_009560,Liberia,2011,14558,140,30,11,Naviera_000980
9009561,Buque_009561,Reino Unido,1990,19082,173,55,17,Naviera_001069
9009562,Buque_009562,Japon,2024,5298,323,15,7,Naviera_002645
9009563,Buque_009563,Mexico,2016,17312,178,19,11,Naviera_005617
9009564,Buque_009564,Chile,2003,17809,160,29,17,Naviera_008474
9009565,Buque_009565,Grecia,1985,5580,297,37,8,Naviera_007023
9009566,Buque_009566,Singapur,2007,9002,125,21,16,Naviera_000683
9009567,Buque_009567,Grecia,1997,1044,152,56,15,Naviera_006907
9009568,Buque_009568,Malta,1985,11139,151,58,13,Naviera_006818
9009569,Buque_009569,Dinamarca,2000,19544,179,12,14,Naviera_007111
9009570,Buque_009570,Malta,2019,1323,201,21,10,Naviera_002698
9009571,Buque_009571,Malta,1993,17625,145,51,6,Naviera_004621
9009572,Buque_009572,Japon,2020,2569,363,55,11,Naviera_005128
9009573,Buque_009573,Estados Unidos,2004,19255,369,48,7,Naviera_000309
9009574,Buque_009574,Colombia,2020,11238,222,44,11,Naviera_002333
9009575,Buque_009575,Japon,1985,15548,262,35,10,Naviera_009716
9009576,Buque_009576,Peru,1997,2770,179,51,5,Naviera_009821
9009577,Buque_009577,Alemania,1990,23671,368,38,10,Naviera_007476
9009578,Buque_009578,Brasil,2025,8385,217,21,13,Naviera_005460
9009579,Buque_009579,Peru,1987,21228,260,27,10,Naviera_009464
9009580,Buque_009580,Grecia,2005,1005,277,31,17,Naviera_006581
9009581,Buque_009581,Ecuador,2022,7227,143,20,14,Naviera_004154
9009582,Buque_009582,Japon,2020,2035,356,12,8,Naviera_004566
9009583,Buque_009583,Grecia,1993,4434,181,12,7,Naviera_001236
9009584,Buque_009584,Noruega,1985,22116,85,41,8,Naviera_000552
9009585,Buque_009585,Reino Unido,1996,5824,387,12,9,Naviera_009809
9009586,Buque_009586,Singapur,2001,12301,262,10,17,Naviera_008418
9009587,Buque_009587,Singapur,2003,19117,203,27,5,Naviera_003118
9009588,Buque_009588,Ecuador,1986,17108,178,48,8,Naviera_002322
9009589,Buque_009589,Bahamas,1986,21473,98,47,19,Naviera_000220
9009590,Buque_009590,Ecuador,1989,4853,355,18,16,Naviera_004404
9009591,Buque_009591,Reino Unido,2025,7995,83,15,15,Naviera_003018
9009592,Buque_009592,Dinamarca,2019,21574,246,15,16,Naviera_004824
9009593,Buque_009593,Japon,2014,15302,342,18,9,Naviera_007392
9009594,Buque_009594,Colombia,1991,18708,375,18,11,Naviera_003000
9009595,Buque_009595,Peru,2001,5984,85,23,18,Naviera_004935
9009596,Buque_009596,Singapur,1985,15224,338,44,12,Naviera_006647
9009597,Buque_009597,Islas Marshall,2016,11240,177,45,8,Naviera_007907
9009598,Buque_009598,Mexico,2020,16372,279,18,9,Naviera_006930
9009599,Buque_009599,Malta,1996,2917,318,53,15,Naviera_006559
9009600,Buque_009600,Hong Kong,1996,3429,279,31,8,Naviera_005232
9009601,Buque_009601,Malta,2013,12857,232,33,17,Naviera_005009
9009602,Buque_009602,Ecuador,2012,3393,186,22,9,Naviera_008492
9009603,Buque_009603,Grecia,2005,3699,55,11,13,Naviera_008933
9009604,Buque_009604,Reino Unido,2013,2193,231,34,10,Naviera_003941
9009605,Buque_009605,Japon,2024,16516,331,46,19,Naviera_003152
9009606,Buque_009606,Colombia,1996,17024,360,59,18,Naviera_008221
9009607,Buque_009607,Peru,2005,14911,85,13,8,Naviera_009351
9009608,Buque_009608,Panama,2008,19512,95,22,10,Naviera_006154
9009609,Buque_009609,Panama,1992,23419,204,36,9,Naviera_002984
9009610,Buque_009610,Malta,2011,17596,299,52,5,Naviera_001292
9009611,Buque_009611,Reino Unido,2009,12284,305,41,8,Naviera_005716
9009612,Buque_009612,Grecia,2025,9840,170,11,18,Naviera_004178
9009613,Buque_009613,Espana,1982,1816,160,43,18,Naviera_004300
9009614,Buque_009614,Hong Kong,2009,15602,368,56,10,Naviera_002184
9009615,Buque_009615,Alemania,1984,18246,203,17,14,Naviera_003279
9009616,Buque_009616,Japon,2014,23801,392,57,12,Naviera_004213
9009617,Buque_009617,Malta,1998,3152,53,36,14,Naviera_001492
9009618,Buque_009618,Estados Unidos,2021,10628,372,27,15,Naviera_005986
9009619,Buque_009619,Liberia,2002,9467,324,58,16,Naviera_009820
9009620,Buque_009620,Liberia,2007,6129,174,55,12,Naviera_009370
9009621,Buque_009621,Ecuador,2007,15904,167,58,10,Naviera_003096
9009622,Buque_009622,Espana,2001,23432,351,59,12,Naviera_009633
9009623,Buque_009623,Islas Marshall,2011,5786,364,16,19,Naviera_001757
9009624,Buque_009624,Colombia,1985,1579,100,39,19,Naviera_003705
9009625,Buque_009625,Malta,2008,9134,359,24,11,Naviera_008413
9009626,Buque_009626,Grecia,1982,1675,313,15,19,Naviera_006404
9009627,Buque_009627,Espana,2021,20845,97,45,12,Naviera_005172
9009628,Buque_009628,Grecia,2005,17799,136,42,8,Naviera_000835
9009629,Buque_009629,Hong Kong,1998,20444,259,15,6,Naviera_005078
9009630,Buque_009630,Panama,1985,18688,85,11,5,Naviera_008340
9009631,Buque_009631,Colombia,1980,11710,329,16,9,Naviera_003905
9009632,Buque_009632,Singapur,2014,19696,286,41,8,Naviera_009793
9009633,Buque_009633,Singapur,1989,3617,122,34,17,Naviera_000588
9009634,Buque_009634,Espana,1998,10607,331,55,8,Naviera_003647
9009635,Buque_009635,Peru,2008,4912,90,44,7,Naviera_009196
9009636,Buque_009636,Ecuador,1992,15470,178,13,14,Naviera_005703
9009637,Buque_009637,Bahamas,1980,5886,327,32,9,Naviera_009982
9009638,Buque_009638,Colombia,1981,9798,315,12,17,Naviera_004694
9009639,Buque_009639,Alemania,1985,16985,203,44,12,Naviera_009216
9009640,Buque_009640,Hong Kong,1982,13650,330,43,15,Naviera_008587
9009641,Buque_009641,Mexico,2008,11785,179,56,10,Naviera_007361
9009642,Buque_009642,Dinamarca,2019,17491,338,37,12,Naviera_000058
9009643,Buque_009643,Panama,1987,7135,83,37,16,Naviera_003348
9009644,Buque_009644,Liberia,1981,14983,96,48,10,Naviera_003754
9009645,Buque_009645,Estados Unidos,2015,14975,104,48,12,Naviera_008134
9009646,Buque_009646,Ecuador,1998,4005,186,22,6,Naviera_006435
9009647,Buque_009647,Malta,2005,12711,296,30,17,Naviera_006887
9009648,Buque_009648,Hong Kong,2018,3507,215,33,18,Naviera_007004
9009649,Buque_009649,Bahamas,1985,7505,79,53,13,Naviera_005224
9009650,Buque_009650,Colombia,2010,3273,122,54,7,Naviera_004684
9009651,Buque_009651,Japon,1995,4319,357,36,13,Naviera_000051
9009652,Buque_009652,Estados Unidos,1996,10960,77,13,10,Naviera_001787
9009653,Buque_009653,Bahamas,2024,582,394,54,16,Naviera_003590
9009654,Buque_009654,Dinamarca,2019,1727,343,37,6,Naviera_006738
9009655,Buque_009655,Hong Kong,2004,10769,204,52,8,Naviera_002424
9009656,Buque_009656,Reino Unido,2020,20806,313,19,14,Naviera_009533
9009657,Buque_009657,Islas Marshall,2020,9428,86,52,17,Naviera_008557
9009658,Buque_009658,Estados Unidos,2013,21671,360,35,5,Naviera_002128
9009659,Buque_009659,Colombia,2018,4910,112,10,10,Naviera_003646
9009660,Buque_009660,Ecuador,1991,16830,245,40,11,Naviera_006371
9009661,Buque_009661,Mexico,1982,13232,384,47,12,Naviera_004699
9009662,Buque_009662,China,2007,13500,202,33,18,Naviera_000049
9009663,Buque_009663,Estados Unidos,2020,12401,95,57,8,Naviera_006644
9009664,Buque_009664,Islas Marshall,2001,14014,287,52,11,Naviera_001047
9009665,Buque_009665,Singapur,1994,22471,243,45,13,Naviera_007314
9009666,Buque_009666,Panama,1990,23710,379,35,18,Naviera_000313
9009667,Buque_009667,Noruega,2006,13069,309,47,13,Naviera_009041
9009668,Buque_009668,Colombia,2008,23181,262,48,8,Naviera_001858
9009669,Buque_009669,Malta,1989,17332,149,49,6,Naviera_005947
9009670,Buque_009670,Brasil,2006,7080,159,27,18,Naviera_001629
9009671,Buque_009671,Ecuador,2014,623,74,32,17,Naviera_007320
9009672,Buque_009672,Mexico,2014,8715,96,47,12,Naviera_001169
9009673,Buque_009673,Noruega,1994,1348,151,39,5,Naviera_001715
9009674,Buque_009674,Dinamarca,2011,8524,211,44,18,Naviera_004951
9009675,Buque_009675,Islas Marshall,2016,17634,62,37,8,Naviera_002177
9009676,Buque_009676,Reino Unido,2023,21413,323,26,16,Naviera_000566
9009677,Buque_009677,Colombia,2020,7592,259,59,5,Naviera_007330
9009678,Buque_009678,Chile,2015,18817,171,43,7,Naviera_001084
9009679,Buque_009679,Alemania,2015,23905,170,36,5,Naviera_000946
9009680,Buque_009680,Peru,2012,7919,186,29,11,Naviera_008024
9009681,Buque_009681,Ecuador,1994,1172,354,52,18,Naviera_002889
9009682,Buque_009682,Dinamarca,2002,23416,246,10,8,Naviera_009443
9009683,Buque_009683,Mexico,2001,3192,263,54,18,Naviera_001099
9009684,Buque_009684,Panama,1990,23060,290,33,15,Naviera_006984
9009685,Buque_009685,Espana,2018,23684,89,37,10,Naviera_001130
9009686,Buque_009686,China,1988,6138,112,39,10,Naviera_008884
9009687,Buque_009687,Bahamas,2020,17872,393,22,6,Naviera_003070
9009688,Buque_009688,Espana,2011,14077,339,13,11,Naviera_007615
9009689,Buque_009689,Bahamas,2005,21274,184,29,5,Naviera_007165
9009690,Buque_009690,Japon,1995,8997,82,24,10,Naviera_008872
9009691,Buque_009691,Alemania,1982,4296,314,54,8,Naviera_006696
9009692,Buque_009692,China,1994,1990,170,40,15,Naviera_003508
9009693,Buque_009693,Panama,1989,18194,302,37,13,Naviera_006928
9009694,Buque_009694,Colombia,2001,6106,62,26,17,Naviera_000134
9009695,Buque_009695,Alemania,2001,19277,214,42,12,Naviera_005839
9009696,Buque_009696,Noruega,2023,2940,67,35,9,Naviera_009035
9009697,Buque_009697,Islas Marshall,1983,16100,336,10,12,Naviera_009117
9009698,Buque_009698,Hong Kong,1991,19129,171,10,13,Naviera_008213
9009699,Buque_009699,Reino Unido,1982,2827,283,59,12,Naviera_004298
9009700,Buque_009700,Alemania,2011,20778,341,42,19,Naviera_006994
9009701,Buque_009701,Bahamas,2016,17082,164,19,7,Naviera_000630
9009702,Buque_009702,Panama,2014,9184,159,32,14,Naviera_008647
9009703,Buque_009703,Chile,2000,19225,227,11,6,Naviera_009200
9009704,Buque_009704,China,1985,18270,317,53,14,Naviera_009050
9009705,Buque_009705,Chile,1983,20055,139,26,16,Naviera_009986
9009706,Buque_009706,Liberia,1990,17817,270,17,18,Naviera_006350
9009707,Buque_009707,Peru,2009,22302,356,38,18,Naviera_003430
9009708,Buque_009708,Estados Unidos,1990,11225,198,47,17,Naviera_003712
9009709,Buque_009709,Japon,2023,5228,307,55,5,Naviera_008894
9009710,Buque_009710,Hong Kong,2004,22456,306,57,9,Naviera_002578
9009711,Buque_009711,Espana,1993,10182,319,50,5,Naviera_008762
9009712,Buque_009712,Chile,1991,10664,179,21,15,Naviera_005019
9009713,Buque_009713,Colombia,2005,11494,345,15,8,Naviera_009880
9009714,Buque_009714,Mexico,1995,20217,354,36,7,Naviera_003332
9009715,Buque_009715,Hong Kong,1982,16987,361,28,13,Naviera_009046
9009716,Buque_009716,Malta,1997,12749,279,58,8,Naviera_008659
9009717,Buque_009717,Dinamarca,1982,21941,154,51,8,Naviera_006364
9009718,Buque_009718,Mexico,2012,19120,382,46,14,Naviera_003759
9009719,Buque_009719,Singapur,2013,19603,333,26,19,Naviera_006187
9009720,Buque_009720,Japon,1994,10051,146,21,11,Naviera_002668
9009721,Buque_009721,Reino Unido,2020,21444,207,18,19,Naviera_000997
9009722,Buque_009722,Islas Marshall,2017,20284,293,10,19,Naviera_003116
9009723,Buque_009723,Noruega,2025,14703,182,50,11,Naviera_002213
9009724,Buque_009724,Ecuador,1996,2466,186,17,8,Naviera_001557
9009725,Buque_009725,Reino Unido,2021,21314,369,10,7,Naviera_003455
9009726,Buque_009726,Liberia,2006,15556,308,53,9,Naviera_000310
9009727,Buque_009727,Japon,2017,12131,251,21,19,Naviera_000601
9009728,Buque_009728,Malta,2015,1991,50,20,8,Naviera_000077
9009729,Buque_009729,Chile,1996,12136,154,22,8,Naviera_004591
9009730,Buque_009730,Bahamas,2024,20644,118,47,19,Naviera_009254
9009731,Buque_009731,Panama,2024,7053,307,23,6,Naviera_000576
9009732,Buque_009732,Chile,2006,14253,349,30,9,Naviera_004626
9009733,Buque_009733,Alemania,2007,13781,316,14,7,Naviera_005058
9009734,Buque_009734,Dinamarca,1992,11473,275,38,19,Naviera_009976
9009735,Buque_009735,Chile,2003,8989,241,38,8,Naviera_005053
9009736,Buque_009736,Chile,1982,6736,301,43,8,Naviera_003930
9009737,Buque_009737,Liberia,2006,5172,347,36,15,Naviera_004567
9009738,Buque_009738,Mexico,1997,8931,271,27,16,Naviera_004481
9009739,Buque_009739,Colombia,1981,7936,167,35,18,Naviera_007581
9009740,Buque_009740,Hong Kong,1994,8763,202,36,19,Naviera_004293
9009741,Buque_009741,Liberia,2024,23978,390,25,18,Naviera_007108
9009742,Buque_009742,Noruega,2023,10664,382,53,12,Naviera_005516
9009743,Buque_009743,Chile,1986,23792,375,34,10,Naviera_000317
9009744,Buque_009744,Liberia,2022,12291,102,16,5,Naviera_005508
9009745,Buque_009745,Noruega,2024,19974,68,48,14,Naviera_005788
9009746,Buque_009746,Brasil,2010,20242,294,52,10,Naviera_001175
9009747,Buque_009747,Japon,1989,2792,228,49,9,Naviera_001059
9009748,Buque_009748,Ecuador,2017,506,83,40,8,Naviera_002544
9009749,Buque_009749,Reino Unido,1980,8771,273,58,17,Naviera_006536
9009750,Buque_009750,Singapur,1991,11499,232,13,5,Naviera_005379
9009751,Buque_009751,Ecuador,2000,1495,309,42,16,Naviera_001525
9009752,Buque_009752,China,2001,742,196,19,15,Naviera_003344
9009753,Buque_009753,Peru,1988,17553,191,33,5,Naviera_002521
9009754,Buque_009754,Islas Marshall,2006,22379,105,49,19,Naviera_004773
9009755,Buque_009755,Espana,1993,15476,302,33,10,Naviera_002866
9009756,Buque_009756,Japon,2010,1312,351,56,12,Naviera_006568
9009757,Buque_009757,Brasil,2015,22057,352,50,10,Naviera_005426
9009758,Buque_009758,Mexico,1991,14096,362,12,16,Naviera_008235
9009759,Buque_009759,Panama,2010,3484,91,37,11,Naviera_007977
9009760,Buque_009760,Hong Kong,1982,11539,393,55,12,Naviera_001482
9009761,Buque_009761,Mexico,1982,11937,102,58,12,Naviera_005087
9009762,Buque_009762,Hong Kong,1989,9846,153,49,12,Naviera_006409
9009763,Buque_009763,Colombia,1988,8964,232,50,16,Naviera_006483
9009764,Buque_009764,Mexico,2000,14754,363,54,6,Naviera_001722
9009765,Buque_009765,Brasil,2020,17009,182,42,19,Naviera_005782
9009766,Buque_009766,China,2008,22962,377,31,15,Naviera_008884
9009767,Buque_009767,Estados Unidos,2004,17855,343,57,15,Naviera_006928
9009768,Buque_009768,Chile,2016,10268,228,16,13,Naviera_003528
9009769,Buque_009769,Espana,2015,16259,318,27,13,Naviera_008582
9009770,Buque_009770,Alemania,2020,20222,331,45,18,Naviera_004445
9009771,Buque_009771,Bahamas,1992,914,113,18,5,Naviera_001490
9009772,Buque_009772,Reino Unido,2013,20333,334,10,9,Naviera_000552
9009773,Buque_009773,Hong Kong,2004,22345,342,14,17,Naviera_004895
9009774,Buque_009774,Islas Marshall,1984,21875,283,27,9,Naviera_007970
9009775,Buque_009775,Alemania,2022,17849,272,50,18,Naviera_000414
9009776,Buque_009776,Estados Unidos,1982,8878,179,58,12,Naviera_002188
9009777,Buque_009777,Panama,2007,14534,356,41,8,Naviera_000124
9009778,Buque_009778,Grecia,2003,3456,333,27,14,Naviera_008751
9009779,Buque_009779,Estados Unidos,1983,10288,349,32,12,Naviera_001646
9009780,Buque_009780,Espana,2018,22616,347,47,9,Naviera_007319
9009781,Buque_009781,Islas Marshall,1982,1514,218,53,16,Naviera_008574
9009782,Buque_009782,Bahamas,2023,14144,136,59,13,Naviera_007429
9009783,Buque_009783,Liberia,2022,19014,123,32,10,Naviera_002368
9009784,Buque_009784,Japon,2003,8612,369,11,13,Naviera_008095
9009785,Buque_009785,Ecuador,2017,16734,164,15,10,Naviera_009814
9009786,Buque_009786,Reino Unido,1980,3014,142,44,5,Naviera_009364
9009787,Buque_009787,Reino Unido,2006,5697,170,39,9,Naviera_002801
9009788,Buque_009788,Noruega,2001,17246,112,53,7,Naviera_000073
9009789,Buque_009789,Malta,1999,829,215,27,9,Naviera_007556
9009790,Buque_009790,Islas Marshall,2018,12583,263,23,19,Naviera_003016
9009791,Buque_009791,Espana,2012,4354,144,26,12,Naviera_009676
9009792,Buque_009792,Singapur,2022,5064,204,10,5,Naviera_003258
9009793,Buque_009793,Bahamas,1992,17110,288,49,15,Naviera_005539
9009794,Buque_009794,Espana,1993,5689,289,40,18,Naviera_003187
9009795,Buque_009795,Hong Kong,2012,11761,58,21,9,Naviera_005515
9009796,Buque_009796,Brasil,2019,21059,96,34,15,Naviera_006870
9009797,Buque_009797,Japon,2002,8963,78,25,13,Naviera_008557
9009798,Buque_009798,Singapur,2017,8522,93,10,14,Naviera_007111
9009799,Buque_009799,Malta,2001,21885,239,18,7,Naviera_008531
9009800,Buque_009800,Ecuador,1989,1090,343,44,10,Naviera_002814
9009801,Buque_009801,Brasil,2012,13753,55,25,11,Naviera_003336
9009802,Buque_009802,Mexico,2013,10567,113,56,14,Naviera_001656
9009803,Buque_009803,Chile,2014,18169,286,48,18,Naviera_005841
9009804,Buque_009804,Japon,1987,1184,66,34,13,Naviera_002298
9009805,Buque_009805,Chile,1981,23341,381,14,6,Naviera_008276
9009806,Buque_009806,Estados Unidos,2011,16626,281,28,7,Naviera_000163
9009807,Buque_009807,Noruega,1987,6911,173,15,9,Naviera_005032
9009808,Buque_009808,Grecia,2003,15781,72,51,16,Naviera_007863
9009809,Buque_009809,Islas Marshall,2022,18798,56,25,9,Naviera_000101
9009810,Buque_009810,Espana,1990,16742,243,27,7,Naviera_002545
9009811,Buque_009811,Bahamas,2018,20354,272,59,11,Naviera_008102
9009812,Buque_009812,China,1987,2920,254,34,14,Naviera_006452
9009813,Buque_009813,Ecuador,2017,9858,149,30,16,Naviera_007972
9009814,Buque_009814,Dinamarca,1995,20578,357,17,16,Naviera_007687
9009815,Buque_009815,Bahamas,2005,4538,322,41,6,Naviera_003627
9009816,Buque_009816,Ecuador,1992,5396,303,15,8,Naviera_002081
9009817,Buque_009817,Reino Unido,2007,14084,260,43,18,Naviera_004603
9009818,Buque_009818,Estados Unidos,1983,12262,285,46,17,Naviera_004126
9009819,Buque_009819,Singapur,2007,6853,369,58,6,Naviera_003851
9009820,Buque_009820,Chile,1988,14944,290,54,7,Naviera_007345
9009821,Buque_009821,Liberia,1982,7260,201,38,13,Naviera_003547
9009822,Buque_009822,Ecuador,1982,16743,314,57,13,Naviera_009481
9009823,Buque_009823,Hong Kong,2023,13937,207,55,8,Naviera_000194
9009824,Buque_009824,Noruega,1995,10937,388,44,15,Naviera_007493
9009825,Buque_009825,Hong Kong,1989,13347,246,10,9,Naviera_002795
9009826,Buque_009826,Reino Unido,1997,6735,211,35,19,Naviera_009179
9009827,Buque_009827,Liberia,2014,14857,308,25,15,Naviera_003950
9009828,Buque_009828,Hong Kong,2007,4157,179,16,6,Naviera_007418
9009829,Buque_009829,Japon,2017,17756,349,21,12,Naviera_004714
9009830,Buque_009830,China,1997,20893,376,40,14,Naviera_006992
9009831,Buque_009831,Alemania,2004,9085,344,58,10,Naviera_005912
9009832,Buque_009832,Noruega,2012,23340,74,46,15,Naviera_005603
9009833,Buque_009833,Peru,1980,21558,378,42,13,Naviera_006457
9009834,Buque_009834,Liberia,1999,18554,367,46,8,Naviera_007699
9009835,Buque_009835,Colombia,2000,19709,185,31,12,Naviera_005952
9009836,Buque_009836,Estados Unidos,1990,5632,370,43,9,Naviera_004097
9009837,Buque_009837,Alemania,1997,10419,93,32,14,Naviera_008716
9009838,Buque_009838,Estados Unidos,2007,3503,166,41,12,Naviera_000144
9009839,Buque_009839,Colombia,2011,18917,339,36,6,Naviera_001763
9009840,Buque_009840,Bahamas,1999,8180,197,43,7,Naviera_000136
9009841,Buque_009841,Estados Unidos,2015,16120,172,53,8,Naviera_005558
9009842,Buque_009842,Liberia,2011,8565,286,41,18,Naviera_002070
9009843,Buque_009843,Peru,2024,2871,219,27,6,Naviera_001683
9009844,Buque_009844,Grecia,1987,14751,379,14,14,Naviera_004266
9009845,Buque_009845,Dinamarca,2022,6239,123,22,5,Naviera_003227
9009846,Buque_009846,Singapur,2018,15534,262,26,6,Naviera_000935
9009847,Buque_009847,Malta,1991,21235,232,56,14,Naviera_009760
9009848,Buque_009848,Ecuador,1983,23430,286,35,8,Naviera_002677
9009849,Buque_009849,Brasil,2023,4898,300,49,10,Naviera_008454
9009850,Buque_009850,Brasil,2000,21037,72,55,9,Naviera_006268
9009851,Buque_009851,Colombia,2014,5896,100,21,9,Naviera_002761
9009852,Buque_009852,Malta,1992,5844,216,45,13,Naviera_007103
9009853,Buque_009853,Japon,1993,9887,184,49,9,Naviera_002667
9009854,Buque_009854,Espana,1998,1990,334,38,13,Naviera_000086
9009855,Buque_009855,Grecia,1990,18274,320,34,12,Naviera_009298
9009856,Buque_009856,Dinamarca,1981,15503,254,52,8,Naviera_005880
9009857,Buque_009857,Dinamarca,1998,1625,244,48,10,Naviera_007593
9009858,Buque_009858,Chile,2018,22596,381,35,15,Naviera_005801
9009859,Buque_009859,Mexico,1998,21307,289,13,17,Naviera_007441
9009860,Buque_009860,Alemania,2008,9673,333,45,10,Naviera_002889
9009861,Buque_009861,Grecia,2014,4487,137,23,6,Naviera_008384
9009862,Buque_009862,Ecuador,1997,3694,177,15,5,Naviera_001862
9009863,Buque_009863,Liberia,2003,13089,315,22,14,Naviera_008930
9009864,Buque_009864,Islas Marshall,2023,5080,293,17,19,Naviera_006313
9009865,Buque_009865,Alemania,2017,15361,213,10,9,Naviera_004321
9009866,Buque_009866,Singapur,2023,10904,387,52,16,Naviera_001375
9009867,Buque_009867,Estados Unidos,1985,21565,81,29,9,Naviera_009076
9009868,Buque_009868,China,2025,4919,354,57,5,Naviera_006435
9009869,Buque_009869,Dinamarca,2022,16334,58,58,7,Naviera_000514
9009870,Buque_009870,Estados Unidos,1984,8783,362,49,7,Naviera_006964
9009871,Buque_009871,Malta,1983,19967,100,58,17,Naviera_004523
9009872,Buque_009872,Espana,2000,20530,63,51,19,Naviera_006453
9009873,Buque_009873,Estados Unidos,2000,21771,359,30,18,Naviera_005200
9009874,Buque_009874,Chile,1998,23260,345,15,9,Naviera_003725
9009875,Buque_009875,Dinamarca,2006,1555,296,34,9,Naviera_000247
9009876,Buque_009876,Ecuador,2025,11062,106,55,19,Naviera_006376
9009877,Buque_009877,Brasil,2023,8261,67,44,12,Naviera_001919
9009878,Buque_009878,Noruega,1983,11931,386,27,10,Naviera_001839
9009879,Buque_009879,Mexico,2001,22623,164,10,19,Naviera_003236
9009880,Buque_009880,Mexico,1989,5145,303,29,16,Naviera_004231
9009881,Buque_009881,Japon,1992,19767,395,15,10,Naviera_007207
9009882,Buque_009882,Panama,2005,11555,101,12,6,Naviera_003005
9009883,Buque_009883,Espana,1993,5760,104,59,5,Naviera_001784
9009884,Buque_009884,Noruega,1987,1517,341,58,18,Naviera_005472
9009885,Buque_009885,Espana,2024,21318,367,16,19,Naviera_001304
9009886,Buque_009886,Peru,1982,10928,223,13,7,Naviera_008497
9009887,Buque_009887,Alemania,2011,18431,215,51,11,Naviera_006172
9009888,Buque_009888,Alemania,2000,8352,249,11,15,Naviera_001918
9009889,Buque_009889,Reino Unido,2019,1473,394,37,16,Naviera_004612
9009890,Buque_009890,Noruega,1990,20979,236,11,15,Naviera_007098
9009891,Buque_009891,Hong Kong,2021,8173,82,12,17,Naviera_000006
9009892,Buque_009892,Ecuador,1996,20764,272,34,12,Naviera_005120
9009893,Buque_009893,Estados Unidos,1988,3367,229,32,9,Naviera_005161
9009894,Buque_009894,Ecuador,2013,16425,179,57,12,Naviera_002942
9009895,Buque_009895,Reino Unido,1987,19515,57,15,8,Naviera_004609
9009896,Buque_009896,Japon,1987,19469,305,28,8,Naviera_000462
9009897,Buque_009897,Liberia,1988,12498,265,54,13,Naviera_006690
9009898,Buque_009898,Mexico,2001,17572,286,55,6,Naviera_000589
9009899,Buque_009899,Panama,2022,22652,271,46,16,Naviera_008056
9009900,Buque_009900,Bahamas,1995,4840,364,18,18,Naviera_009124
9009901,Buque_009901,Colombia,2018,8137,383,46,12,Naviera_006272
9009902,Buque_009902,Grecia,2012,13180,358,28,18,Naviera_005542
9009903,Buque_009903,Estados Unidos,2022,16291,119,28,12,Naviera_003135
9009904,Buque_009904,Islas Marshall,1980,22275,280,37,11,Naviera_001381
9009905,Buque_009905,Liberia,1981,15181,219,20,5,Naviera_005995
9009906,Buque_009906,Colombia,1989,2701,85,39,7,Naviera_009947
9009907,Buque_009907,Espana,2025,9244,53,12,19,Naviera_006379
9009908,Buque_009908,Brasil,1994,16746,200,33,17,Naviera_004103
9009909,Buque_009909,Hong Kong,2019,23771,257,29,8,Naviera_003642
9009910,Buque_009910,Peru,2017,11622,336,54,19,Naviera_008854
9009911,Buque_009911,Noruega,2010,17300,318,25,8,Naviera_000434
9009912,Buque_009912,Singapur,1983,883,341,32,6,Naviera_005013
9009913,Buque_009913,Colombia,2012,22375,261,27,18,Naviera_003311
9009914,Buque_009914,Reino Unido,2009,4248,192,21,6,Naviera_004318
9009915,Buque_009915,Colombia,1984,1850,217,39,8,Naviera_001773
9009916,Buque_009916,Hong Kong,2019,15324,82,47,15,Naviera_005750
9009917,Buque_009917,Peru,1986,4948,232,20,17,Naviera_002005
9009918,Buque_009918,Estados Unidos,1989,18855,93,12,6,Naviera_004548
9009919,Buque_009919,Chile,2014,22548,120,31,13,Naviera_001367
9009920,Buque_009920,Grecia,1993,8114,94,22,8,Naviera_003178
9009921,Buque_009921,Ecuador,2021,14751,255,29,17,Naviera_008972
9009922,Buque_009922,Islas Marshall,2019,23688,88,12,13,Naviera_007427
9009923,Buque_009923,Alemania,1997,2084,251,18,18,Naviera_003907
9009924,Buque_009924,China,1988,8354,350,14,14,Naviera_007845
9009925,Buque_009925,Panama,1983,17243,61,56,12,Naviera_005062
9009926,Buque_009926,Alemania,1993,14393,244,42,6,Naviera_006894
9009927,Buque_009927,Islas Marshall,1997,19397,362,58,13,Naviera_000274
9009928,Buque_009928,Mexico,1984,23848,374,30,5,Naviera_001389
9009929,Buque_009929,Brasil,1987,23837,290,16,18,Naviera_004417
9009930,Buque_009930,Grecia,1985,15126,364,13,18,Naviera_001357
9009931,Buque_009931,Noruega,2021,22776,69,39,14,Naviera_008274
9009932,Buque_009932,Espana,2022,11789,256,15,18,Naviera_006258
9009933,Buque_009933,China,2023,17259,252,54,9,Naviera_008536
9009934,Buque_009934,Dinamarca,1986,6359,337,36,8,Naviera_003124
9009935,Buque_009935,Alemania,2015,9560,60,44,17,Naviera_003123
9009936,Buque_009936,Alemania,2014,20859,70,15,10,Naviera_002246
9009937,Buque_009937,Panama,1992,1715,151,33,6,Naviera_005636
9009938,Buque_009938,Dinamarca,2020,9902,179,14,8,Naviera_003214
9009939,Buque_009939,Espana,1993,5221,301,14,17,Naviera_004992
9009940,Buque_009940,Alemania,2000,12238,382,36,11,Naviera_003021
9009941,Buque_009941,Mexico,1997,22252,132,17,5,Naviera_001543
9009942,Buque_009942,Brasil,2012,13960,166,30,11,Naviera_005233
9009943,Buque_009943,Grecia,2004,19567,146,38,18,Naviera_007278
9009944,Buque_009944,Panama,1991,8747,200,52,19,Naviera_009856
9009945,Buque_009945,Noruega,1984,7638,117,25,19,Naviera_003838
9009946,Buque_009946,Liberia,2011,18987,246,48,7,Naviera_005055
9009947,Buque_009947,Bahamas,2009,7578,288,34,16,Naviera_000824
9009948,Buque_009948,Reino Unido,2018,6999,391,12,8,Naviera_002684
9009949,Buque_009949,Islas Marshall,1995,18025,288,39,10,Naviera_000573
9009950,Buque_009950,Espana,2025,19519,129,35,14,Naviera_001187
9009951,Buque_009951,Grecia,1985,11450,226,28,11,Naviera_000734
9009952,Buque_009952,Dinamarca,2018,18632,255,21,18,Naviera_001368
9009953,Buque_009953,Espana,1995,14071,105,21,15,Naviera_004202
9009954,Buque_009954,Espana,2007,7692,328,27,7,Naviera_008999
9009955,Buque_009955,Estados Unidos,1982,9942,143,32,5,Naviera_003243
9009956,Buque_009956,Panama,1981,21633,320,37,10,Naviera_006387
9009957,Buque_009957,Bahamas,2019,1783,386,57,11,Naviera_007209
9009958,Buque_009958,Dinamarca,1998,18618,344,10,9,Naviera_008973
9009959,Buque_009959,Japon,1989,9057,212,13,11,Naviera_008212
9009960,Buque_009960,Colombia,1983,3362,71,34,13,Naviera_008676
9009961,Buque_009961,Liberia,2014,20128,236,45,13,Naviera_009078
9009962,Buque_009962,Grecia,2005,6057,340,50,14,Naviera_003635
9009963,Buque_009963,Liberia,1981,2270,63,54,19,Naviera_003844
9009964,Buque_009964,Brasil,1991,14093,69,58,19,Naviera_002267
9009965,Buque_009965,Mexico,2010,21414,150,29,16,Naviera_005967
9009966,Buque_009966,Dinamarca,2022,11419,121,38,8,Naviera_002151
9009967,Buque_009967,Malta,2018,6751,252,36,7,Naviera_009838
9009968,Buque_009968,Ecuador,1993,2810,375,17,15,Naviera_007811
9009969,Buque_009969,Ecuador,2019,3148,135,10,13,Naviera_001283
9009970,Buque_009970,Islas Marshall,1999,10168,282,10,6,Naviera_007859
9009971,Buque_009971,Espana,1980,21022,295,56,10,Naviera_005394
9009972,Buque_009972,Dinamarca,1995,19109,179,46,9,Naviera_009717
9009973,Buque_009973,China,1983,7936,177,15,19,Naviera_004850
9009974,Buque_009974,Estados Unidos,2005,12398,103,49,7,Naviera_008505
9009975,Buque_009975,Islas Marshall,2003,22718,322,27,19,Naviera_006243
9009976,Buque_009976,Peru,1991,15924,338,47,19,Naviera_001050
9009977,Buque_009977,Mexico,2009,15998,250,53,8,Naviera_001282
9009978,Buque_009978,Islas Marshall,2007,16506,175,27,6,Naviera_001494
9009979,Buque_009979,Reino Unido,2018,21451,282,46,16,Naviera_008556
9009980,Buque_009980,Grecia,1982,2230,154,37,8,Naviera_001752
9009981,Buque_009981,Ecuador,2008,23154,74,45,6,Naviera_007165
9009982,Buque_009982,Peru,2011,6522,324,28,10,Naviera_009081
9009983,Buque_009983,Bahamas,2015,23214,200,56,13,Naviera_006859
9009984,Buque_009984,Dinamarca,1990,12694,188,38,18,Naviera_007555
9009985,Buque_009985,China,2014,21983,267,34,5,Naviera_004737
9009986,Buque_009986,Brasil,1994,593,122,21,18,Naviera_003436
9009987,Buque_009987,Hong Kong,2020,22478,101,32,9,Naviera_006533
9009988,Buque_009988,China,1980,9003,302,10,8,Naviera_008646
9009989,Buque_009989,Dinamarca,2005,1886,337,48,5,Naviera_003377
9009990,Buque_009990,Alemania,1991,20550,70,48,13,Naviera_005810
9009991,Buque_009991,Dinamarca,1995,17842,95,42,7,Naviera_003985
9009992,Buque_009992,Panama,2002,10925,157,51,7,Naviera_005598
9009993,Buque_009993,Japon,1990,8554,213,57,17,Naviera_001234
9009994,Buque_009994,Mexico,1992,23370,172,14,5,Naviera_008353
9009995,Buque_009995,Islas Marshall,2000,22455,104,55,8,Naviera_000844
9009996,Buque_009996,Estados Unidos,1992,5374,299,20,13,Naviera_004478
9009997,Buque_009997,Panama,1997,23096,274,34,9,Naviera_000152
9009998,Buque_009998,Panama,2008,11282,185,26,9,Naviera_004896
9009999,Buque_009999,Mexico,1989,12934,326,38,19,Naviera_001746
